Longitude,Latitude,Address
-85.26793815,35.04799792, 910 N  ORCHARD KNOB AVE
-85.25125572,35.07067855, 2815 DODSON AVE
-85.24715797,35.06701223, 2611 ANDREWS ST
-85.26872054,35.08345751, 2847 RIVERPORT RD
-85.26838177,35.08352215, 2847 RIVERPORT RD
-85.26873877,35.08323502, 2847 RIVERPORT RD
-85.26839318,35.0832355, 2847 RIVERPORT RD
-85.26782903,35.08358309, 2847 RIVERPORT RD
-85.2674915,35.08344149, 2847 RIVERPORT RD
-85.26798937,35.08340873, 2847 RIVERPORT RD
-85.26772348,35.08322726, 2847 RIVERPORT RD
-85.26772807,35.08341754, 2847 RIVERPORT RD
-85.25357037,35.07110592, 2851 ORTON ST
-85.23564843,35.08214895, 3964 GRACE AVE
-85.25328095,35.06325667, 2206 TAYLOR ST
-85.27251116,35.0542763, 1271 N  HOLTZCLAW AVE
-85.27240632,35.05432581, 1271 N  HOLTZCLAW AVE
-85.27215598,35.05444076, 1271 N  HOLTZCLAW AVE
-85.27191855,35.0545762, 1271 N  HOLTZCLAW AVE
-85.27169276,35.05465498, 1271 N  HOLTZCLAW AVE
-85.27154515,35.05473452, 1271 N  HOLTZCLAW AVE
-85.25236897,35.06601941, 2209 DAISY ST
-85.25491356,35.05394257, 1700 N  CHAMBERLAIN AVE
-85.21656537,35.08572429, 3204 HARRISON PIKE
-85.21656537,35.08572429, 3204 HARRISON PIKE
-85.21656537,35.08572429, 3204 HARRISON PIKE
-85.21948845,35.07436075, 3637 FAITH RD
-85.24524219,35.06864073, 2812 NOA ST
-85.2666276,35.04964325, 1900 PORTLAND ST
-85.25831068,35.06051159, 2015 CURTIS ST
-85.2631032,35.05073415, 2103 LAURA ST
-85.2555035,35.07592775, 3111 N  HICKORY ST
-85.26766673,35.08357095, 2847 RIVERPORT RD
-85.26744186,35.08315505, 2847 RIVERPORT RD
-85.26020497,35.04646512, 916 WHEELER AVE
-85.23391368,35.05170039, 1909 PARKWAY DR
-85.24298269,35.08221971, 3735 GRACE AVE
-85.22718865,35.05730209, 2430 LEANN CIR
-85.25016666,35.07293648, 2118 WILDER ST
-85.20521004,35.0742, 3915 LIGHTFOOT MILL RD
-85.27048544,35.07101265, 782 RIVER TERMINAL RD
-85.25273098,35.06677678, 2508 DODSON AVE
-85.23356567,35.06971343, 2908 NEW JERSEY AVE
-85.2743878,35.07175578, 402 RIVER TERMINAL RD
-85.26755363,35.05074727, 1094 N  HAWTHORNE ST
-85.24666795,35.06521915, 2405 HARLEY ST
-85.24595632,35.07501899, 2337 ALLIN ST
-85.24586809,35.07514271, 2331 ALLIN ST
-85.2460224,35.07519539, 2331 ALLIN ST
-85.23489244,35.0914269, 4308 WALNUT ST
-85.25155072,35.08475375, 4000 N  HAWTHORNE ST
-85.25211816,35.08550878, 4000 N  HAWTHORNE ST
-85.25112916,35.08573504, 4000 N  HAWTHORNE ST
-85.25095347,35.08500753, 4000 N  HAWTHORNE ST
-85.25083073,35.08529187, 4000 N  HAWTHORNE ST
-85.25067946,35.08554099, 4000 N  HAWTHORNE ST
-85.25075307,35.08572993, 4000 N  HAWTHORNE ST
-85.25030083,35.08541339, 4000 N  HAWTHORNE ST
-85.24969645,35.08590265, 4000 N  HAWTHORNE ST
-85.24915988,35.08563705, 4000 N  HAWTHORNE ST
-85.24883608,35.08552771, 4000 N  HAWTHORNE ST
-85.24942538,35.08618583, 4000 N  HAWTHORNE ST
-85.24897425,35.08610468, 4000 N  HAWTHORNE ST
-85.24852272,35.08592059, 4000 N  HAWTHORNE ST
-85.24814642,35.08566819, 4000 N  HAWTHORNE ST
-85.24793818,35.08610167, 4000 N  HAWTHORNE ST
-85.24770057,35.08618464, 4000 N  HAWTHORNE ST
-85.2478511,35.086345, 4000 N  HAWTHORNE ST
-85.24817434,35.08649794, 4000 N  HAWTHORNE ST
-85.24824728,35.08640602, 4000 N  HAWTHORNE ST
-85.24873864,35.08660332, 4000 N  HAWTHORNE ST
-85.24888564,35.08633228, 4000 N  HAWTHORNE ST
-85.2497008,35.08653992, 4000 N  HAWTHORNE ST
-85.2506534,35.08657613, 4000 N  HAWTHORNE ST
-85.25094858,35.08624384, 4000 N  HAWTHORNE ST
-85.25077647,35.08724518, 4000 N  HAWTHORNE ST
-85.2755324,35.08101166, 2693 RIVERPORT RD
-85.23318047,35.09086411, 4308 PINE ST
-85.23325579,35.09069526, 4306 PINE ST
-85.23332949,35.09049845, 4304 PINE ST
-85.24944953,35.08025242, 3500 N  HAWTHORNE ST
-85.2610189,35.05605489, 1626 BRADT ST
-85.26110097,35.05608377, 1630 BRADT ST
-85.26118401,35.05610893, 1634 BRADT ST
-85.2276222,35.05253402, 3706 HEMINGWAY DR
-85.22887499,35.05880429, 2404 NIMITZ ST
-85.24717035,35.07505271, 3303 TAYLOR ST
-85.22958638,35.07286515, 3686 SALUDA ST
-85.23479185,35.09104975, 2503 MAPLE ST
-85.23403296,35.09078426, 2515 MAPLE ST
-85.23433844,35.09089139, 2509 MAPLE ST
-85.23218416,35.07624391, 2927 FORGOTTEN TRL
-85.23196924,35.07619126, 2933 FORGOTTEN TRL
-85.23157208,35.07582984, 3763 BONNY OAKS DR
-85.25799067,35.05829917, 1925 DODSON AVE
-85.25783948,35.05910628, 1951 DODSON AVE
-85.24580678,35.06669419, 2651 GLASS ST
-85.26094376,35.05601358, 1622 BRADT ST
-85.24806854,35.08577567, 4000 N  HAWTHORNE ST
-85.22700952,35.06070134, 2520 DOOLITTLE ST
-85.24218509,35.05647645, 2014 EMMA KATE DR
-85.24410728,35.05800738, 3011 DEE DR
-85.24283097,35.05604059, 2007 EMMA KATE DR
-85.24226829,35.05731306, 2033 EMMA KATE DR
-85.24201562,35.05673294, 2018 EMMA KATE DR
-85.24348009,35.05781977, 3004 DEE DR
-85.24248945,35.05557118, 2002 EMMA KATE DR
-85.2425311,35.05711916, 2027 EMMA KATE DR
-85.24377607,35.05815352, 3005 DEE DR
-85.24273498,35.05631603, 2013 EMMA KATE DR
-85.242657,35.05654801, 2017 EMMA KATE DR
-85.24428197,35.05794953, 2915 JUDY ANN DR
-85.24197928,35.05530268, 3109 DEE DR
-85.24254422,35.05690464, 2023 EMMA KATE DR
-85.24269671,35.05507299, 3104 DEE DR
-85.24403383,35.05673701, 3023 DEE DR
-85.24370252,35.0573226, 3012 DEE DR
-85.25597531,35.03772579, 502 LATIMORE ST
-85.2445576,35.05783167, 2911 JUDY ANN DR
-85.24244654,35.0549792, 3108 DEE DR
-85.24128041,35.05506999, 3119 DEE DR
-85.24221366,35.05639936, 2012 EMMA KATE DR
-85.24462988,35.0577698, 2909 JUDY ANN DR
-85.25586415,35.03789602, 510 LATIMORE ST
-85.25591044,35.03781766, 506 LATIMORE ST
-85.24477199,35.05768984, 2907 JUDY ANN DR
-85.24368402,35.05770146, 3006 DEE DR
-85.24194467,35.05469541, 3116 DEE DR
-85.24435425,35.05788766, 2913 JUDY ANN DR
-85.24262006,35.05668276, 2019 EMMA KATE DR
-85.25613443,35.03844505, 523 LATIMORE ST
-85.24237246,35.05734838, 2031 EMMA KATE DR
-85.24261401,35.05505442, 3106 DEE DR
-85.24236767,35.05593672, 2004 EMMA KATE DR
-85.2437566,35.05537235, 3051 DEE DR
-85.24225641,35.05534773, 3105 DEE DR
-85.24872401,35.0774423, 2100 SIMS ST
-85.24328522,35.05521503, 3057 DEE DR
-85.24226039,35.05624226, 2010 EMMA KATE DR
-85.25639799,35.03801819, 505 LATIMORE ST
-85.24228896,35.05616517, 2008 EMMA KATE DR
-85.25567078,35.03819297, 522 LATIMORE ST
-85.24505634,35.05751645, 2901 JUDY ANN DR
-85.24409171,35.05550476, 3045 DEE DR
-85.25631119,35.0381853, 511 LATIMORE ST
-85.24117773,35.0550477, 3121 DEE DR
-85.24164474,35.05470953, 3120 DEE DR
-85.2443596,35.05578906, 3039 DEE DR
-85.24405639,35.05667101, 3025 DEE DR
-85.24210327,35.05666481, 2016 EMMA KATE DR
-85.24354162,35.05824805, 3001 DEE DR
-85.24223873,35.05478747, 3112 DEE DR
-85.24433704,35.05585506, 3037 DEE DR
-85.24288029,35.05589581, 2005 EMMA KATE DR
-85.25593565,35.03778134, 504 LATIMORE ST
-85.24153814,35.05514247, 3115 DEE DR
-85.25620788,35.03832283, 517 LATIMORE ST
-85.25618157,35.03836878, 519 LATIMORE ST
-85.25807872,35.05453713, 2302 OCOEE ST
-85.24362192,35.05820644, 3003 DEE DR
-85.24234865,35.05536996, 3103 DEE DR
-85.2415894,35.05463302, 3122 DEE DR
-85.2503841,35.06936258, 2801 TAYLOR ST
-85.26204131,35.07829566, 1295 STUART ST
-85.25564313,35.03823593, 524 LATIMORE ST
-85.24431287,35.05609341, 3033 DEE DR
-85.24413264,35.05711644, 3021 DEE DR
-85.24268557,35.05647092, 2015 EMMA KATE DR
-85.25583242,35.0379409, 512 LATIMORE ST
-85.25068862,35.0695636, 2219 BACHMAN ST
-85.2502381,35.06959854, 2805 TAYLOR ST
-85.23513984,35.08907512, 2512 N  WILDER ST
-85.2436372,35.0570796, 3016 DEE DR
-85.24373587,35.05763441, 3008 DEE DR
-85.24433542,35.05602741, 3035 DEE DR
-85.25571659,35.03811371, 518 LATIMORE ST
-85.24358912,35.05529713, 3053 DEE DR
-85.24426505,35.05625345, 3031 DEE DR
-85.25588634,35.03785561, 508 LATIMORE ST
-85.24995873,35.07011178, 2813 TAYLOR ST
-85.25574308,35.03807499, 516 LATIMORE ST
-85.24421743,35.05743165, 3015 DEE DR
-85.24185412,35.05473492, 3118 DEE DR
-85.2501639,35.06973546, 2807 TAYLOR ST
-85.24146144,35.05450393, 3124 DEE DR
-85.24384402,35.05540698, 3049 DEE DR
-85.25046101,35.07034466, 2208 CUSHMAN ST
-85.2488829,35.07244078, 2210 WILDER ST
-85.23606044,35.0782147, 2803 RIDGECREST DR
-85.24294199,35.07209195, 3126 NOA ST
-85.25236152,35.07171359, 2909 CURTIS ST
-85.21186108,35.0722412, 3828 DEERFOOT DR
-85.23380607,35.08975429, 4208 PINE ST
-85.22319611,35.07986019, 4121 BONNY OAKS DR
-85.23990431,35.07880351, 2506 RIDGECREST DR
-85.22561183,35.07927546, 4034 BONNY OAKS DR
-85.22511034,35.07777484, 3905 BRYANT ST
-85.2352962,35.09156416, 4307 WALNUT ST
-85.21093735,35.07397128, 4303 BUTTERFLY DR
-85.22275154,35.07924858, 4136 BONNY OAKS DR
-85.23724973,35.07778669, 2703 RIDGECREST DR
-85.25748256,35.07751531, 3201 RIVERSIDE DR
-85.22471549,35.07738364, 3904 BRYANT ST
-85.2347006,35.07892654, 2815 RIDGECREST DR
-85.23367392,35.09089998, 4305 PINE ST
-85.26053218,35.08154811, 1101 WISDOM ST
-85.22908741,35.07561428, 3820 WAUCHULA ST
-85.23415292,35.09005434, 2518 MAPLE ST
-85.24015402,35.07792547, 3515 E  CREST DR
-85.23351682,35.0912206, 4309 PINE ST
-85.24521565,35.07770912, 3516 TAYLOR ST
-85.24344526,35.08012517, 3700 TAYLOR ST
-85.25748255,35.07845451, 1402 WISDOM ST
-85.22457246,35.08196164, 3205 GRANADA ST
-85.25715543,35.07789694, 3207 RIVERSIDE DR
-85.22428753,35.08112259, 4057 GLENCOE ST
-85.22011454,35.07965874, 4228 BONNY OAKS DR
-85.21719404,35.08086647, 4251 BONNY OAKS DR
-85.22500466,35.07800672, 3919 BRYANT ST
-85.23495748,35.07880026, 2813 RIDGECREST DR
-85.2395433,35.07802675, 3521 E  CREST DR
-85.22592309,35.08190525, 3110 GRANADA ST
-85.22919448,35.0783641, 3903 BONNY OAKS DR
-85.25612953,35.07789793, 1504 WISDOM ST
-85.26769294,35.06887169, 1008 CRUTCHFIELD ST
-85.23233152,35.07140055, 3601 WAUCHULA ST
-85.22371588,35.08174196, 3213 GRANADA ST
-85.23598487,35.07781012, 2804 RIDGECREST DR
-85.24920777,35.07572048, 2105 WISDOM ST
-85.22792705,35.07631251, 3835 WAUCHULA ST
-85.24579809,35.06898743, 2813 NOA ST
-85.25249858,35.07426339, 1911 WILDER ST
-85.23260866,35.09195985, 4404 PINE ST
-85.22718918,35.07994204, 4005 HOMER ST
-85.22885018,35.07891256, 3921 BONNY OAKS DR
-85.22582632,35.08076685, 4044 HOMER ST
-85.25258543,35.07128917, 2817 CURTIS ST
-85.25338506,35.07149311, 2006 CUSHMAN ST
-85.25189114,35.06732726, 2209 APPLING ST
-85.23098589,35.06707844, 3051 TOWERWAY DR
-85.24724723,35.07491339, 3301 TAYLOR ST
-85.25316347,35.06861567, 2104 FAIRLEIGH ST
-85.24915688,35.06783064, 2401 FAIRLEIGH ST
-85.23852148,35.07362138, 3415 CAMPBELL ST
-85.23362165,35.09163747, 2512 CEDAR ST
-85.23372446,35.08991318, 4210 PINE ST
-85.25298137,35.07138874, 2012 CUSHMAN ST
-85.24633394,35.07189763, 2409 WILDER ST
-85.23563556,35.07842942, 2807 RIDGECREST DR
-85.24029745,35.0728634, 3310 CAMPBELL ST
-85.22633692,35.0808657, 4037 HOMER ST
-85.243992,35.07863688, 2331 RIDGECREST DR
-85.26136276,35.07341287, 2826 BENTON AVE
-85.23427478,35.06635618, 3022 TOWERWAY DR
-85.22802079,35.07724973, 3854 BONNY OAKS DR
-85.26007038,35.07897428, 1200 WISDOM ST
-85.23305591,35.07168023, 3610 SAPULPA ST
-85.2524408,35.07159035, 2907 CURTIS ST
-85.24539153,35.07746221, 3512 TAYLOR ST
-85.24546757,35.07734753, 3510 TAYLOR ST
-85.23742691,35.07738616, 2701 FAIRVIEW DR
-85.20874712,35.07358038, 3820 PEACH ST
-85.24521805,35.07142251, 2505 WILDER ST
-85.26040117,35.0720501, 2707 RIVERSIDE DR
-85.23040933,35.07337203, 3704 WAUCHULA ST
-85.25163605,35.06688966, 2517 TAYLOR ST
-85.26706962,35.07317342, 915 APPLING ST
-85.2555444,35.07439321, 3008 N  HICKORY ST
-85.24330181,35.06996943, 3004 CAMPBELL ST
-85.20997883,35.07045686, 3812 DEERFOOT DR
-85.25730331,35.07840606, 1404 WISDOM ST
-85.22900155,35.07856789, 3909 BONNY OAKS DR
-85.22632775,35.0785347, 3116 DWIGHT ST
-85.23481178,35.07479875, 3500 PARKWAY DR
-85.24856092,35.07145062, 2303 STUART ST
-85.26764552,35.07212608, 2474 CLAY ST
-85.24175383,35.07940005, 2420 RIDGECREST DR
-85.25300396,35.0809513, 3401 N  HAWTHORNE ST
-85.23156201,35.07178955, 3612 WAUCHULA ST
-85.24722607,35.07227778, 2313 WILDER ST
-85.25154204,35.07211294, 2102 STUART ST
-85.2453431,35.0785207, 3525 TAYLOR ST
-85.23356632,35.09012316, 4212 PINE ST
-85.23452727,35.07855394, 2812 RIDGECREST DR
-85.20981054,35.0739767, 4312 TEE PEE DR
-85.21182068,35.07363505, 3838 DEERFOOT DR
-85.22845946,35.07467892, 3812 SALUDA ST
-85.22585006,35.07850819, 3118 DWIGHT ST
-85.23463934,35.09191359, 2500 CEDAR ST
-85.2322302,35.07319738, 3644 SAPULPA ST
-85.25182823,35.07261573, 2017 STUART ST
-85.24709089,35.07309869, 2306 ELMENDORF ST
-85.25655407,35.07371457, 2985 N  HICKORY ST
-85.25279994,35.07101572, 2813 CURTIS ST
-85.22922225,35.07535722, 3816 WAUCHULA ST
-85.24620113,35.07591123, 3400 TAYLOR ST
-85.25203593,35.06642791, 2509 TAYLOR ST
-85.26877515,35.06740043, 2125 ELENA DR
-85.23541163,35.07856151, 2809 RIDGECREST DR
-85.23365112,35.07164899, 3609 SAPULPA ST
-85.23448003,35.08939414, 2515 N  WILDER ST
-85.25251017,35.07146204, 2901 CURTIS ST
-85.22402818,35.0807764, 4054 GLENCOE ST
-85.25473218,35.07609287, 3114 N  HICKORY ST
-85.2514916,35.07249124, 2101 STUART ST
-85.24527484,35.07826038, 3523 TAYLOR ST
-85.25191585,35.07154224, 2906 CURTIS ST
-85.25480018,35.0759787, 3112 N  HICKORY ST
-85.26168091,35.07387798, 1300 CUSHMAN ST
-85.25670544,35.07603936, 1507 WILDER ST
-85.25861438,35.07393678, 2900 RIVERSIDE DR
-85.22367884,35.08104898, 4062 GLENCOE ST
-85.23385348,35.07942798, 2821 RIDGECREST DR
-85.25765134,35.07852557, 1400 WISDOM ST
-85.25140246,35.0665179, 2512 TAYLOR ST
-85.24559633,35.07794431, 3517 TAYLOR ST
-85.22522489,35.07756243, 3903 BRYANT ST
-85.23557087,35.07748496, 3618 PARKWAY DR
-85.23646086,35.07799715, 2709 RIDGECREST DR
-85.22852182,35.07839615, 3912 BONNY OAKS DR
-85.23203997,35.0719531, 3605 WAUCHULA ST
-85.21104569,35.07499062, 4301 TEE PEE DR
-85.22259505,35.07985687, 4139 BONNY OAKS DR
-85.22517731,35.08029448, 4047 GLENCOE ST
-85.23484022,35.07792933, 3621 PARKWAY DR
-85.24735663,35.07320967, 2304 ELMENDORF ST
-85.23220629,35.07173622, 3603 WAUCHULA ST
-85.24674249,35.07073517, 2411 STUART ST
-85.23077953,35.07304299, 3654 WAUCHULA ST
-85.24554841,35.07723136, 3508 TAYLOR ST
-85.24634021,35.07565704, 3318 TAYLOR ST
-85.24752663,35.07435173, 2215 SEARLE ST
-85.22945663,35.0732606, 3714 SALUDA ST
-85.25515198,35.07807678, 1601 WISDOM ST
-85.23721986,35.07657831, 3611 MOUNTAIN VIEW DR
-85.26030347,35.07215515, 2709 RIVERSIDE DR
-85.21067029,35.07295357, 4305 THUNDERBIRD DR
-85.2293369,35.07811621, 3889 BONNY OAKS DR
-85.25524893,35.07526314, 1705 WILDER ST
-85.25112021,35.07304227, 3010 CURTIS ST
-85.25845772,35.07887212, 1302 WISDOM ST
-85.22612665,35.08103621, 4049 HOMER ST
-85.24035516,35.07545421, 3421 VINEWOOD DR
-85.26824713,35.06644783, 2105 DELANO DR
-85.21634536,35.08421343, 4216 BENTON DR
-85.2362752,35.09009625, 4201 WALNUT ST
-85.24373801,35.07131065, 3108 NOA ST
-85.24585174,35.0662214, 2660 GLASS ST
-85.23615803,35.07649836, 3608 PARKWAY DR
-85.23495,35.07525957, 2812 FAIRVIEW DR
-85.24877606,35.0765124, 2108 ALLIN ST
-85.23594936,35.07631066, 3606 PARKWAY DR
-85.24439061,35.06848989, 2615 FROST ST
-85.22946193,35.07418027, 3733 SALUDA ST
-85.2270193,35.07597746, 3843 WAUCHULA ST
-85.24036458,35.07529168, 3419 VINEWOOD DR
-85.21144261,35.07454294, 4302 TEE PEE DR
-85.2219317,35.07940485, 4154 BONNY OAKS DR
-85.21202257,35.08074216, 4280 BONNY OAKS DR
-85.24670378,35.07162876, 2406 WILDER ST
-85.22724977,35.08113509, 4038 LOFTIS ST
-85.23922167,35.07894213, 2513 RIDGECREST DR
-85.26599929,35.07206278, 1010 APPLING ST
-85.21156276,35.08085612, 4288 BONNY OAKS DR
-85.23291613,35.07300814, 3631 SAPULPA ST
-85.26745227,35.06707915, 2115 DELANO DR
-85.24677607,35.07577759, 3315 TAYLOR ST
-85.23463813,35.08385558, 2601 BOYCE ST
-85.2396906,35.07737625, 3508 E  CREST DR
-85.23957462,35.07753227, 3510 E  CREST DR
-85.22224309,35.07988063, 4147 BONNY OAKS DR
-85.23188374,35.07222308, 3619 WAUCHULA ST
-85.26646437,35.0721785, 1002 APPLING ST
-85.24999084,35.08436318, 3900 N  HAWTHORNE ST
-85.25047082,35.07438167, 2100 ELMENDORF ST
-85.25763497,35.077019, 3111 RIVERSIDE DR
-85.25037031,35.07535197, 3209 CURTIS ST
-85.23075555,35.06672482, 3052 TOWERWAY DR
-85.25244887,35.07288591, 2005 STUART ST
-85.22820589,35.08110468, 4021 LOFTIS ST
-85.2303231,35.07193962, 3626 SALUDA ST
-85.24852651,35.07177969, 3004 TAYLOR ST
-85.22487707,35.08152793, 4074 HOMER ST
-85.23272636,35.08304304, 2632 BOYCE ST
-85.22549639,35.08220946, 3109 GRANADA ST
-85.24603418,35.07622373, 3408 TAYLOR ST
-85.21180173,35.0719367, 3826 DEERFOOT DR
-85.24931052,35.07172617, 2213 STUART ST
-85.24541727,35.07815411, 3521 TAYLOR ST
-85.26922652,35.06658187, 2111 ELENA DR
-85.20963955,35.07210366, 4314 THUNDERBIRD DR
-85.21192792,35.08148067, 4285 BONNY OAKS DR
-85.25275997,35.07867284, 3325 N  HAWTHORNE ST
-85.2282573,35.07598215, 3834 WAUCHULA ST
-85.24310257,35.06878519, 2600 CAMPBELL ST
-85.24841612,35.071395, 2305 STUART ST
-85.26305685,35.08033337, 910 WISDOM ST
-85.2255985,35.07840913, 3126 DWIGHT ST
-85.23322929,35.07408305, 3002 TUGALOO ST
-85.22634312,35.05285944, 3729 HEMINGWAY DR
-85.26388095,35.05553939, 1900 CAMDEN ST
-85.25222256,35.06470654, 2309 GLASS ST
-85.2431922,35.07943108, 3534 TAYLOR ST
-85.23270749,35.07356794, 3008 TUGALOO ST
-85.23156441,35.06669035, 3046 TOWERWAY DR
-85.25015483,35.07480994, 3202 CURTIS ST
-85.25176281,35.07285086, 3003 CURTIS ST
-85.25223027,35.07201585, 2913 CURTIS ST
-85.21151856,35.07155479, 3824 DEERFOOT DR
-85.25281221,35.07823414, 3315 N  HAWTHORNE ST
-85.24495094,35.06817245, 2603 FROST ST
-85.22353327,35.07983401, 4115 BONNY OAKS DR
-85.25195091,35.07265642, 2015 STUART ST
-85.22882923,35.06704611, 3065 TOWERWAY DR
-85.24658962,35.06755226, 2715 NOA ST
-85.21138328,35.07315033, 4301 THUNDERBIRD DR
-85.22390043,35.0799511, 4105 BONNY OAKS DR
-85.21605694,35.08186519, 4029 S  ACCESS RD
-85.24568728,35.07671825, 3500 TAYLOR ST
-85.25669137,35.07755478, 3204 RIVERSIDE DR
-85.24566317,35.06672799, 2655 GLASS ST
-85.22402219,35.08181476, 3209 GRANADA ST
-85.23520939,35.07865715, 2811 RIDGECREST DR
-85.23951679,35.07913908, 2511 RIDGECREST DR
-85.24575037,35.0777177, 3515 TAYLOR ST
-85.22428284,35.07810093, 3920 BRYANT ST
-85.20773779,35.07537291, 3912 PEACH ST
-85.26265532,35.06945865, 2405 RIVERSIDE DR
-85.25407132,35.06677662, 2107 DAISY ST
-85.246781,35.06637241, 2627 GLASS ST
-85.2617108,35.0558392, 1607 BRADT ST
-85.26592637,35.0700587, 1211 LATTA ST
-85.23125899,35.06705586, 3049 TOWERWAY DR
-85.24638227,35.07472644, 2349 ALLIN ST
-85.24826331,35.07321268, 3107 TAYLOR ST
-85.25294412,35.07224732, 2000 STUART ST
-85.2258977,35.08122035, 4051 HOMER ST
-85.25732652,35.07763513, 3203 RIVERSIDE DR
-85.23822543,35.0730958, 3410 CAMPBELL ST
-85.2594914,35.0736701, 2815 RIVERSIDE DR
-85.23508452,35.09118285, 2501 MAPLE ST
-85.21080605,35.07252623, 4306 THUNDERBIRD DR
-85.25141394,35.07344744, 3015 CURTIS ST
-85.20950906,35.07295349, 4314 BUTTERFLY DR
-85.25355887,35.0684919, 2610 CURTIS ST
-85.24446932,35.06835297, 2613 FROST ST
-85.23205419,35.07347317, 3652 SAPULPA ST
-85.21189047,35.07256255, 3830 DEERFOOT DR
-85.25185092,35.0716708, 2908 CURTIS ST
-85.20854034,35.07055743, 3803 DEERFOOT DR
-85.25625308,35.07849423, 1501 WISDOM ST
-85.24787849,35.072891, 3104 TAYLOR ST
-85.24727428,35.07184581, 2314 WILDER ST
-85.26531828,35.0735125, 1007 FAIRLEIGH ST
-85.23973086,35.07600118, 3428 VINEWOOD DR
-85.22987503,35.07533026, 3811 WAUCHULA ST
-85.25332258,35.06165406, 2113 DAVENPORT ST
-85.23556523,35.07357539, 3512 BONNY OAKS DR
-85.24872161,35.07145599, 2301 STUART ST
-85.22489776,35.078224, 3925 BRYANT ST
-85.23677864,35.077841, 2707 RIDGECREST DR
-85.23876494,35.07794387, 2600 RIDGECREST DR
-85.22614948,35.08040907, 4034 HOMER ST
-85.2108643,35.07156331, 3821 DEERFOOT DR
-85.25028092,35.06632801, 2316 APPLING ST
-85.24081927,35.07167965, 2706 GROVE ST
-85.26620184,35.06754034, 2124 DELANO DR
-85.24974067,35.07540791, 3212 CURTIS ST
-85.24704045,35.07582786, 2214 ALLIN ST
-85.22990141,35.04803257, 1715 LA HUGH DR
-85.25383958,35.07659838, 3205 N  HAWTHORNE ST
-85.24471244,35.06998715, 2601 STUART ST
-85.25079605,35.07365089, 2101 WILDER ST
-85.23171203,35.07155347, 3604 WAUCHULA ST
-85.24898317,35.07288458, 2205 WILDER ST
-85.25716488,35.07772776, 3205 RIVERSIDE DR
-85.23207611,35.07072099, 3506 WAUCHULA ST
-85.23037582,35.07285591, 3216 OSWEGO ST
-85.23227955,35.06707331, 3041 TOWERWAY DR
-85.2283572,35.08067155, 4015 LOFTIS ST
-85.25082424,35.05956683, 2060 MUSEUM ST
-85.20826634,35.07382381, 3900 PEACH ST
-85.22530516,35.08162736, 4057 HOMER ST
-85.2597215,35.06074154, 2001 HARDY ST
-85.26515941,35.07343443, 1011 FAIRLEIGH ST
-85.24120167,35.07208959, 3214 CAMPBELL ST
-85.24646003,35.0715262, 2410 WILDER ST
-85.23130627,35.07325889, 3651 WAUCHULA ST
-85.26838598,35.06706744, 2116 ELENA DR
-85.21006623,35.07273945, 4309 THUNDERBIRD DR
-85.23871594,35.07590431, 3420 BIRCHWOOD DR
-85.26855919,35.06622924, 2103 DELANO DR
-85.26621887,35.0558273, 1801 NEWTON ST
-85.26680019,35.05368213, 1806 RUBIO ST
-85.25290143,35.06154897, 2114 DAVENPORT ST
-85.26567338,35.05947843, 1609 OLIVE ST
-85.21022853,35.07105257, 3815 DEERFOOT DR
-85.24811131,35.07125312, 2309 STUART ST
-85.24266473,35.07162015, 3129 CAMPBELL ST
-85.26720572,35.06822295, 1105 QUEENS DR
-85.24965747,35.06968339, 2810 TAYLOR ST
-85.25211391,35.07132196, 2900 CURTIS ST
-85.22516707,35.07925132, 4044 BONNY OAKS DR
-85.24701886,35.06701844, 2613 ANDREWS ST
-85.21199799,35.07305521, 3834 DEERFOOT DR
-85.23483368,35.07267762, 3500 MARPORT DR
-85.22329828,35.07925723, 4120 BONNY OAKS DR
-85.25053812,35.07512063, 3205 CURTIS ST
-85.25099205,35.07327947, 3014 CURTIS ST
-85.23918023,35.07822192, 2512 RIDGECREST DR
-85.26015928,35.07237208, 2713 RIVERSIDE DR
-85.24719422,35.07423256, 3210 TAYLOR ST
-85.25264603,35.07582072, 1807 ELMENDORF ST
-85.23472923,35.07298973, 3502 MARPORT DR
-85.25017495,35.07567506, 3215 CURTIS ST
-85.25725253,35.05627037, 2303 OLIVE ST
-85.26586787,35.06790819, 2128 DELANO DR
-85.24539782,35.06751442, 2637 ANDREWS ST
-85.28174014,35.0551098, 1510 RIVERSIDE DR
-85.26058364,35.0547568, 2117 CAMDEN ST
-85.24793253,35.08365405, 3801 N  HAWTHORNE ST
-85.21104789,35.07441705, 4304 TEE PEE DR
-85.22462511,35.07865621, 3939 BRYANT ST
-85.24750825,35.07062435, 2400 STUART ST
-85.25384829,35.07518069, 3106 N  HAWTHORNE ST
-85.23118261,35.07233966, 3628 WAUCHULA ST
-85.23439046,35.07920742, 2817 RIDGECREST DR
-85.23792658,35.07802942, 2605 RIDGECREST DR
-85.20922533,35.07284615, 4316 BUTTERFLY DR
-85.20891942,35.07324843, 3818 PEACH ST
-85.25119097,35.07238577, 2105 STUART ST
-85.25885397,35.07230885, 2700 RIVERSIDE DR
-85.24633682,35.07664231, 3409 TAYLOR ST
-85.2434833,35.07084799, 2609 WILDER ST
-85.24925492,35.0773116, 3405 CURTIS ST
-85.24908837,35.07164465, 2215 STUART ST
-85.24446581,35.06711885, 2713 GLASS ST
-85.20836857,35.07406049, 3902 PEACH ST
-85.2461218,35.07605802, 3404 TAYLOR ST
-85.23703025,35.07779305, 2705 RIDGECREST DR
-85.245063,35.07849623, 3527 TAYLOR ST
-85.26638076,35.06686495, 2119 RIVERSIDE DR
-85.23440518,35.06674414, 3025 TOWERWAY DR
-85.25093362,35.07434949, 3111 CURTIS ST
-85.21193496,35.07281678, 3832 DEERFOOT DR
-85.25488636,35.06017577, 2332 INFANTRY RD
-85.26635421,35.06806898, 2127 DELANO DR
-85.25288086,35.06992318, 2100 BACHMAN ST
-85.22643956,35.07559944, 3849 WAUCHULA ST
-85.26899904,35.06699032, 2117 ELENA DR
-85.21170518,35.07389113, 3840 DEERFOOT DR
-85.23845875,35.07838655, 2601 RIDGECREST DR
-85.23568722,35.09086007, 2422 MAPLE ST
-85.24481199,35.0713279, 2511 WILDER ST
-85.23631182,35.07574626, 2801 FAIRVIEW DR
-85.20942365,35.07250063, 4313 THUNDERBIRD DR
-85.22524512,35.08216702, 3123 GRANADA ST
-85.24856365,35.07316828, 3105 TAYLOR ST
-85.24023552,35.07908219, 2504 RIDGECREST DR
-85.24812824,35.07461402, 2205 SEARLE ST
-85.26736004,35.06657121, 2112 DELANO DR
-85.21048597,35.07421273, 4308 TEE PEE DR
-85.25364982,35.06933728, 2703 CURTIS ST
-85.2266273,35.07511929, 3850 WAUCHULA ST
-85.2423367,35.06643196, 2416 CAMPBELL ST
-85.24576382,35.07638324, 3410 TAYLOR ST
-85.24592683,35.06873317, 2809 NOA ST
-85.25853809,35.05923906, 2002 CURTIS ST
-85.24834045,35.07092888, 2308 STUART ST
-85.23367579,35.05111509, 1902 PARKWAY DR
-85.24638914,35.07155141, 2412 WILDER ST
-85.24738134,35.07462989, 3215 TAYLOR ST
-85.22852164,35.07539851, 3819 SALUDA ST
-85.20845872,35.07525374, 3911 PEACH ST
-85.24581871,35.0726485, 2404 ELMENDORF ST
-85.22878748,35.07909229, 3923 BONNY OAKS DR
-85.25971648,35.07321755, 2805 RIVERSIDE DR
-85.25190655,35.07334616, 3010 ORTON ST
-85.247248,35.06624628, 2615 GLASS ST
-85.2468825,35.07622894, 2215 ALLIN ST
-85.22701036,35.07517147, 3848 WAUCHULA ST
-85.25273475,35.05991436, 2363 INFANTRY RD
-85.22383249,35.08089158, 4058 GLENCOE ST
-85.22608515,35.07544705, 3851 WAUCHULA ST
-85.23690355,35.0773761, 3621 MOUNTAIN VIEW DR
-85.25830488,35.06629721, 1805 CRUTCHFIELD ST
-85.23700118,35.0752949, 2722 FAIRVIEW DR
-85.22589459,35.07930762, 4026 BONNY OAKS DR
-85.21115793,35.07112346, 3820 DEERFOOT DR
-85.22990238,35.07432867, 3736 WAUCHULA ST
-85.2466375,35.07514482, 3310 TAYLOR ST
-85.2289447,35.07586599, 3824 WAUCHULA ST
-85.2106538,35.07386232, 4305 BUTTERFLY DR
-85.23510312,35.07367312, 3514 BONNY OAKS DR
-85.25232416,35.07918119, 3399 N  HAWTHORNE ST
-85.23446562,35.07372167, 3512 MARPORT DR
-85.25391825,35.07234654, 1900 STUART ST
-85.26747885,35.06788944, 1106 QUEENS DR
-85.23789145,35.07364047, 3501 BONNY OAKS DR
-85.25357914,35.07147726, 2004 CUSHMAN ST
-85.2526201,35.07288505, 2001 STUART ST
-85.23093901,35.07190677, 3619 SALUDA ST
-85.25126487,35.06763552, 2611 TAYLOR ST
-85.2652256,35.06916766, 1228 LATTA ST
-85.20972733,35.07349552, 4311 BUTTERFLY DR
-85.23721326,35.07627473, 3605 MOUNTAIN VIEW DR
-85.24392118,35.06973937, 2611 STUART ST
-85.21023079,35.07231295, 4310 THUNDERBIRD DR
-85.25202772,35.06356121, 2319 CRUTCHFIELD ST
-85.25346267,35.07322923, 1907 STUART ST
-85.22937143,35.07508619, 3812 WAUCHULA ST
-85.26743993,35.06831278, 1103 QUEENS DR
-85.25662113,35.07865775, 1409 WISDOM ST
-85.26467464,35.06842934, 2301 RIVERSIDE DR
-85.25930571,35.05971167, 2009 SHERMAN ST
-85.26729404,35.06720478, 2117 DELANO DR
-85.27256981,35.04981576, 1610 MILNE ST
-85.25754779,35.04841179, 1201 GLENWOOD DR
-85.26336533,35.05082516, 2101 LAURA ST
-85.26009036,35.05021272, 2308 WILSON ST
-85.22527079,35.05253258, 3824 ROLLINGWOOD DR
-85.25235716,35.0646123, 2307 GLASS ST
-85.2590621,35.05962252, 2011 SHERMAN ST
-85.25298398,35.06964618, 2712 CURTIS ST
-85.21294186,35.08061264, 4278 BONNY OAKS DR
-85.20968006,35.07031087, 3810 DEERFOOT DR
-85.22873478,35.07521996, 3815 SALUDA ST
-85.26825503,35.071367, 1001 LATTA ST
-85.24954014,35.06978739, 2812 TAYLOR ST
-85.22743452,35.08146898, 4043 LOFTIS ST
-85.23982652,35.07563085, 3424 VINEWOOD DR
-85.24615043,35.07699338, 3503 TAYLOR ST
-85.24893907,35.0756101, 2109 WISDOM ST
-85.24642446,35.0764558, 3407 TAYLOR ST
-85.22822729,35.06004091, 2434 NIMITZ ST
-85.21391244,35.07266613, 4200 TEE PEE DR
-85.24772085,35.07200994, 2308 WILDER ST
-85.22794642,35.07585391, 3836 WAUCHULA ST
-85.22901841,35.07494322, 3811 SALUDA ST
-85.25216472,35.07353074, 2002 WILDER ST
-85.2688052,35.06641894, 2110 ELENA DR
-85.25843014,35.07570845, 3013 RIVERSIDE DR
-85.24982988,35.07529959, 3210 CURTIS ST
-85.25118758,35.07515881, 2003 ELMENDORF ST
-85.21109569,35.07182318, 3823 DEERFOOT DR
-85.23221547,35.07401767, 3709 SAPULPA ST
-85.24980059,35.06797715, 2309 FAIRLEIGH ST
-85.25845261,35.06027033, 2013 HARDY ST
-85.2593177,35.06062837, 2005 HARDY ST
-85.26033295,35.07590984, 1301 STUART ST
-85.24539573,35.06638191, 2702 GLASS ST
-85.23261827,35.07401569, 3007 TUGALOO ST
-85.24290882,35.06698145, 2428 CAMPBELL ST
-85.25628925,35.06886404, 1907 APPLING ST
-85.23463271,35.06660988, 3023 TOWERWAY DR
-85.23156011,35.0739085, 3718 SAPULPA ST
-85.22672066,35.06944174, 2915 HIGGS ST
-85.2256456,35.08142629, 4053 HOMER ST
-85.2395349,35.07853527, 2508 RIDGECREST DR
-85.25086542,35.06746141, 2610 TAYLOR ST
-85.23416583,35.0668672, 3027 TOWERWAY DR
-85.25267548,35.06282385, 2205 DAVENPORT ST
-85.26103915,35.07088287, 2605 RIVERSIDE DR
-85.25935685,35.0615118, 2001 BRAGG ST
-85.25303413,35.06221762, 2123 DAVENPORT ST
-85.25766337,35.06081544, 2020 CURTIS ST
-85.24497012,35.07046588, 3007 NOA ST
-85.22356992,35.05241126, 3845 ROLLINGWOOD DR
-85.25036235,35.06832138, 2704 TAYLOR ST
-85.22934006,35.06355876, 2605 ACUFF ST
-85.23462389,35.07317753, 3504 MARPORT DR
-85.22936729,35.074454, 3801 SALUDA ST
-85.25047245,35.06645829, 2314 APPLING ST
-85.23162941,35.0694824, 3506 SALUDA ST
-85.24393652,35.0667893, 2726 GLASS ST
-85.24035886,35.07738449, 3511 E  CREST DR
-85.24669256,35.0729657, 2310 ELMENDORF ST
-85.24977575,35.07150494, 2210 STUART ST
-85.22628901,35.07512235, 3852 WAUCHULA ST
-85.25581155,35.07554154, 3103 N  HICKORY ST
-85.24783466,35.07447119, 2209 SEARLE ST
-85.24657398,35.07342168, 2313 ELMENDORF ST
-85.25957844,35.06115417, 2000 BRAGG ST
-85.23409231,35.0792842, 2819 RIDGECREST DR
-85.22861982,35.07606745, 3828 WAUCHULA ST
-85.2300346,35.07241078, 3642 SALUDA ST
-85.22203616,35.07988245, 4151 BONNY OAKS DR
-85.22401325,35.08140112, 3210 GRANADA ST
-85.20985688,35.07447508, 4309 TEE PEE DR
-85.25442181,35.07534831, 3107 N  HAWTHORNE ST
-85.24607515,35.06848655, 2805 NOA ST
-85.23471941,35.07525676, 2814 FAIRVIEW DR
-85.22343134,35.08112968, 4066 GLENCOE ST
-85.2479945,35.07120129, 2311 STUART ST
-85.25091941,35.06829996, 2701 TAYLOR ST
-85.2461684,35.06729658, 2623 ANDREWS ST
-85.23194193,35.0741983, 3715 SAPULPA ST
-85.23253325,35.08355497, 2629 BOYCE ST
-85.25290535,35.07074292, 2807 CURTIS ST
-85.26115651,35.07366439, 1310 CUSHMAN ST
-85.23597766,35.07575587, 2803 FAIRVIEW DR
-85.22953444,35.07481624, 3808 WAUCHULA ST
-85.23009763,35.0749169, 3107 SKIATOOK ST
-85.26578881,35.07197829, 1012 APPLING ST
-85.25296278,35.06141923, 2112 DAVENPORT ST
-85.24503337,35.07018775, 2515 STUART ST
-85.23067222,35.07646125, 3815 BONNY OAKS DR
-85.2371126,35.080649, 2578 RIDGECREST CIR
-85.2258853,35.0526579, 3813 ROLLINGWOOD DR
-85.25236897,35.06601941, 2209 DAISY ST
-85.25974772,35.07566582, 1415 STUART ST
-85.24470082,35.06657014, 2714 GLASS ST
-85.25085905,35.06859792, 2705 TAYLOR ST
-85.25152461,35.06722016, 2601 TAYLOR ST
-85.24650133,35.06763703, 2723 NOA ST
-85.24862579,35.07236224, 2214 WILDER ST
-85.24793492,35.07208476, 2306 WILDER ST
-85.24846472,35.06588171, 2501 GLASS ST
-85.26392283,35.05240429, 1311 BRADT ST
-85.23282558,35.08367911, 2625 BOYCE ST
-85.24102816,35.07237298, 3300 CAMPBELL ST
-85.25069687,35.06626972, 2508 O REAR ST
-85.25490056,35.06708417, 2023 DAISY ST
-85.2543353,35.07547417, 3109 N  HAWTHORNE ST
-85.21036705,35.07327996, 4308 BUTTERFLY DR
-85.25924105,35.0754127, 1501 STUART ST
-85.23236775,35.07296816, 3636 SAPULPA ST
-85.26146352,35.07025483, 2511 RIVERSIDE DR
-85.2354808,35.07570999, 2807 FAIRVIEW DR
-85.23771595,35.07657767, 2709 FAIRVIEW DR
-85.26561917,35.06752832, 2127 RIVERSIDE DR
-85.2472235,35.07360503, 2305 ELMENDORF ST
-85.22532116,35.07830971, 3132 DWIGHT ST
-85.23682855,35.08049049, 2586 RIDGECREST CIR
-85.25242612,35.07067388, 2808 CURTIS ST
-85.25133496,35.07244477, 2103 STUART ST
-85.25787406,35.07497134, 3000 RIVERSIDE DR
-85.22445567,35.07915812, 3971 BRYANT ST
-85.26848647,35.05434292, 1712 RUBIO ST
-85.24915413,35.07053594, 2904 TAYLOR ST
-85.25094511,35.0659008, 2502 O REAR ST
-85.26924387,35.05195168, 1100 N  HICKORY ST
-85.22820884,35.06449925, 2650 ACUFF ST
-85.26364219,35.05223994, 1310 BRADT ST
-85.23556727,35.07801227, 2806 RIDGECREST DR
-85.24889413,35.07189626, 3005 TAYLOR ST
-85.24039323,35.07513302, 3417 VINEWOOD DR
-85.20977071,35.07260679, 4311 THUNDERBIRD DR
-85.24495985,35.07137067, 2509 WILDER ST
-85.21303928,35.08357869, 4241 BENTON DR
-85.20959122,35.07434272, 4311 TEE PEE DR
-85.24642172,35.0755542, 3316 TAYLOR ST
-85.24988042,35.07455652, 2105 ELMENDORF ST
-85.24996163,35.07519274, 3208 CURTIS ST
-85.20821832,35.07463253, 3906 PEACH ST
-85.24985641,35.06608103, 2400 APPLING ST
-85.24305867,35.06765751, 2504 CAMPBELL ST
-85.2074696,35.0758846, 3916 PEACH ST
-85.22769173,35.07535759, 3820 SALUDA ST
-85.25620915,35.07482751, 3007 N  HICKORY ST
-85.26342244,35.0527564, 1318 BRADT ST
-85.2462298,35.07686298, 3501 TAYLOR ST
-85.24546344,35.06858193, 2810 NOA ST
-85.23231622,35.06947744, 3503 SALUDA ST
-85.23531873,35.06577713, 3014 TOWERWAY DR
-85.22975623,35.07555421, 3815 WAUCHULA ST
-85.26760713,35.06694069, 2113 DELANO DR
-85.26751264,35.06644255, 2110 DELANO DR
-85.23140989,35.07454208, 3731 SAPULPA ST
-85.25653467,35.07521098, 1600 WILDER ST
-85.24783056,35.07115432, 2313 STUART ST
-85.24670161,35.06421362, 2602 STEPHENS ST
-85.21074382,35.07431738, 4306 TEE PEE DR
-85.25060394,35.074979, 3203 CURTIS ST
-85.26326707,35.05300232, 1322 BRADT ST
-85.26662307,35.05593267, 1723 NEWTON ST
-85.26525989,35.05208388, 1908 WILSON ST
-85.24768117,35.07110912, 2315 STUART ST
-85.25066194,35.06574061, 2315 DAISY ST
-85.26021684,35.05635608, 1705 STANFIEL ST
-85.24568837,35.06425286, 2619 ARNO ST
-85.25885513,35.07366125, 2804 RIVERSIDE DR
-85.25068639,35.06642777, 2510 O REAR ST
-85.25769853,35.0768556, 3109 RIVERSIDE DR
-85.22957469,35.06699193, 3060 TOWERWAY DR
-85.22989615,35.06696132, 3058 TOWERWAY DR
-85.26890511,35.06719449, 2121 ELENA DR
-85.24208743,35.06751333, 2500 YORK ST
-85.25023002,35.07467937, 3200 CURTIS ST
-85.2465023,35.07199928, 2407 WILDER ST
-85.25946881,35.07458046, 2909 RIVERSIDE DR
-85.21122974,35.0740464, 4301 BUTTERFLY DR
-85.25057831,35.06901693, 2711 TAYLOR ST
-85.25677435,35.07741022, 3202 RIVERSIDE DR
-85.23521934,35.07524737, 2806 FAIRVIEW DR
-85.2612446,35.05591244, 1612 BRADT ST
-85.23151862,35.06705364, 3047 TOWERWAY DR
-85.2499483,35.06752069, 2310 FAIRLEIGH ST
-85.20944749,35.07339049, 4313 BUTTERFLY DR
-85.21133531,35.07133527, 3822 DEERFOOT DR
-85.20908669,35.07067287, 3807 DEERFOOT DR
-85.2693023,35.06584412, 2103 ELENA DR
-85.22965973,35.06319889, 3422 COGSWELL ST
-85.25051726,35.06915445, 2715 TAYLOR ST
-85.20936279,35.07020665, 3808 DEERFOOT DR
-85.24215301,35.06791658, 2506 YORK ST
-85.25528965,35.06852941, 2001 APPLING ST
-85.24754766,35.07194553, 2310 WILDER ST
-85.24742095,35.07371726, 2301 ELMENDORF ST
-85.25069157,35.07313499, 2110 WILDER ST
-85.27069256,35.05350979, 1216 HENDRICKS ST
-85.25283523,35.06168064, 2116 DAVENPORT ST
-85.25355053,35.06864687, 2612 CURTIS ST
-85.25014406,35.07428387, 2104 ELMENDORF ST
-85.26792671,35.06848664, 1007 QUEENS DR
-85.21070921,35.07137706, 3819 DEERFOOT DR
-85.22376409,35.0545491, 3704 SHAMROCK DR
-85.25841224,35.06743717, 1800 DAISY ST
-85.23316077,35.07086388, 3603 SAPULPA ST
-85.25150986,35.05938173, 2027 MUSEUM ST
-85.20787439,35.0751412, 3910 PEACH ST
-85.24904528,35.07661853, 2104 ALLIN ST
-85.25490141,35.07584998, 3110 N  HICKORY ST
-85.24539413,35.06684853, 2659 GLASS ST
-85.24819343,35.07333947, 3109 TAYLOR ST
-85.23483922,35.06649537, 3021 TOWERWAY DR
-85.229184,35.07633969, 3825 WAUCHULA ST
-85.23645907,35.07528328, 2724 FAIRVIEW DR
-85.25337657,35.05304231, 2604 OCOEE ST
-85.24749773,35.06686786, 2607 ANDREWS ST
-85.25231953,35.07183484, 2911 CURTIS ST
-85.21130072,35.07209028, 3825 DEERFOOT DR
-85.26655453,35.06783218, 2125 DELANO DR
-85.25426126,35.07728742, 1700 WISDOM ST
-85.26610972,35.06706476, 2121 RIVERSIDE DR
-85.25624584,35.06458919, 2020 CRUTCHFIELD ST
-85.25408746,35.06374392, 2208 GLASS ST
-85.26115639,35.07063397, 2601 RIVERSIDE DR
-85.25125181,35.06550655, 2310 DAISY ST
-85.2623957,35.05500602, 2010 CAMDEN ST
-85.26508944,35.05542042, 1815 NEWTON ST
-85.26394984,35.04809101, 2117 WINDSOR ST
-85.23400774,35.0664867, 3026 TOWERWAY DR
-85.26832568,35.0681994, 2137 ELENA DR
-85.24041137,35.07449812, 3411 VINEWOOD DR
-85.21123957,35.0735787, 4302 BUTTERFLY DR
-85.24578783,35.07317213, 2405 ELMENDORF ST
-85.25502819,35.07562001, 3106 N  HICKORY ST
-85.24029447,35.0757805, 3425 VINEWOOD DR
-85.20794984,35.07420522, 3904 PEACH ST
-85.23273687,35.07325657, 3639 SAPULPA ST
-85.26213357,35.07557793, 1322 STUART ST
-85.2298842,35.0726594, 3650 SALUDA ST
-85.20970607,35.07083207, 3811 DEERFOOT DR
-85.23502237,35.06636916, 3019 TOWERWAY DR
-85.26679313,35.06707526, 2118 DELANO DR
-85.25463462,35.06831548, 2009 APPLING ST
-85.24302309,35.06710475, 2430 CAMPBELL ST
-85.25378513,35.06799819, 2103 APPLING ST
-85.23757524,35.07586762, 2717 FAIRVIEW DR
-85.22942636,35.07609631, 3823 WAUCHULA ST
-85.24362012,35.06735172, 2725 GLASS ST
-85.24057895,35.0769725, 3507 E  CREST DR
-85.24770335,35.06653478, 2604 ANDREWS ST
-85.25054611,35.07404105, 3108 CURTIS ST
-85.23004975,35.07328328, 3211 OSWEGO ST
-85.2803878,35.05533443, 1530 RIVERSIDE DR
-85.25061591,35.05413992, 2801 OCOEE ST
-85.26643826,35.05399729, 1809 RUBIO ST
-85.25755421,35.07716429, 3113 RIVERSIDE DR
-85.2454237,35.06871218, 2812 NOA ST
-85.25146448,35.06846144, 2207 FAIRLEIGH ST
-85.23022002,35.07840362, 3877 BONNY OAKS DR
-85.24289279,35.07133797, 3123 CAMPBELL ST
-85.23080132,35.07490204, 3747 SAPULPA ST
-85.24062615,35.07252032, 3306 CAMPBELL ST
-85.26604452,35.06766606, 2126 DELANO DR
-85.24655725,35.06713899, 2619 ANDREWS ST
-85.23050275,35.0667846, 3054 TOWERWAY DR
-85.26672065,35.06656162, 2115 RIVERSIDE DR
-85.22912213,35.05524928, 2234 DOOLITTLE ST
-85.22913231,35.06668156, 3064 TOWERWAY DR
-85.22855346,35.07652936, 3829 WAUCHULA ST
-85.26855934,35.06782818, 2131 ELENA DR
-85.24658605,35.06647943, 2633 GLASS ST
-85.2654962,35.07178713, 1018 APPLING ST
-85.21192341,35.07339292, 3836 DEERFOOT DR
-85.26200489,35.07143117, 1309 APPLING ST
-85.24492927,35.06505325, 2620 STEPHENS ST
-85.25378227,35.06662179, 2111 DAISY ST
-85.25398644,35.05243783, 1602 DIAMOND ST
-85.2686144,35.05379389, 1713 WILSON ST
-85.25320244,35.0534457, 2603 OCOEE ST
-85.23649049,35.06563552, 3006 TOWERWAY DR
-85.26342769,35.05578533, 1909 CAMDEN ST
-85.26877507,35.07001188, 909 CRUTCHFIELD ST
-85.26660536,35.0540132, 1807 RUBIO ST
-85.25763303,35.07569586, 3016 RIVERSIDE DR
-85.25238494,35.07370752, 2000 WILDER ST
-85.26676665,35.05406805, 1805 RUBIO ST
-85.22878063,35.05585081, 2238 DOOLITTLE ST
-85.25316499,35.05487464, 2519 OLIVE ST
-85.26769043,35.06796624, 1104 QUEENS DR
-85.25344622,35.0769776, 3215 N  HAWTHORNE ST
-85.25319329,35.06775316, 2113 APPLING ST
-85.21055483,35.07070108, 3816 DEERFOOT DR
-85.25955515,35.06069403, 2003 HARDY ST
-85.22962314,35.07394149, 3725 SALUDA ST
-85.23320673,35.07249215, 3613 SAPULPA ST
-85.23187778,35.07372068, 3706 SAPULPA ST
-85.24880866,35.07115037, 2914 TAYLOR ST
-85.23890051,35.07629884, 3424 BIRCHWOOD DR
-85.24594442,35.07529726, 2325 ALLIN ST
-85.20955844,35.07386914, 4314 TEE PEE DR
-85.23986803,35.07530422, 3420 VINEWOOD DR
-85.23614126,35.07529433, 2800 FAIRVIEW DR
-85.24502669,35.06716655, 2402 FROST ST
-85.24603373,35.07181546, 2413 WILDER ST
-85.24466424,35.07088773, 2516 WILDER ST
-85.26550573,35.04772221, 2017 MILNE ST
-85.22899123,35.0497662, 1806 DOGWOOD DR
-85.26832838,35.06866345, 1003 QUEENS DR
-85.25353309,35.06284891, 2200 TAYLOR ST
-85.2451731,35.0681378, 2601 FROST ST
-85.2467393,35.07485493, 3304 TAYLOR ST
-85.26253155,35.05513275, 2008 CAMDEN ST
-85.25158505,35.06853345, 2205 FAIRLEIGH ST
-85.23987528,35.07514617, 3418 VINEWOOD DR
-85.26380002,35.07727922, 1105 STUART ST
-85.24855018,35.07644724, 2110 ALLIN ST
-85.23053368,35.07455173, 3746 SAPULPA ST
-85.25317446,35.06196914, 2119 DAVENPORT ST
-85.2325872,35.06990602, 3500 WAUCHULA ST
-85.23393106,35.06695782, 3029 TOWERWAY DR
-85.24522119,35.06642669, 2704 GLASS ST
-85.24694609,35.06632571, 2625 GLASS ST
-85.23109202,35.07419458, 3732 SAPULPA ST
-85.21019046,35.07411834, 4310 TEE PEE DR
-85.24919136,35.07256713, 2206 WILDER ST
-85.26570879,35.06854691, 1205 CRUTCHFIELD ST
-85.2455878,35.06553624, 2403 BIRD ST
-85.25145612,35.05506036, 1830 PEARL ST
-85.23389787,35.05851055, 2320 GREEN FOREST DR
-85.25617541,35.0480765, 1208 GLENWOOD DR
-85.25196646,35.06476155, 2315 GLASS ST
-85.26716112,35.04736713, 2001 RAWLINGS ST
-85.26957336,35.05413301, 1701 WILSON ST
-85.26999938,35.05387802, 1608 WILSON ST
-85.25364887,35.06744997, 2108 APPLING ST
-85.24643311,35.06721768, 2621 ANDREWS ST
-85.25177563,35.06728439, 2211 APPLING ST
-85.24278154,35.06681602, 2424 CAMPBELL ST
-85.22863564,35.06391524, 2628 ACUFF ST
-85.25586675,35.06018827, 2013 TAYLOR ST
-85.2502478,35.06860467, 2708 TAYLOR ST
-85.25357534,35.06944512, 2705 CURTIS ST
-85.24936128,35.07618421, 3308 CURTIS ST
-85.2639866,35.07634461, 1110 STUART ST
-85.25066209,35.07485088, 3201 CURTIS ST
-85.26401187,35.06947303, 1231 LATTA ST
-85.24579483,35.06703888, 2628 ANDREWS ST
-85.2503513,35.06671026, 2313 APPLING ST
-85.24504778,35.06691446, 2701 GLASS ST
-85.25063521,35.06652545, 2512 O REAR ST
-85.2547382,35.06788393, 2010 APPLING ST
-85.20975463,35.07305717, 4312 BUTTERFLY DR
-85.21052132,35.07241314, 4308 THUNDERBIRD DR
-85.22511811,35.0813361, 4066 HOMER ST
-85.2666425,35.05364906, 1808 RUBIO ST
-85.22842312,35.05968477, 2430 NIMITZ ST
-85.24350197,35.06690817, 2730 GLASS ST
-85.26791577,35.06895619, 1006 CRUTCHFIELD ST
-85.22932591,35.06699058, 3062 TOWERWAY DR
-85.23018122,35.0668871, 3056 TOWERWAY DR
-85.25439171,35.06816335, 2013 APPLING ST
-85.25095383,35.06666604, 2513 O REAR ST
-85.23179456,35.06707684, 3045 TOWERWAY DR
-85.235801,35.07525643, 2802 FAIRVIEW DR
-85.25351398,35.06741663, 2110 APPLING ST
-85.26548785,35.06804009, 1304 CRUTCHFIELD ST
-85.22814654,35.06016582, 2436 NIMITZ ST
-85.26535628,35.05941724, 1613 OLIVE ST
-85.23041516,35.06721798, 3055 TOWERWAY DR
-85.26428505,35.05075576, 2008 LAURA ST
-85.25317797,35.06480074, 2405 TAYLOR ST
-85.24478978,35.07094605, 2514 WILDER ST
-85.24213675,35.06777935, 2504 YORK ST
-85.23319814,35.06650548, 3034 TOWERWAY DR
-85.25695191,35.05440937, 2316 OCOEE ST
-85.2545077,35.05347437, 2508 OCOEE ST
-85.2678798,35.06611268, 2106 DELANO DR
-85.22939038,35.05777841, 2304 NIMITZ ST
-85.23451999,35.04951604, 1800 PARKWAY DR
-85.26734633,35.05587938, 1714 NEWTON ST
-85.22511248,35.05217801, 3805 WOODBROOK DR
-85.23900244,35.07648568, 3426 BIRCHWOOD DR
-85.25137244,35.05980363, 2051 MUSEUM ST
-85.25044988,35.07522726, 3207 CURTIS ST
-85.25000269,35.07425304, 2108 ELMENDORF ST
-85.26717314,35.06732408, 2119 DELANO DR
-85.25216252,35.05766651, 2511 MCRAE ST
-85.26015957,35.06003836, 2001 SHERMAN ST
-85.26554553,35.06853462, 1207 CRUTCHFIELD ST
-85.24621139,35.0682379, 2801 NOA ST
-85.24845537,35.07007718, 2311 CUSHMAN ST
-85.25337487,35.06986418, 2713 CURTIS ST
-85.25510343,35.0755115, 3104 N  HICKORY ST
-85.21006927,35.07317496, 4310 BUTTERFLY DR
-85.25078001,35.0661539, 2506 O REAR ST
-85.2235929,35.05413426, 3705 MCCOOL DR
-85.24863883,35.06803813, 2401 BACHMAN ST
-85.23259547,35.06703273, 3039 TOWERWAY DR
-85.2430953,35.0673248, 2500 CAMPBELL ST
-85.26840787,35.06546239, 2102 ELENA DR
-85.24840412,35.07409689, 2207 ELMENDORF ST
-85.24448169,35.06623524, 2407 WILHOIT ST
-85.24345068,35.06909935, 2610 CAMPBELL ST
-85.25302154,35.05445123, 2522 OLIVE ST
-85.25769738,35.05666694, 1805 TAYLOR ST
-85.26735466,35.0533459, 1803 WILSON ST
-85.25938835,35.05397632, 2210 CAMDEN ST
-85.25275311,35.05435603, 2526 OLIVE ST
-85.22533289,35.05307897, 3821 ROLLINGWOOD DR
-85.25286273,35.05475369, 2523 OLIVE ST
-85.23020532,35.05736792, 2233 NIMITZ ST
-85.276407,35.05614199, 1548 RIVERSIDE DR
-85.26150213,35.05617776, 1623 BRADT ST
-85.23518416,35.04906968, 1707 PARKWAY DR
-85.26317694,35.06901723, 1423 LATTA ST
-85.24690731,35.07081697, 2409 STUART ST
-85.24892956,35.06980456, 2308 CUSHMAN ST
-85.24619261,35.06553418, 2408 HARLEY ST
-85.26892496,35.05392676, 1709 WILSON ST
-85.2541587,35.06764054, 2100 APPLING ST
-85.2438477,35.07100958, 2603 WILDER ST
-85.25907585,35.05918019, 2012 SHERMAN ST
-85.25364022,35.06255866, 2108 TAYLOR ST
-85.25283265,35.06914869, 2719 BROWNS ALY
-85.25302244,35.07051374, 2803 CURTIS ST
-85.25197321,35.06538545, 2418 TAYLOR ST
-85.24693207,35.06669259, 2616 ANDREWS ST
-85.26603464,35.04742007, 2014 MILNE ST
-85.23222289,35.04777422, 1653 DOGWOOD DR
-85.24861803,35.06973774, 2314 CUSHMAN ST
-85.21026644,35.07057668, 3814 DEERFOOT DR
-85.26412468,35.04818225, 2115 WINDSOR ST
-85.26720839,35.04789651, 1908 MILNE ST
-85.25412157,35.06262171, 2107 TAYLOR ST
-85.22849355,35.06416012, 2632 ACUFF ST
-85.25164388,35.06814183, 2206 FAIRLEIGH ST
-85.26640099,35.06740695, 2122 DELANO DR
-85.22351657,35.05517833, 3705 SHAMROCK DR
-85.25601356,35.05820581, 1913 TAYLOR ST
-85.2682375,35.05364845, 1719 WILSON ST
-85.26524704,35.05054568, 2003 COOLEY ST
-85.26463193,35.05028493, 2011 COOLEY ST
-85.25350663,35.05460756, 2516 OLIVE ST
-85.2583377,35.05958461, 2006 CURTIS ST
-85.23399165,35.07510722, 3511 PARKWAY DR
-85.26159084,35.07082825, 1345 APPLING ST
-85.26268877,35.05412143, 1407 BRADT ST
-85.22877819,35.06003022, 2443 NIMITZ ST
-85.25673996,35.07723181, 3200 RIVERSIDE DR
-85.26702853,35.06906126, 1101 CRUTCHFIELD ST
-85.2499404,35.0708467, 2209 CUSHMAN ST
-85.25453782,35.06694641, 2101 DAISY ST
-85.26806342,35.06654588, 2107 DELANO DR
-85.26339508,35.05259695, 1316 BRADT ST
-85.26706101,35.06765155, 1110 QUEENS DR
-85.24899141,35.07699503, 2101 ALLIN ST
-85.24975255,35.06942718, 2804 TAYLOR ST
-85.25137931,35.07527374, 2001 ELMENDORF ST
-85.23015087,35.07384201, 3720 WAUCHULA ST
-85.25435012,35.0672311, 2508 CURTIS ST
-85.25642297,35.06766519, 1909 DAISY ST
-85.26556331,35.05558983, 1809 NEWTON ST
-85.26147135,35.05549733, 1604 BRADT ST
-85.26697811,35.06811654, 1107 QUEENS DR
-85.25849028,35.06118428, 2009 BRAGG ST
-85.25383949,35.05469851, 2510 OLIVE ST
-85.24668362,35.07500841, 3306 TAYLOR ST
-85.23752844,35.07718316, 2703 FAIRVIEW DR
-85.25309627,35.07037125, 2801 CURTIS ST
-85.23285438,35.06699269, 3037 TOWERWAY DR
-85.22938911,35.06337902, 2601 ACUFF ST
-85.26479667,35.05093874, 2004 LAURA ST
-85.24664732,35.06680393, 2618 ANDREWS ST
-85.25058835,35.0668135, 2309 APPLING ST
-85.25097322,35.06697468, 2305 APPLING ST
-85.22772369,35.06053806, 2507 DOOLITTLE ST
-85.25129264,35.05990053, 2067 MUSEUM ST
-85.26984548,35.0510956, 1006 N  HICKORY ST
-85.26498412,35.05100562, 2002 LAURA ST
-85.27140842,35.0489883, 913 N  HICKORY ST
-85.25407843,35.06861257, 2607 CURTIS ST
-85.24548763,35.07028709, 2509 STUART ST
-85.26586986,35.05914792, 1608 OLIVE ST
-85.25594479,35.06883113, 1909 APPLING ST
-85.24211756,35.06764818, 2502 YORK ST
-85.24564079,35.06989442, 2510 STUART ST
-85.24760898,35.0647435, 2405 AWTRY ST
-85.26252092,35.05344346, 1400 BRADT ST
-85.24557392,35.06541365, 2401 BIRD ST
-85.26358537,35.05543464, 1904 CAMDEN ST
-85.25733193,35.06588838, 1911 CRUTCHFIELD ST
-85.23241126,35.04762856, 1649 DOGWOOD DR
-85.23493469,35.0498718, 1803 PARKWAY DR
-85.23146185,35.07087252, 3513 SALUDA ST
-85.25273675,35.05469819, 2525 OLIVE ST
-85.23346243,35.06651412, 3032 TOWERWAY DR
-85.26087581,35.07096708, 2607 RIVERSIDE DR
-85.24533338,35.0702152, 2511 STUART ST
-85.25065312,35.0739259, 3106 CURTIS ST
-85.23373407,35.06654633, 3030 TOWERWAY DR
-85.25355726,35.06787329, 2107 APPLING ST
-85.24673623,35.07611147, 2217 ALLIN ST
-85.25109596,35.06834009, 2213 FAIRLEIGH ST
-85.26755506,35.07009906, 1140 LATTA ST
-85.27135583,35.05273516, 1202 HENDRICKS ST
-85.22430034,35.05223386, 3836 ROLLINGWOOD DR
-85.26866014,35.0676034, 2127 ELENA DR
-85.24031486,35.07561794, 3423 VINEWOOD DR
-85.24378892,35.06728404, 2723 GLASS ST
-85.25661235,35.06859268, 1904 APPLING ST
-85.22729705,35.06124091, 2525 DOOLITTLE ST
-85.26228579,35.05393591, 1434 BRADT ST
-85.24966473,35.06789758, 2311 FAIRLEIGH ST
-85.23099009,35.07070859, 3514 SALUDA ST
-85.26508482,35.04852251, 2017 WINDSOR ST
-85.22875992,35.05613221, 2252 DOOLITTLE ST
-85.24713205,35.07087686, 2405 STUART ST
-85.25807053,35.07629536, 3101 RIVERSIDE DR
-85.24753648,35.06657362, 2606 ANDREWS ST
-85.24737901,35.0709781, 2401 STUART ST
-85.25239636,35.06332384, 2217 DAVENPORT ST
-85.22802779,35.05905348, 2411 DOOLITTLE ST
-85.24587301,35.07043289, 2503 STUART ST
-85.24483319,35.06696021, 2709 GLASS ST
-85.24990954,35.0691842, 2800 TAYLOR ST
-85.24488336,35.07058614, 3009 NOA ST
-85.24494492,35.0696321, 2600 STUART ST
-85.26651371,35.06843005, 1110 CRUTCHFIELD ST
-85.25615759,35.06756622, 1917 DAISY ST
-85.26532262,35.05510243, 1816 NEWTON ST
-85.24902565,35.07527002, 2110 WISDOM ST
-85.25427836,35.06404765, 2215 CRUTCHFIELD ST
-85.22900239,35.05960219, 2417 NIMITZ ST
-85.24550166,35.06946094, 2907 NOA ST
-85.25778425,35.04805125, 2506 LAURA ST
-85.22930884,35.05035933, 1826 DOGWOOD DR
-85.26476442,35.04938782, 2015 PORTLAND ST
-85.27162505,35.04955064, 1620 MILNE ST
-85.25287059,35.05269, 2612 OCOEE ST
-85.2680266,35.06546368, 2101 RIVERSIDE DR
-85.26136029,35.05646804, 1701 BRADT ST
-85.26555314,35.04966298, 2005 PORTLAND ST
-85.23186641,35.07021891, 3509 SALUDA ST
-85.25870476,35.06035345, 2011 HARDY ST
-85.25579285,35.06828803, 1916 APPLING ST
-85.26844042,35.0546831, 1711 RUBIO ST
-85.25418901,35.06981617, 2709 ORTON ST
-85.24406828,35.06720459, 2721 GLASS ST
-85.25744764,35.07606303, 3100 RIVERSIDE DR
-85.265981,35.06718719, 2123 RIVERSIDE DR
-85.2475502,35.0693268, 2408 CUSHMAN ST
-85.25195672,35.05416731, 2600 OLIVE ST
-85.2331136,35.0669605, 3035 TOWERWAY DR
-85.26550722,35.07005001, 1215 LATTA ST
-85.23448749,35.04968924, 1802 PARKWAY DR
-85.2660231,35.04846684, 2008 WINDSOR ST
-85.2626293,35.0505218, 2111 LAURA ST
-85.24556033,35.06749079, 2633 ANDREWS ST
-85.24927285,35.07030064, 2900 TAYLOR ST
-85.24539003,35.06489412, 2622 STEPHENS ST
-85.24786202,35.07076865, 2314 STUART ST
-85.25217363,35.06358258, 2317 CRUTCHFIELD ST
-85.2658043,35.05076754, 1907 COOLEY ST
-85.26573714,35.04929637, 2006 PORTLAND ST
-85.2443154,35.06937528, 2610 STUART ST
-85.25102291,35.062809, 2406 CRUTCHFIELD ST
-85.2475023,35.06569441, 2604 GLASS ST
-85.26287922,35.05528027, 2000 CAMDEN ST
-85.27201994,35.05267503, 1113 HENDRICKS ST
-85.227533,35.05992416, 2435 DOOLITTLE ST
-85.23353481,35.0581604, 2316 GREEN FOREST DR
-85.23426977,35.05114953, 1901 PARKWAY DR
-85.26429783,35.04726707, 2201 MILNE ST
-85.26583334,35.04684225, 2025 RAWLINGS ST
-85.23291308,35.07035357, 3501 WAUCHULA ST
-85.24978042,35.06865548, 2306 BACHMAN ST
-85.25488309,35.06789169, 2008 APPLING ST
-85.26692441,35.06637981, 2113 RIVERSIDE DR
-85.2509147,35.0594343, 2044 MUSEUM ST
-85.22647857,35.05263812, 3731 HEMINGWAY DR
-85.24991509,35.06500279, 2426 GLASS ST
-85.22909455,35.06401166, 2621 ACUFF ST
-85.2501087,35.06804922, 2305 FAIRLEIGH ST
-85.26740066,35.05286211, 1802 WILSON ST
-85.25114247,35.06631466, 2507 O REAR ST
-85.24603004,35.0705, 2501 STUART ST
-85.25452258,35.06287796, 2208 CHEEK ST
-85.23551475,35.06612754, 3015 TOWERWAY DR
-85.25070151,35.05995113, 2082 MUSEUM ST
-85.25423474,35.06900757, 2008 FAIRLEIGH ST
-85.26102344,35.07075496, 2603 RIVERSIDE DR
-85.24660734,35.07071257, 2413 STUART ST
-85.26510596,35.04711505, 2102 MILNE ST
-85.26457644,35.04792272, 2102 WINDSOR ST
-85.25993851,35.05992574, 2003 SHERMAN ST
-85.24901874,35.07080824, 2908 TAYLOR ST
-85.25510702,35.06800059, 2006 APPLING ST
-85.25111194,35.06451247, 2400 GLASS ST
-85.25532714,35.06323349, 2120 GLASS ST
-85.25459844,35.05241937, 2563 HIWASSEE ST
-85.24723898,35.07093885, 2403 STUART ST
-85.25373328,35.0633735, 2207 TAYLOR ST
-85.24454824,35.06943596, 2608 STUART ST
-85.24953235,35.06779176, 2313 FAIRLEIGH ST
-85.25826612,35.06110044, 2011 BRAGG ST
-85.22787943,35.05931008, 2421 DOOLITTLE ST
-85.27335108,35.04965813, 1602 MILNE ST
-85.26297123,35.05126072, 2104 WILSON ST
-85.23515502,35.04928166, 1711 PARKWAY DR
-85.24511634,35.06928835, 2904 NOA ST
-85.25511836,35.06027854, 2320 INFANTRY RD
-85.23057688,35.07078919, 3624 SALUDA ST
-85.27118581,35.04846604, 904 N  HICKORY ST
-85.24152974,35.06747668, 2500 WESTER ST
-85.2599334,35.06667529, 1801 CRUTCHFIELD ST
-85.20908451,35.07012994, 3806 DEERFOOT DR
-85.26640952,35.07052382, 1205 LATTA ST
-85.25538321,35.06813057, 2002 APPLING ST
-85.20914203,35.07463385, 3905 PEACH ST
-85.25622314,35.05765254, 1908 TAYLOR ST
-85.25732599,35.05591794, 2302 OLIVE ST
-85.26163164,35.07636871, 1321 STUART ST
-85.25719953,35.06695981, 1900 DAISY ST
-85.2547037,35.07062308, 1914 BACHMAN ST
-85.26770651,35.0668338, 2111 DELANO DR
-85.26680149,35.06799611, 1109 QUEENS DR
-85.24249519,35.07114773, 3124 CAMPBELL ST
-85.26791855,35.06804812, 1102 QUEENS DR
-85.2592714,35.0592599, 2010 SHERMAN ST
-85.23091555,35.04840295, 1718 DOGWOOD DR
-85.24361655,35.0704827, 3007 CAMPBELL ST
-85.23760675,35.0769354, 2705 FAIRVIEW DR
-85.25902184,35.05315286, 1505 TAYLOR ST
-85.25464814,35.06294645, 2206 CHEEK ST
-85.27181126,35.05289894, 1201 HENDRICKS ST
-85.22410405,35.05531998, 3701 SHAMROCK DR
-85.25994829,35.0604123, 2000 HARDY ST
-85.25425166,35.06236943, 2103 TAYLOR ST
-85.26430443,35.05216126, 2003 WILSON ST
-85.26622891,35.04992995, 1907 PORTLAND ST
-85.25929244,35.06015161, 2006 HARDY ST
-85.25263238,35.06195733, 2120 DAVENPORT ST
-85.22923558,35.06370199, 2609 ACUFF ST
-85.26033487,35.05967985, 2000 SHERMAN ST
-85.24425481,35.07078217, 3014 NOA ST
-85.23470736,35.05024361, 1807 PARKWAY DR
-85.26834352,35.05040229, 1003 N  HAWTHORNE ST
-85.25425693,35.0681385, 2015 APPLING ST
-85.25255968,35.0703, 2802 CURTIS ST
-85.2623927,35.07061233, 1330 APPLING ST
-85.25214336,35.06588609, 2501 TAYLOR ST
-85.25406661,35.05521826, 2505 OLIVE ST
-85.22248802,35.0543063, 3715 SHAMROCK DR
-85.25654432,35.06471921, 2014 CRUTCHFIELD ST
-85.26673087,35.0471696, 2007 RAWLINGS ST
-85.22597744,35.05242634, 3809 ROLLINGWOOD DR
-85.20938464,35.07074436, 3809 DEERFOOT DR
-85.2468687,35.06707446, 2615 ANDREWS ST
-85.2320089,35.06997453, 3507 SALUDA ST
-85.24915561,35.06377212, 2508 LATTA ST
-85.26345567,35.06923468, 1421 LATTA ST
-85.26588738,35.04735442, 2016 MILNE ST
-85.24627939,35.06794956, 2514 BOONE ST
-85.2290758,35.0594245, 2413 NIMITZ ST
-85.26247653,35.05358059, 1402 BRADT ST
-85.27757721,35.05829117, 2001 RIVERSIDE DR
-85.23577908,35.06600037, 3013 TOWERWAY DR
-85.25889721,35.06046956, 2009 HARDY ST
-85.26748018,35.06593722, 2107 RIVERSIDE DR
-85.24902651,35.06411572, 2505 LATTA ST
-85.26552684,35.05943233, 1611 OLIVE ST
-85.22773121,35.04517096, 3840 AGAWELA DR
-85.26410815,35.0520444, 2007 WILSON ST
-85.22564156,35.0519058, 3802 WOODBROOK DR
-85.26507376,35.0495012, 2011 PORTLAND ST
-85.23215096,35.0473006, 1646 DOGWOOD DR
-85.27110572,35.04863241, 906 N  HICKORY ST
-85.26641574,35.05854559, 1615 OCOEE ST
-85.24521598,35.06910028, 2900 NOA ST
-85.25139714,35.0655923, 2308 DAISY ST
-85.25975828,35.06034669, 2002 HARDY ST
-85.25949635,35.05932913, 2008 SHERMAN ST
-85.26861727,35.05292806, 1214 N  HICKORY ST
-85.23216994,35.06970298, 3505 SALUDA ST
-85.24921991,35.07042066, 2902 TAYLOR ST
-85.24957963,35.06861378, 2308 BACHMAN ST
-85.24796577,35.06542278, 2524 GLASS ST
-85.25374854,35.06918895, 2701 CURTIS ST
-85.22682295,35.06036096, 2516 DOOLITTLE ST
-85.26630848,35.04896734, 2001 WINDSOR ST
-85.24434094,35.06595163, 2405 WILHOIT ST
-85.26948183,35.05364409, 1702 WILSON ST
-85.2820564,35.05481566, 1500 RIVERSIDE DR
-85.26215803,35.05423963, 1500 BRADT ST
-85.24796248,35.06431276, 2510 GLASS ST
-85.24778504,35.06599591, 2601 GLASS ST
-85.22462535,35.05231638, 3832 ROLLINGWOOD DR
-85.2416526,35.06970182, 200 MOON ST
-85.23623997,35.06599108, 3007 TOWERWAY DR
-85.24564463,35.06565858, 2407 BIRD ST
-85.2668737,35.05260921, 1812 WILSON ST
-85.22900598,35.05305471, 2011 DOGWOOD DR
-85.25204918,35.06622015, 2507 TAYLOR ST
-85.26890079,35.06608997, 2108 ELENA DR
-85.26110494,35.05697144, 1709 BRADT ST
-85.22712614,35.05264437, 3736 HEMINGWAY DR
-85.26939068,35.06612009, 2105 ELENA DR
-85.2641672,35.04677959, 2204 MILNE ST
-85.24929616,35.06381277, 2506 LATTA ST
-85.26601295,35.05920375, 1606 OLIVE ST
-85.2561898,35.05936998, 2003 TAYLOR ST
-85.25973248,35.05989285, 2005 SHERMAN ST
-85.25385844,35.06759022, 2104 APPLING ST
-85.26678011,35.06853354, 1108 CRUTCHFIELD ST
-85.24975538,35.05820983, 2102 PEARL ST
-85.26478127,35.05791259, 1785 OCOEE ST
-85.24768563,35.06498176, 2409 AWTRY ST
-85.23189917,35.05784047, 2305 GREEN FOREST DR
-85.25315447,35.06925558, 2704 CURTIS ST
-85.25861244,35.05907661, 2000 CURTIS ST
-85.2275988,35.06072751, 2513 DOOLITTLE ST
-85.25884803,35.05953128, 2013 SHERMAN ST
-85.22869052,35.06362744, 2616 ACUFF ST
-85.22695774,35.06093878, 2528 DOOLITTLE ST
-85.26272618,35.05057509, 2109 LAURA ST
-85.26466391,35.04992601, 2012 COOLEY ST
-85.23008389,35.06334064, 3416 COGSWELL ST
-85.24306605,35.07111564, 3119 CAMPBELL ST
-85.26386164,35.05252954, 1313 BRADT ST
-85.25865935,35.05991141, 2012 HARDY ST
-85.26783165,35.05409485, 1720 RUBIO ST
-85.268782,35.05256896, 1134 N  HICKORY ST
-85.22754491,35.05334449, 3709 HEMINGWAY DR
-85.22745786,35.06093471, 2521 DOOLITTLE ST
-85.24699033,35.06589827, 2630 GLASS ST
-85.22393246,35.05210413, 3840 ROLLINGWOOD DR
-85.20873753,35.07012969, 3804 DEERFOOT DR
-85.25587792,35.060039, 2011 TAYLOR ST
-85.25823763,35.05976686, 2008 CURTIS ST
-85.22680116,35.06120884, 2532 DOOLITTLE ST
-85.25453902,35.06821833, 2011 APPLING ST
-85.2530045,35.05335384, 2605 OCOEE ST
-85.22917125,35.05930637, 2409 NIMITZ ST
-85.2674993,35.05340289, 1801 WILSON ST
-85.25909941,35.05301476, 1503 TAYLOR ST
-85.24604426,35.06523538, 2404 HARLEY ST
-85.2706258,35.05363162, 1218 HENDRICKS ST
-85.26477759,35.04700524, 2106 MILNE ST
-85.22896467,35.06282807, 3440 COGSWELL ST
-85.26344173,35.04987662, 2105 COOLEY ST
-85.23675247,35.06571199, 3004 TOWERWAY DR
-85.25283455,35.06259713, 2201 DAVENPORT ST
-85.25951918,35.05683225, 1718 STANFIEL ST
-85.26764095,35.04749731, 1909 RAWLINGS ST
-85.25802013,35.05524074, 2301 OCOEE ST
-85.25989796,35.05600157, 2113 OCOEE ST
-85.26575527,35.0552497, 1810 NEWTON ST
-85.22916208,35.06384693, 2617 ACUFF ST
-85.25266509,35.07020042, 2800 CURTIS ST
-85.24737718,35.06525331, 2410 AWTRY ST
-85.26272768,35.05397435, 1405 BRADT ST
-85.2702768,35.05051928, 1710 PORTLAND ST
-85.25913936,35.06053567, 2007 HARDY ST
-85.2273744,35.06110152, 2523 DOOLITTLE ST
-85.25388359,35.05365096, 2517 OCOEE ST
-85.26810618,35.06599783, 2104 DELANO DR
-85.2659723,35.05375829, 1815 RUBIO ST
-85.23619723,35.06559791, 3008 TOWERWAY DR
-85.25182483,35.06477667, 2317 GLASS ST
-85.24596817,35.06412873, 2615 ARNO ST
-85.2593524,35.06105946, 2002 BRAGG ST
-85.25411788,35.05480934, 2506 OLIVE ST
-85.25116701,35.06500636, 2409 GLASS ST
-85.2509049,35.05439537, 1804 FRANCIS ST
-85.22656988,35.05243426, 3735 HEMINGWAY DR
-85.25825422,35.05553014, 1703 TAYLOR ST
-85.26116651,35.05495915, 2109 CAMDEN ST
-85.24754128,35.06459645, 2403 AWTRY ST
-85.26769842,35.06575304, 2105 RIVERSIDE DR
-85.25996481,35.0567889, 1713 STANFIEL ST
-85.22528215,35.04527412, 3870 AGAWELA DR
-85.23231999,35.04717503, 1640 DOGWOOD DR
-85.22653718,35.05339339, 3723 HEMINGWAY DR
-85.26696959,35.05372213, 1804 RUBIO ST
-85.24714579,35.06478267, 2402 AWTRY ST
-85.26619733,35.06949173, 1210 LATTA ST
-85.26712345,35.05378156, 1802 RUBIO ST
-85.25971816,35.05943227, 2006 SHERMAN ST
-85.27127594,35.05284958, 1204 HENDRICKS ST
-85.26057555,35.0561727, 2107 OCOEE ST
-85.24514858,35.06600768, 2412 BIRD ST
-85.22354059,35.05436837, 3708 SHAMROCK DR
-85.27165062,35.0499637, 1619 MILNE ST
-85.25893902,35.06092643, 2006 BRAGG ST
-85.25423984,35.06249615, 2105 TAYLOR ST
-85.25915759,35.05290652, 1501 TAYLOR ST
-85.27124586,35.04940915, 1624 MILNE ST
-85.22605785,35.04577203, 3859 AGAWELA DR
-85.26089101,35.04861028, 2300 WILSON ST
-85.27126101,35.05357602, 1215 HENDRICKS ST
-85.26513836,35.05503011, 1818 NEWTON ST
-85.2294724,35.04547668, 3818 AGAWELA DR
-85.227692,35.05963305, 2427 DOOLITTLE ST
-85.26536035,35.04866104, 2013 WINDSOR ST
-85.25105349,35.05654566, 1915 PEARL ST
-85.25119816,35.06286973, 2404 CRUTCHFIELD ST
-85.26721374,35.0686915, 1104 CRUTCHFIELD ST
-85.25310606,35.06116685, 2108 DAVENPORT ST
-85.26768219,35.05440633, 1721 RUBIO ST
-85.26343502,35.05538196, 1906 CAMDEN ST
-85.25320198,35.05298944, 2606 OCOEE ST
-85.22805287,35.05280519, 3700 HEMINGWAY DR
-85.26879659,35.05445114, 1708 RUBIO ST
-85.22929825,35.05795213, 2306 NIMITZ ST
-85.25019389,35.05490039, 2819 OCOEE ST
-85.26727716,35.05134534, 1104 N  HAWTHORNE ST
-85.26968575,35.05137151, 1010 N  HICKORY ST
-85.26789762,35.05098625, 1011 N  HAWTHORNE ST
-85.26853155,35.06560945, 2104 ELENA DR
-85.26783872,35.0544665, 1719 RUBIO ST
-85.25344417,35.05497611, 2515 OLIVE ST
-85.2534328,35.06296096, 2202 TAYLOR ST
-85.20884655,35.07059747, 3805 DEERFOOT DR
-85.23192646,35.07097339, 3508 WAUCHULA ST
-85.26780008,35.05302364, 1726 WILSON ST
-85.26661234,35.05228253, 1120 N  HAWTHORNE ST
-85.25440944,35.0538387, 2509 OCOEE ST
-85.26523398,35.04617219, 2110 RAWLINGS ST
-85.26488525,35.04649132, 2111 RAWLINGS ST
-85.26525951,35.04811742, 963 N  WILLOW ST
-85.22770241,35.05277353, 3706 HEMINGWAY DR
-85.24391414,35.06595178, 2404 WILHOIT ST
-85.26490482,35.04744837, 2103 MILNE ST
-85.25804655,35.05593932, 1711 TAYLOR ST
-85.25055244,35.05502887, 1814 FRANCIS ST
-85.26796317,35.04716982, 1902 RAWLINGS ST
-85.25356951,35.05308176, 2602 OCOEE ST
-85.26079298,35.05665157, 1706 BRADT ST
-85.24568676,35.06577457, 2411 BIRD ST
-85.22365931,35.05197784, 3844 ROLLINGWOOD DR
-85.22794912,35.05382715, 2018 DOGWOOD DR
-85.22740315,35.05935438, 2424 DOOLITTLE ST
-85.22882225,35.05896684, 2408 NIMITZ ST
-85.253232,35.0618689, 2117 DAVENPORT ST
-85.25885438,35.05998772, 2010 HARDY ST
-85.2657718,35.05904376, 1610 OLIVE ST
-85.23011691,35.05753807, 2235 NIMITZ ST
-85.25410856,35.05335891, 2512 OCOEE ST
-85.26872736,35.05479938, 1707 RUBIO ST
-85.26064364,35.0650804, 1800 CRUTCHFIELD ST
-85.26861399,35.06574557, 2106 ELENA DR
-85.26766988,35.06627881, 2108 DELANO DR
-85.25793914,35.06030815, 2014 CURTIS ST
-85.25813702,35.05577191, 1707 TAYLOR ST
-85.25837533,35.05537942, 2207 OCOEE ST
-85.24722291,35.06500807, 2406 AWTRY ST
-85.25318817,35.06103821, 2106 DAVENPORT ST
-85.25815258,35.0599381, 2010 CURTIS ST
-85.26917361,35.05355198, 1706 WILSON ST
-85.26026632,35.0562063, 1703 STANFIEL ST
-85.22629154,35.05196153, 3801 ROLLINGWOOD DR
-85.2232773,35.05230645, 3849 ROLLINGWOOD DR
-85.25187234,35.06347635, 2321 CRUTCHFIELD ST
-85.270948,35.05389587, 1221 HENDRICKS ST
-85.26491844,35.0494314, 2013 PORTLAND ST
-85.26209023,35.05670015, 2011 OCOEE ST
-85.22985492,35.04926212, 1825 BENNINGTON DR
-85.26468157,35.05867686, 1710 OLIVE ST
-85.24766523,35.06570802, 2600 GLASS ST
-85.25156043,35.06623828, 2508 TAYLOR ST
-85.2682964,35.05463936, 1713 RUBIO ST
-85.25249062,35.06318649, 2215 DAVENPORT ST
-85.23929515,35.0542507, 1851 JOHNNY ST
-85.26589787,35.05526909, 1808 NEWTON ST
-85.25256455,35.05463998, 2527 OLIVE ST
-85.26494337,35.05797861, 1775 OCOEE ST
-85.26542159,35.04822498, 2016 WINDSOR ST
-85.26598561,35.04883616, 2005 WINDSOR ST
-85.22888733,35.05074961, 1830 DOGWOOD DR
-85.25538122,35.05656252, 2322 GILBERT ST
-85.26568013,35.04714281, 905 N  WILLOW ST
-85.2301844,35.04807449, 1713 LA HUGH DR
-85.25461771,35.05389607, 2507 OCOEE ST
-85.25427958,35.05486997, 2504 OLIVE ST
-85.22370625,35.05391998, 3709 MCCOOL DR
-85.26223848,35.05774083, 1908 OLIVE ST
-85.24657318,35.06602204, 2642 GLASS ST
-85.25677461,35.05435664, 2318 OCOEE ST
-85.26709519,35.04685465, 2004 RAWLINGS ST
-85.25870992,35.05845696, 2035 RUBY ST
-85.2529072,35.0528738, 2610 OCOEE ST
-85.26600235,35.05336039, 1816 RUBIO ST
-85.25397788,35.05371893, 2515 OCOEE ST
-85.26181816,35.05482235, 2102 CAMDEN ST
-85.26879625,35.05488516, 1705 RUBIO ST
-85.26511946,35.04910486, 2014 PORTLAND ST
-85.25777345,35.05643766, 1801 TAYLOR ST
-85.26095975,35.05642329, 1702 BRADT ST
-85.2699396,35.04932912, 1711 MILNE ST
-85.25133632,35.05442029, 1803 FRANCIS ST
-85.26268498,35.05513438, 2006 CAMDEN ST
-85.25158298,35.05410572, 2606 OLIVE ST
-85.24513616,35.0655445, 2400 BIRD ST
-85.26655176,35.05253228, 1816 WILSON ST
-85.25784674,35.06047814, 2016 CURTIS ST
-85.26789767,35.06559903, 2103 RIVERSIDE DR
-85.25380381,35.06324821, 2205 TAYLOR ST
-85.26048359,35.05870019, 2012 RUBY ST
-85.26445099,35.04825691, 2103 WINDSOR ST
-85.25619165,35.05808953, 1911 TAYLOR ST
-85.26521586,35.05806524, 1707 OCOEE ST
-85.25769491,35.05655097, 1803 TAYLOR ST
-85.26771608,35.04754885, 1901 RAWLINGS ST
-85.23563479,35.0483314, 1615 PARKWAY DR
-85.2292497,35.05810603, 2308 NIMITZ ST
-85.25187086,35.05756018, 2521 MCRAE ST
-85.26091065,35.05654375, 1704 BRADT ST
-85.22842987,35.06431361, 2634 ACUFF ST
-85.264189,35.04777772, 2114 WINDSOR ST
-85.27140347,35.04989977, 1621 MILNE ST
-85.25633733,35.04720427, 1112 GLENWOOD DR
-85.22732595,35.0603189, 2506 DOOLITTLE ST
-85.268589,35.05476238, 1709 RUBIO ST
-85.25186277,35.05443244, 2601 OLIVE ST
-85.26959349,35.05372003, 1700 WILSON ST
-85.27311356,35.04962602, 1604 MILNE ST
-85.26627995,35.05393992, 1811 RUBIO ST
-85.22804109,35.05339785, 2014 DOGWOOD DR
-85.26924875,35.05403017, 1705 WILSON ST
-85.26683234,35.05684329, 1608 CAMDEN ST
-85.25637309,35.05797672, 1909 TAYLOR ST
-85.27174212,35.05240356, 1196 HENDRICKS ST
-85.25398033,35.05475904, 2508 OLIVE ST
-85.22993597,35.04876428, 1818 BENNINGTON DR
-85.23501897,35.0496806, 1801 PARKWAY DR
-85.26612374,35.05842086, 1641 OCOEE ST
-85.26454949,35.04987167, 2014 COOLEY ST
-85.22523775,35.04586425, 3869 AGAWELA DR
-85.22676133,35.05347561, 3719 HEMINGWAY DR
-85.23589295,35.06558886, 3010 TOWERWAY DR
-85.22540429,35.05228753, 3801 WOODBROOK DR
-85.26707352,35.06627375, 2111 RIVERSIDE DR
-85.25816802,35.05567485, 1705 TAYLOR ST
-85.25172144,35.06480515, 2401 GLASS ST
-85.27122948,35.05296272, 1206 HENDRICKS ST
-85.26706506,35.05322216, 1807 WILSON ST
-85.2695867,35.05264197, 1107 N  HICKORY ST
-85.23612365,35.04755471, 1605 PARKWAY DR
-85.23576168,35.04715931, 1600 PARKWAY DR
-85.26995514,35.05085182, 1002 N  HICKORY ST
-85.26369714,35.05195626, 2013 WILSON ST
-85.25592212,35.05401358, 2410 OCOEE ST
-85.27027989,35.04907379, 1708 MILNE ST
-85.27020641,35.05136553, 1009 N  HICKORY ST
-85.26968465,35.04924571, 1803 MILNE ST
-85.22469499,35.05158321, 3814 WOODBROOK DR
-85.26623761,35.05292502, 1817 WILSON ST
-85.2655349,35.04867936, 2011 WINDSOR ST
-85.25798201,35.05605408, 1715 TAYLOR ST
-85.26453527,35.05862509, 1712 OLIVE ST
-85.26843136,35.04835579, 1820 MILNE ST
-85.25392109,35.0526355, 1606 DIAMOND ST
-85.2637388,35.04760831, 2120 WINDSOR ST
-85.23117537,35.05023938, 1807 DOGWOOD DR
-85.26147264,35.05507736, 2105 CAMDEN ST
-85.26537449,35.05811507, 1705 OCOEE ST
-85.26391069,35.04861348, 2104 PORTLAND ST
-85.26999034,35.05041933, 1714 PORTLAND ST
-85.25413892,35.05375287, 2511 OCOEE ST
-85.23038002,35.04766424, 1710 LA HUGH DR
-85.25979941,35.05704675, 1717 STANFIEL ST
-85.25750903,35.0568931, 1811 TAYLOR ST
-85.26605314,35.05577086, 1803 NEWTON ST
-85.25376808,35.05510414, 2511 OLIVE ST
-85.26555908,35.04736397, 909 N  WILLOW ST
-85.26428802,35.0462669, 2205 RAWLINGS ST
-85.26727827,35.05282506, 1804 WILSON ST
-85.26499504,35.0549616, 1820 NEWTON ST
-85.26495801,35.05533245, 1817 NEWTON ST
-85.26432239,35.04878795, 2100 PORTLAND ST
-85.26657518,35.05862286, 1603 OCOEE ST
-85.25100667,35.05509425, 1813 FRANCIS ST
-85.25579954,35.0539818, 2412 OCOEE ST
-85.23581646,35.04803637, 1611 PARKWAY DR
-85.26586291,35.0483904, 2010 WINDSOR ST
-85.26490813,35.04845612, 2019 WINDSOR ST
-85.26942248,35.04914605, 1805 MILNE ST
-85.26524391,35.04719051, 2100 MILNE ST
-85.23621579,35.04736241, 1603 PARKWAY DR
-85.26378596,35.0526551, 1315 BRADT ST
-85.22917055,35.05824677, 2310 NIMITZ ST
-85.22334494,35.053561, 3712 MCCOOL DR
-85.25336574,35.06308656, 2204 TAYLOR ST
-85.24762466,35.06484688, 2407 AWTRY ST
-85.26539225,35.05772836, 1770 OCOEE ST
-85.25873009,35.05806297, 2038 RUBY ST
-85.25207809,35.06305618, 2214 DAVENPORT ST
-85.23002529,35.05773643, 2237 NIMITZ ST
-85.26611805,35.04693358, 2015 RAWLINGS ST
-85.25896245,35.05326448, 1507 TAYLOR ST
-85.26570555,35.04876665, 2009 WINDSOR ST
-85.25422635,35.05281144, 1607 DIAMOND ST
-85.26172419,35.05514017, 2101 CAMDEN ST
-85.25776592,35.05556175, 1706 TAYLOR ST
-85.2554109,35.0523515, 2501 RIDGE ST
-85.25109029,35.06549792, 2314 DAISY ST
-85.24569352,35.06481279, 2618 STEPHENS ST
-85.25241427,35.06242142, 2200 DAVENPORT ST
-85.2624464,35.05102257, 2110 WILSON ST
-85.26706229,35.05238069, 1117 N  HAWTHORNE ST
-85.26815059,35.05459215, 1715 RUBIO ST
-85.25051734,35.05433712, 2803 OCOEE ST
-85.2616011,35.05470184, 2106 CAMDEN ST
-85.26008812,35.05655378, 1709 STANFIEL ST
-85.26638279,35.04808761, 2005 MILNE ST
-85.26229291,35.0553744, 2007 CAMDEN ST
-85.22777225,35.05869855, 2410 DOOLITTLE ST
-85.26514534,35.05105924, 2000 LAURA ST
-85.26695087,35.05180433, 1112 N  HAWTHORNE ST
-85.23270722,35.04739425, 1635 DOGWOOD DR
-85.24612035,35.06537211, 2406 HARLEY ST
-85.27099432,35.04877404, 908 N  HICKORY ST
-85.26302099,35.05067037, 2105 LAURA ST
-85.26856496,35.04982789, 1810 PORTLAND ST
-85.2649496,35.05002778, 2008 COOLEY ST
-85.25653738,35.05787645, 1907 TAYLOR ST
-85.26738852,35.0542969, 1725 RUBIO ST
-85.23601286,35.04774242, 1607 PARKWAY DR
-85.23364668,35.05833408, 2318 GREEN FOREST DR
-85.27130704,35.04827398, 900 N  HICKORY ST
-85.25053084,35.05743032, 2007 PEARL ST
-85.26624721,35.04803715, 2007 MILNE ST
-85.26864603,35.05439674, 1710 RUBIO ST
-85.22939522,35.06288038, 3436 COGSWELL ST
-85.25999491,35.05829351, 2020 RUBY ST
-85.25677936,35.05476126, 2315 OCOEE ST
-85.25137849,35.05518565, 1832 PEARL ST
-85.25975398,35.05719375, 1719 STANFIEL ST
-85.25738283,35.0440782, 909 GLENWOOD DR
-85.26712924,35.05159509, 1108 N  HAWTHORNE ST
-85.26563559,35.04725699, 907 N  WILLOW ST
-85.26750255,35.05083609, 1096 N  HAWTHORNE ST
-85.25941021,35.05434507, 2205 CAMDEN ST
-85.26844563,35.05015071, 1001 N  HAWTHORNE ST
-85.23553586,35.04848516, 1617 PARKWAY DR
-85.26735819,35.04794921, 1906 MILNE ST
-85.27170681,35.04838786, 901 N  HICKORY ST
-85.23153744,35.0572864, 2300 GREEN FOREST DR
-85.26419285,35.05731314, 1804 OCOEE ST
-85.26330702,35.05185874, 2017 WILSON ST
-85.26726564,35.053848, 1800 RUBIO ST
-85.26619112,35.047476, 2012 MILNE ST
-85.22965095,35.04891978, 1824 BENNINGTON DR
-85.26785071,35.05022521, 1004 N  HAWTHORNE ST
-85.2711503,35.04979388, 1623 MILNE ST
-85.22476744,35.04539099, 3874 AGAWELA DR
-85.26449347,35.05123807, 2007 LAURA ST
-85.26416449,35.04916269, 2101 PORTLAND ST
-85.26031052,35.05863426, 2014 RUBY ST
-85.26961186,35.05148519, 1012 N  HICKORY ST
-85.24669918,35.06597135, 2640 GLASS ST
-85.2525619,35.05431861, 2528 OLIVE ST
-85.25125314,35.05744443, 2525 MCRAE ST
-85.23199945,35.04796578, 1659 DOGWOOD DR
-85.2332279,35.05851664, 2317 GREEN FOREST DR
-85.26404622,35.04947865, 2100 COOLEY ST
-85.2414061,35.05442742, 3126 DEE DR
-85.26628465,35.04699132, 2013 RAWLINGS ST
-85.23173457,35.04754711, 1658 DOGWOOD DR
-85.2630386,35.05027859, 2108 LAURA ST
-85.2637058,35.05279959, 1317 BRADT ST
-85.28357648,35.05528812, 1459 RIVERSIDE DR
-85.23076302,35.04860016, 1720 DOGWOOD DR
-85.26224382,35.05494628, 2012 CAMDEN ST
-85.26769544,35.05400388, 1722 RUBIO ST
-85.22721593,35.05305219, 3714 HEMINGWAY DR
-85.2325903,35.0468771, 1626 DOGWOOD DR
-85.22943756,35.04902889, 1828 BENNINGTON DR
-85.26405429,35.05068478, 2010 LAURA ST
-85.26601496,35.05032805, 1910 COOLEY ST
-85.26555952,35.0482833, 2014 WINDSOR ST
-85.26435573,35.04980504, 2016 COOLEY ST
-85.23286848,35.05780006, 2310 GREEN FOREST DR
-85.26389195,35.04764353, 2118 WINDSOR ST
-85.27232306,35.05022109, 1611 MILNE ST
-85.26552958,35.05815172, 1703 OCOEE ST
-85.26478953,35.05135144, 2003 LAURA ST
-85.26465467,35.0512932, 2005 LAURA ST
-85.22436964,35.05147968, 3818 WOODBROOK DR
-85.26481792,35.04898342, 2018 PORTLAND ST
-85.26741949,35.0509734, 1098 N  HAWTHORNE ST
-85.23023614,35.04916412, 1805 BENNINGTON DR
-85.26370651,35.05151219, 2016 WILSON ST
-85.25714053,35.05641127, 1806 TAYLOR ST
-85.26596329,35.04793237, 2011 MILNE ST
-85.25695838,35.05714831, 2300 GILBERT ST
-85.23628051,35.04719956, 1601 PARKWAY DR
-85.26066731,35.05683356, 1710 BRADT ST
-85.2626284,35.05422802, 1409 BRADT ST
-85.26510232,35.05203447, 1910 WILSON ST
-85.23137968,35.05764303, 2301 GREEN FOREST DR
-85.2690016,35.04998626, 1804 PORTLAND ST
-85.22409714,35.05182827, 3817 WOODBROOK DR
-85.23427251,35.05006468, 1806 PARKWAY DR
-85.25766044,35.04801172, 2508 LAURA ST
-85.23005828,35.04939298, 1802 DOGWOOD DR
-85.23461939,35.0504134, 1809 PARKWAY DR
-85.26327671,35.05531266, 1910 CAMDEN ST
-85.26565852,35.04777922, 2015 MILNE ST
-85.26750732,35.04800481, 1904 MILNE ST
-85.25057929,35.05633325, 1906 PEARL ST
-85.26378457,35.04899691, 2113 PORTLAND ST
-85.23480971,35.05005856, 1805 PARKWAY DR
-85.26585866,35.04976154, 2001 PORTLAND ST
-85.2674118,35.04691764, 906 ROANOKE AVE
-85.23141378,35.04776091, 1685 JEANAGA TRL
-85.26020409,35.05859869, 2016 RUBY ST
-85.27085001,35.0490825, 918 N  HICKORY ST
-85.24961496,35.05514096, 2822 OCOEE ST
-85.25760846,35.04231988, 808 GLENWOOD DR
-85.25953489,35.05880028, 2021 RUBY ST
-85.25890279,35.05337162, 1509 TAYLOR ST
-85.26037488,35.0560795, 1701 STANFIEL ST
-85.25754106,35.04252135, 812 GLENWOOD DR
-85.26541563,35.05058894, 2001 COOLEY ST
-85.22914419,35.0505758, 1828 DOGWOOD DR
-85.26319475,35.05076587, 2103 LAURA ST
-85.2655118,35.05161905, 1905 LAURA ST
-85.27299375,35.05013594, 1605 MILNE ST
-85.2708854,35.04970152, 1627 MILNE ST
-85.26702268,35.04728135, 2003 RAWLINGS ST
-85.27151932,35.04878796, 907 N  HICKORY ST
-85.23375849,35.05094419, 1900 PARKWAY DR
-85.22699196,35.04580612, 3847 AGAWELA DR
-85.26402381,35.05108382, 2013 LAURA ST
-85.25559107,35.05705097, 2315 GILBERT ST
-85.26659355,35.0480615, 2003 MILNE ST
-85.26474946,35.05036804, 2009 COOLEY ST
-85.23572949,35.0481858, 1613 PARKWAY DR
-85.22690693,35.05307131, 3728 HEMINGWAY DR
-85.25617669,35.04745216, 1206 GLENWOOD DR
-85.23394815,35.0587517, 2323 GREEN FOREST DR
-85.26603201,35.04941005, 2002 PORTLAND ST
-85.2666383,35.04765974, 2004 MILNE ST
-85.2637026,35.04700779, 2209 MILNE ST
-85.26525491,35.05151137, 1909 LAURA ST
-85.26911064,35.05006108, 1802 PORTLAND ST
-85.27188037,35.05004875, 1615 MILNE ST
-85.27093774,35.04893241, 914 N  HICKORY ST
-85.23450092,35.0506162, 1811 PARKWAY DR
-85.26236146,35.05045062, 2115 LAURA ST
-85.25881412,35.05853196, 2033 RUBY ST
-85.26318212,35.05031332, 2106 LAURA ST
-85.22862513,35.0514918, 2006 DOGWOOD DR
-85.23005717,35.05178568, 1841 DOGWOOD DR
-85.26217392,35.05134922, 2113 WILSON ST
-85.27129604,35.04918449, 911 N  HICKORY ST
-85.22343193,35.04532976, 3878 AGAWELA DR
-85.26411639,35.04617299, 2207 RAWLINGS ST
-85.23530441,35.04873148, 1703 PARKWAY DR
-85.26419741,35.05168457, 2010 WILSON ST
-85.26418243,35.0511266, 2011 LAURA ST
-85.25835515,35.05833844, 2041 RUBY ST
-85.27027932,35.05124388, 1007 N  HICKORY ST
-85.26631094,35.0465825, 2014 RAWLINGS ST
-85.22904131,35.04544461, 3824 AGAWELA DR
-85.23511021,35.04948432, 1713 PARKWAY DR
-85.25743955,35.04274101, 816 GLENWOOD DR
-85.26442696,35.04630875, 2203 RAWLINGS ST
-85.22845563,35.04527665, 3832 AGAWELA DR
-85.2679776,35.05085416, 1009 N  HAWTHORNE ST
-85.26715326,35.04831655, 1907 MILNE ST
-85.22504593,35.05170782, 3810 WOODBROOK DR
-85.2289651,35.0459589, 3823 AGAWELA DR
-85.25712899,35.04328935, 826 GLENWOOD DR
-85.23054634,35.04880692, 1728 DOGWOOD DR
-85.26599933,35.04645749, 2024 RAWLINGS ST
-85.27287019,35.04970946, 1606 MILNE ST
-85.26537937,35.04964136, 2007 PORTLAND ST
-85.26776903,35.05122658, 1101 N  HAWTHORNE ST
-85.26764246,35.05058405, 1092 N  HAWTHORNE ST
-85.25744888,35.043858, 905 GLENWOOD DR
-85.26695081,35.0468096, 2006 RAWLINGS ST
-85.22724584,35.04521133, 3842 AGAWELA DR
-85.26944065,35.05172312, 1016 N  HICKORY ST
-85.26648584,35.04661702, 2012 RAWLINGS ST
-85.26570846,35.04636052, 2100 RAWLINGS ST
-85.23290626,35.04653996, 1602 DOGWOOD DR
-85.26521482,35.04662158, 2105 RAWLINGS ST
-85.26556491,35.05219253, 1904 WILSON ST
-85.22288784,35.04556749, 3881 AGAWELA DR
-85.26505455,35.0466701, 2109 RAWLINGS ST
-85.26282571,35.04633902, 2301 MILNE ST
-85.22677438,35.04518302, 3852 AGAWELA DR
-85.22843801,35.04583204, 3829 AGAWELA DR
-85.26458426,35.0458193, 2200 RAWLINGS ST
-85.26386483,35.04667303, 2210 MILNE ST
-85.22402731,35.04544886, 3876 AGAWELA DR
-85.26554262,35.04668031, 2101 RAWLINGS ST
-85.22621318,35.0451607, 3858 AGAWELA DR
-85.26432879,35.04584846, 2206 RAWLINGS ST
-85.26546358,35.05110771, 1910 LAURA ST
-85.24657448,35.06524477, 2405 HARLEY ST
-85.25109675,35.06028622, 2099 MUSEUM ST
-85.26408309,35.05717866, 1806 OCOEE ST
-85.24948482,35.06508863, 2440 GLASS ST
-85.2298352,35.06378471, 3415 COGSWELL ST
-85.22997973,35.05798041, 2303 NIMITZ ST
-85.2306807,35.0712744, 3600 SALUDA ST
-85.25493639,35.07809236, 1603 WISDOM ST
-85.24978766,35.05455528, 2818 OCOEE ST
-85.2414185,35.06605804, 2402 YORK ST
-85.25158608,35.0655609, 2306 DAISY ST
-85.25647096,35.06535576, 2001 CRUTCHFIELD ST
-85.25155334,35.07323007, 3009 CURTIS ST
-85.24827686,35.07676144, 2109 ALLIN ST
-85.26091481,35.05627037, 1700 BRADT ST
-85.26686463,35.07078351, 1105 LATTA ST
-85.22609994,35.06847616, 2908 HIGGS ST
-85.25222666,35.05786603, 2509 MCRAE ST
-85.25954984,35.05826626, 2026 RUBY ST
-85.23567513,35.04731804, 1602 PARKWAY DR
-85.25331966,35.06574105, 2418 DODSON AVE
-85.26715889,35.05271229, 1806 WILSON ST
-85.25154544,35.05491415, 1828 PEARL ST
-85.25467351,35.06894988, 2615 ORTON ST
-85.25402172,35.0675665, 2102 APPLING ST
-85.23312922,35.06501581, 3014 NORTHWAY LN
-85.25847812,35.05847655, 2039 RUBY ST
-85.23812133,35.07741286, 2700 FAIRVIEW DR
-85.26560441,35.05834209, 1701 OCOEE ST
-85.26359921,35.05581863, 1903 CAMDEN ST
-85.2462316,35.0660186, 2650 GLASS ST
-85.24149152,35.06640708, 2418 YORK ST
-85.22965608,35.06068265, 2484 NORTHBRIER CIR
-85.25412997,35.06992242, 2711 ORTON ST
-85.25481649,35.06003405, 2338 INFANTRY RD
-85.25530506,35.06021075, 2314 INFANTRY RD
-85.2520427,35.06257786, 2205 WHEELER AVE
-85.25585233,35.05332557, 1607 N  CHAMBERLAIN AVE
-85.25852436,35.06074925, 2010 BRAGG ST
-85.23553788,35.04749209, 1606 PARKWAY DR
-85.25027437,35.05324112, 2806 OCOEE ST
-85.22870195,35.06142536, 2512 TUNNEL BLVD
-85.22625568,35.0564183, 2433 LEANN CIR
-85.24176372,35.05731707, 1886 GREENWOOD RD
-85.22509969,35.08060644, 4051 GLENCOE ST
-85.27141586,35.05260093, 1200 HENDRICKS ST
-85.26931336,35.05002773, 1800 PORTLAND ST
-85.26132455,35.05670976, 1705 BRADT ST
-85.2464564,35.06679559, 2620 ANDREWS ST
-85.22905089,35.05343933, 2023 DOGWOOD DR
-85.25632801,35.07027778, 2703 N  ORCHARD KNOB AVE
-85.26473243,35.05258047, 1305 ROANOKE AVE
-85.25096324,35.06371416, 2308 WHEELER AVE
-85.23299303,35.06539362, 3015 NORTHWAY LN
-85.25329707,35.06601775, 2420 DODSON AVE
-85.26235019,35.05368034, 1404 BRADT ST
-85.26383635,35.05199178, 2011 WILSON ST
-85.26560072,35.04625059, 2102 RAWLINGS ST
-85.26501647,35.05193385, 1912 WILSON ST
-85.25456943,35.07795629, 1607 WISDOM ST
-85.26731897,35.05109586, 1100 N  HAWTHORNE ST
-85.24953807,35.06399285, 2320 N  CHAMBERLAIN AVE
-85.23129123,35.05681379, 2230 TUNNEL BLVD
-85.25502633,35.06487369, 2305 DODSON AVE
-85.25594338,35.07086135, 2713 N  ORCHARD KNOB AVE
-85.25834454,35.0531472, 1509 ARLINGTON AVE
-85.25609621,35.05971935, 2007 TAYLOR ST
-85.24653617,35.07707364, 2209 SIMS ST
-85.23575971,35.07575798, 2805 FAIRVIEW DR
-85.25036747,35.06037605, 2126 MUSEUM ST
-85.25652237,35.05217335, 1503 N  CHAMBERLAIN AVE
-85.24610171,35.07013882, 2920 N  CHAMBERLAIN AVE
-85.23454859,35.06983613, 3047 NEW YORK AVE
-85.27189736,35.04916404, 910 SHOLAR CT
-85.23430582,35.0489393, 3602 EVERGREEN CT
-85.2371408,35.07576082, 2721 FAIRVIEW DR
-85.25057946,35.05331014, 2802 OCOEE ST
-85.24921546,35.08293143, 3713 N  HAWTHORNE ST
-85.25664652,35.05407779, 1611 WHEELER AVE
-85.22422653,35.05306274, 3812 BRIARCLIFF WAY
-85.24269256,35.06252463, 2411 WOOLSON RD
-85.23895338,35.07304212, 3402 CAMPBELL ST
-85.24952558,35.06848253, 2312 BACHMAN ST
-85.25473828,35.06883187, 2611 ORTON ST
-85.23822785,35.0758611, 2714 FAIRVIEW DR
-85.22746044,35.05058515, 3720 MARK TWAIN CIR
-85.23225103,35.05498632, 2124 TUNNEL BLVD
-85.23338269,35.05425455, 2107 TUNNEL BLVD
-85.24610576,35.07507462, 2337 ALLIN ST
-85.2437082,35.07140829, 3110 NOA ST
-85.22902152,35.06429489, 2633 ACUFF ST
-85.25623511,35.0677202, 1911 DAISY ST
-85.22751294,35.05202932, 3709 JUANDALE TRL
-85.22339066,35.05276015, 3824 BRIARCLIFF WAY
-85.259158,35.05378589, 2212 CAMDEN ST
-85.25119889,35.05341073, 2720 OCOEE ST
-85.26736096,35.06920828, 1009 CRUTCHFIELD ST
-85.26992886,35.04862043, 908 SHERIDAN CT
-85.22582802,35.05732225, 2418 LEANN CIR
-85.27027046,35.04822195, 904 SHERIDAN CT
-85.23504394,35.0507123, 1828 TUNNEL BLVD
-85.24550961,35.06787878, 2500 FROST ST
-85.25330704,35.06780772, 2111 APPLING ST
-85.2522617,35.0728038, 2009 STUART ST
-85.24172505,35.06680176, 2444 YORK ST
-85.26070874,35.05870599, 2004 RUBY ST
-85.23835781,35.07702726, 2704 FAIRVIEW DR
-85.26420218,35.07468692, 1011 BACHMAN ST
-85.26771263,35.05152344, 1105 N  HAWTHORNE ST
-85.24583803,35.07181893, 2415 WILDER ST
-85.26508248,35.04604696, 2112 RAWLINGS ST
-85.23267045,35.05962804, 2316 GREEN FOREST LN
-85.23632417,35.04849013, 1714 TUNNEL BLVD
-85.26886518,35.04850239, 908 HAWTHORNE CT
-85.22517639,35.05367135, 3719 BRIARCLIFF WAY
-85.22756589,35.05680132, 2441 LEANN CIR
-85.26784083,35.04820696, 914 N  ORCHARD KNOB AVE
-85.27063191,35.05284713, 1215 SHOLAR AVE
-85.22816737,35.04778548, 1724 GANASITA TRL
-85.22985705,35.06326688, 3426 COGSWELL ST
-85.23827673,35.0772214, 2702 FAIRVIEW DR
-85.24731035,35.07245358, 2311 WILDER ST
-85.24595055,35.06665015, 2649 GLASS ST
-85.26030431,35.05014895, 2306 WILSON ST
-85.26389886,35.05716653, 1808 OCOEE ST
-85.25962921,35.05651106, 1712 STANFIEL ST
-85.26665239,35.05043407, 1058 N  ORCHARD KNOB AVE
-85.22783813,35.05773952, 2451 LEANN CIR
-85.25271267,35.05811455, 2006 N  CHAMBERLAIN AVE
-85.23498917,35.04860363, 36 AGNES AVE
-85.24973287,35.06544074, 2441 GLASS ST
-85.2289743,35.07646296, 3827 WAUCHULA ST
-85.25319994,35.07615133, 3200 N  HAWTHORNE ST
-85.25752885,35.05705882, 1813 TAYLOR ST
-85.26566493,35.04977547, 2003 PORTLAND ST
-85.25711161,35.05448373, 2312 OCOEE ST
-85.26405447,35.05509157, 1502 N  ORCHARD KNOB AVE
-85.25908863,35.04859989, 1202 WHEELER AVE
-85.26249997,35.0558236, 1606 ROANOKE AVE
-85.23256126,35.04840151, 1729 JEANAGA TRL
-85.24406488,35.06924975, 2614 STUART ST
-85.24350147,35.06766731, 2505 CAMPBELL ST
-85.23245227,35.05887264, 2307 GREEN FOREST LN
-85.23276415,35.05160647, 3537 COTTONWOOD LN
-85.23391423,35.04930011, 3605 EVERGREEN CT
-85.22246711,35.05220845, 3914 JUANDALE TRL
-85.2688891,35.05134718, 1107 SHERIDAN AVE
-85.22526399,35.05103706, 3826 JUANDALE TRL
-85.25050146,35.07104897, 2904 DODSON AVE
-85.23831677,35.07606843, 2712 FAIRVIEW DR
-85.25101256,35.07241344, 2107 STUART ST
-85.23564166,35.07610994, 3604 PARKWAY DR
-85.25496187,35.06991511, 2705 ROANOKE AVE
-85.22724857,35.05967825, 3700 MCARTHUR AVE
-85.23222185,35.05618461, 2205 TUNNEL BLVD
-85.24977014,35.06349923, 2312 N  CHAMBERLAIN AVE
-85.23239704,35.05470321, 2120 TUNNEL BLVD
-85.22812132,35.06048304, 3515 MCARTHUR AVE
-85.2307737,35.06065698, 2467 NORTHBRIER CIR
-85.25630666,35.06039412, 2020 DODSON AVE
-85.25104157,35.06655761, 2511 O REAR ST
-85.26003544,35.05004981, 2310 WILSON ST
-85.26197629,35.05755698, 1912 OLIVE ST
-85.22847115,35.053885, 2035 DOGWOOD DR
-85.25034682,35.06348325, 2313 N  CHAMBERLAIN AVE
-85.24614158,35.07192826, 2411 WILDER ST
-85.23367992,35.05212775, 3526 COTTONWOOD LN
-85.26816677,35.05557073, 1709 WILCOX BLVD
-85.23133317,35.06127872, 2456 NORTHBRIER CIR
-85.23385157,35.05381729, 2101 TUNNEL BLVD
-85.24660053,35.07430335, 2315 SEARLE ST
-85.26844769,35.05324879, 1716 WILSON ST
-85.22605134,35.05883184, 2413 LEANN CIR
-85.21210922,35.07089755, 3708 CHIEF VANN LN
-85.25828755,35.05332401, 1511 ARLINGTON AVE
-85.24060776,35.06512429, 712 N  CREST RD
-85.23092341,35.05515829, 3532 GARNER RD
-85.26250219,35.04355428, 2311 CITICO AVE
-85.23360136,35.07900804, 2822 RIDGECREST DR
-85.25080196,35.06578689, 2313 DAISY ST
-85.24613435,35.06614708, 2656 GLASS ST
-85.26794233,35.05458291, 1717 RUBIO ST
-85.25947194,35.04789228, 1114 WHEELER AVE
-85.24933884,35.07001818, 2818 TAYLOR ST
-85.23364449,35.07780232, 3611 PARKWAY DR
-85.26011455,35.04766513, 1109 WHEELER AVE
-85.23683508,35.04760798, 1700 TUNNEL BLVD
-85.2519584,35.0732604, 3008 ORTON ST
-85.25890739,35.05566173, 1704 DODSON AVE
-85.25775432,35.05325322, 1512 ARLINGTON AVE
-85.26005396,35.04899365, 1204 ARLINGTON AVE
-85.27052806,35.05226719, 1206 SHOLAR AVE
-85.2724527,35.04930858, 907 SHOLAR CT
-85.25645968,35.05233714, 1505 N  CHAMBERLAIN AVE
-85.2815384,35.05620309, 1497 RIVERSIDE DR
-85.22251767,35.05345043, 3921 JUANDALE TRL
-85.21295019,35.07885538, 3501 CADEN DR
-85.26710409,35.05146546, 1106 N  HAWTHORNE ST
-85.24257869,35.07094959, 3122 CAMPBELL ST
-85.23107481,35.05962606, 2412 NORTHBRIER CIR
-85.23315273,35.05928712, 2317 GREEN FOREST LN
-85.23249619,35.06210931, 2308 NORTHBRIER LN
-85.26499653,35.05811389, 1709 OCOEE ST
-85.25273515,35.05908525, 2019 N  CHAMBERLAIN AVE
-85.2482206,35.06604364, 2507 AWTRY ST
-85.26776143,35.0503383, 1006 N  HAWTHORNE ST
-85.25618114,35.05956244, 2005 TAYLOR ST
-85.22855501,35.04709517, 3823 CONAHANEY TRL
-85.23388679,35.05340821, 2035 TUNNEL BLVD
-85.23103424,35.06119386, 2460 NORTHBRIER CIR
-85.26631119,35.05798939, 1640 OCOEE ST
-85.23191364,35.06523494, 3023 NORTHWAY LN
-85.24810863,35.07397495, 2211 ELMENDORF ST
-85.24930921,35.07601435, 3304 CURTIS ST
-85.23738916,35.07575483, 2719 FAIRVIEW DR
-85.24649038,35.07442827, 2319 SEARLE ST
-85.26893622,35.05313231, 1217 N  HICKORY ST
-85.23178622,35.06212534, 2315 NORTHBRIER LN
-85.24613668,35.07714783, 3505 TAYLOR ST
-85.22847307,35.0617557, 2534 TUNNEL BLVD
-85.24109937,35.0589583, 1954 GREENWOOD RD
-85.22339664,35.08173866, 3309 GRANADA ST
-85.22470254,35.05453735, 3705 BRIARCLIFF WAY
-85.26316999,35.05325177, 2008 WILCOX BLVD
-85.2354788,35.05359014, 3425 PERSIMMON LN
-85.26501133,35.05334014, 1314 N  ORCHARD KNOB AVE
-85.25604011,35.07850592, 1503 WISDOM ST
-85.25268013,35.05921058, 2021 N  CHAMBERLAIN AVE
-85.26254781,35.05762353, 1700 N  ORCHARD KNOB AVE
-85.23247035,35.05167742, 3541 COTTONWOOD LN
-85.20840643,35.07004392, 3817 LIGHTFOOT MILL RD
-85.26632252,35.05981329, 1802 SHOLAR AVE
-85.27618133,35.06116962, 2003 CURTAIN POLE RD
-85.23853201,35.07659174, 2708 FAIRVIEW DR
-85.24940612,35.06515492, 2442 GLASS ST
-85.26992687,35.05466129, 1302 N  HOLTZCLAW AVE
-85.25727486,35.07631365, 3104 RIVERSIDE DR
-85.23472625,35.05229506, 2025 TUNNEL BLVD
-85.25609825,35.07064031, 2709 N  ORCHARD KNOB AVE
-85.2608241,35.0454966, 900 WHEELER AVE
-85.25896656,35.05664224, 1725 DODSON AVE
-85.23545136,35.04995477, 1820 TUNNEL BLVD
-85.25661342,35.05630486, 1805 ARLINGTON AVE
-85.23084256,35.05952267, 2408 NORTHBRIER CIR
-85.24876481,35.07700859, 2103 ALLIN ST
-85.25932631,35.05573854, 1701 DODSON AVE
-85.23191893,35.05921648, 2310 GREEN FOREST LN
-85.22862289,35.06066469, 3505 MCARTHUR AVE
-85.26403335,35.05307845, 1316 ROANOKE AVE
-85.27273216,35.05292582, 1200 N  HOLTZCLAW AVE
-85.24074494,35.05403629, 1636 GREENWOOD RD
-85.224703,35.05094681, 3834 JUANDALE TRL
-85.25116561,35.06016289, 2083 MUSEUM ST
-85.23652086,35.07010431, 2931 PENNSYLVANIA AVE
-85.2359333,35.07717533, 3612 PARKWAY DR
-85.22888422,35.052526, 2003 DOGWOOD DR
-85.24975425,35.05404299, 2816 OCOEE ST
-85.21194353,35.07011158, 3700 CHIEF VANN LN
-85.25091236,35.06383496, 2310 WHEELER AVE
-85.2335278,35.06166573, 2300 NORTHBRIER LN
-85.22932999,35.05901713, 3505 SUMTER AVE
-85.25587721,35.0702604, 2704 N  ORCHARD KNOB AVE
-85.23843773,35.07683348, 2706 FAIRVIEW DR
-85.25768851,35.05021341, 1309 N  CHAMBERLAIN AVE
-85.23134782,35.06539205, 3027 NORTHWAY LN
-85.23100998,35.06074227, 2463 NORTHBRIER CIR
-85.25199999,35.06271707, 2207 WHEELER AVE
-85.26431014,35.05260675, 1306 ROANOKE AVE
-85.27008768,35.05295499, 1220 SHOLAR AVE
-85.22404228,35.05344728, 3805 BRIARCLIFF WAY
-85.23455911,35.07612929, 3605 PARKWAY DR
-85.25763825,35.0523083, 1501 WHEELER AVE
-85.26706689,35.05840643, 1616 SHOLAR AVE
-85.2528364,35.05788501, 2000 N  CHAMBERLAIN AVE
-85.27101733,35.05238713, 1207 SHOLAR AVE
-85.22489991,35.0807973, 4053 GLENCOE ST
-85.23156586,35.06023318, 2425 NORTHBRIER CIR
-85.2628489,35.05320914, 2012 WILCOX BLVD
-85.27024903,35.05265095, 1214 SHOLAR AVE
-85.25479145,35.07021153, 2709 ROANOKE AVE
-85.23080803,35.05758509, 2300 TUNNEL BLVD
-85.25837069,35.05001032, 1302 WHEELER AVE
-85.22693182,35.05134957, 3722 JUANDALE TRL
-85.25793087,35.05840912, 1943 DODSON AVE
-85.25800912,35.04942801, 1219 N  CHAMBERLAIN AVE
-85.25680604,35.04097077, 2708 CITICO AVE
-85.22753698,35.05840718, 3707 SUMTER AVE
-85.25624051,35.05616125, 1804 ARLINGTON AVE
-85.26260618,35.05005154, 1107 DODSON AVE
-85.25638258,35.05369073, 1610 WHEELER AVE
-85.27010132,35.052833, 1218 SHOLAR AVE
-85.25714774,35.06038472, 2017 DODSON AVE
-85.26046827,35.04824899, 1116 ARLINGTON AVE
-85.26479339,35.05471674, 1409 N  ORCHARD KNOB AVE
-85.23344745,35.05967897, 2321 GREEN FOREST LN
-85.26030004,35.04741388, 1105 WHEELER AVE
-85.2298627,35.06031291, 2483 NORTHBRIER CIR
-85.24062852,35.06426957, 700 N  CREST RD
-85.25440517,35.06992177, 2710 ROANOKE AVE
-85.24836254,35.06588197, 2523 GLASS ST
-85.23559931,35.05335873, 3429 PERSIMMON LN
-85.25167714,35.06993593, 2803 DODSON AVE
-85.25076901,35.06410422, 2314 WHEELER AVE
-85.26392222,35.05323136, 1320 ROANOKE AVE
-85.25937855,35.04906355, 1209 WHEELER AVE
-85.25116759,35.07080849, 2827 DODSON AVE
-85.23008386,35.0604167, 2479 NORTHBRIER CIR
-85.26409674,35.05595179, 1513 N  ORCHARD KNOB AVE
-85.22741928,35.05759524, 2434 LEANN CIR
-85.25530359,35.06193579, 2110 DODSON AVE
-85.26333998,35.05336982, 2006 WILCOX BLVD
-85.25656476,35.05328506, 1600 WHEELER AVE
-85.27018262,35.05274725, 1216 SHOLAR AVE
-85.24973563,35.0645813, 2409 N  CHAMBERLAIN AVE
-85.25833386,35.05665794, 1800 DODSON AVE
-85.21261319,35.07054689, 3705 CHIEF VANN LN
-85.25914726,35.0560745, 1717 DODSON AVE
-85.24811043,35.07030814, 2905 WHEELER AVE
-85.2748131,35.06088142, 2005 AMNICOLA HWY
-85.23332998,35.06514861, 3012 NORTHWAY LN
-85.26831089,35.05520332, 1708 WILCOX BLVD
-85.22159047,35.05375208, 3924 JUANDALE TRL
-85.25138088,35.06383552, 2309 WHEELER AVE
-85.22989954,35.06077449, 2480 NORTHBRIER CIR
-85.24232149,35.06189084, 2414 WOOLSON RD
-85.23298894,35.0618709, 2304 NORTHBRIER LN
-85.26448055,35.05431633, 1402 N  ORCHARD KNOB AVE
-85.25991793,35.04804082, 1115 WHEELER AVE
-85.23362713,35.06575352, 3009 NORTHWAY LN
-85.23008703,35.05893574, 2328 TUNNEL BLVD
-85.26827213,35.07003857, 2309 BELLE ARBOR AVE
-85.20954823,35.06964048, 3805 CHERWOOD LN
-85.23213477,35.05515708, 2128 TUNNEL BLVD
-85.25858968,35.04844439, 1205 N  CHAMBERLAIN AVE
-85.23177548,35.05986858, 2424 NORTHBRIER CIR
-85.23085796,35.06514208, 3030 NORTHWAY LN
-85.22541132,35.04639739, 3868 CONAHANEY TRL
-85.22459692,35.04963631, 3844 MARK TWAIN CIR
-85.26542015,35.05409505, 1818 WILCOX BLVD
-85.22966806,35.059642, 2418 TUNNEL BLVD
-85.26443361,35.05536066, 1505 N  ORCHARD KNOB AVE
-85.26484631,35.05460712, 1407 N  ORCHARD KNOB AVE
-85.24974101,35.06443373, 2407 N  CHAMBERLAIN AVE
-85.23266398,35.0553391, 2129 TUNNEL BLVD
-85.23253516,35.05445298, 2116 TUNNEL BLVD
-85.23120808,35.0467243, 1644 JEANAGA TRL
-85.23109192,35.06548575, 3029 NORTHWAY LN
-85.25074344,35.06276916, 2217 N  CHAMBERLAIN AVE
-85.25978228,35.04739184, 1106 WHEELER AVE
-85.26053424,35.0481233, 1114 ARLINGTON AVE
-85.23494338,35.04816253, 37 AGNES AVE
-85.24623269,35.07109584, 3011 N  CHAMBERLAIN AVE
-85.25345893,35.0653536, 2410 DODSON AVE
-85.23160229,35.06109305, 2449 NORTHBRIER CIR
-85.2571787,35.05320238, 1515 WHEELER AVE
-85.25913351,35.04743649, 1111 N  CHAMBERLAIN AVE
-85.23690059,35.04746392, 1604 TUNNEL BLVD
-85.23616384,35.04999911, 1817 TUNNEL BLVD
-85.23638519,35.07028083, 2939 PENNSYLVANIA AVE
-85.25509562,35.05467742, 1711 N  CHAMBERLAIN AVE
-85.23196604,35.06483083, 3022 NORTHWAY LN
-85.26458236,35.05285421, 1309 ROANOKE AVE
-85.20817868,35.0704639, 3821 LIGHTFOOT MILL RD
-85.25422116,35.05536656, 1800 N  CHAMBERLAIN AVE
-85.23277194,35.06201229, 2306 NORTHBRIER LN
-85.20805002,35.07067976, 3823 LIGHTFOOT MILL RD
-85.26072612,35.04774033, 1108 ARLINGTON AVE
-85.27051382,35.05302495, 1219 SHOLAR AVE
-85.24959812,35.06388714, 2318 N  CHAMBERLAIN AVE
-85.23425136,35.07027413, 2917 NEW JERSEY AVE
-85.2328824,35.05919828, 2315 GREEN FOREST LN
-85.25539201,35.05420133, 1701 N  CHAMBERLAIN AVE
-85.2119114,35.07040717, 3702 CHIEF VANN LN
-85.23090989,35.04706723, 1660 JEANAGA TRL
-85.2559772,35.05206652, 1508 N  CHAMBERLAIN AVE
-85.25697408,35.04102908, 2706 CITICO AVE
-85.2345845,35.07019297, 3039 NEW YORK AVE
-85.2362644,35.07098907, 2996 NEW YORK AVE
-85.26973409,35.0532856, 1226 SHOLAR AVE
-85.26805113,35.05508409, 1712 WILCOX BLVD
-85.2558563,35.07097565, 2715 N  ORCHARD KNOB AVE
-85.23233225,35.06124708, 2322 NORTHBRIER LN
-85.21200878,35.07065742, 3704 CHIEF VANN LN
-85.22901982,35.04722384, 3817 CONAHANEY TRL
-85.2269126,35.05850729, 2402 LEANN CIR
-85.27225484,35.04948501, 911 SHOLAR CT
-85.25120047,35.06321697, 2300 WHEELER AVE
-85.27227196,35.04887593, 906 SHOLAR CT
-85.25892046,35.04779792, 1119 N  CHAMBERLAIN AVE
-85.23288462,35.05974528, 2318 GREEN FOREST LN
-85.23563264,35.05306624, 3433 PERSIMMON LN
-85.25109301,35.06332151, 2302 WHEELER AVE
-85.24029738,35.0572152, 3271 GENEAL LN
-85.25731729,35.05291124, 1511 WHEELER AVE
-85.22783382,35.05693157, 2443 LEANN CIR
-85.22634519,35.04881773, 3839 RAE TRL
-85.26473789,35.05481725, 1411 N  ORCHARD KNOB AVE
-85.22931949,35.06025626, 2442 TUNNEL BLVD
-85.22874457,35.06260279, 2563 TUNNEL BLVD
-85.26265302,35.0489084, 1058 DODSON AVE
-85.26450438,35.05300383, 1311 ROANOKE AVE
-85.21267098,35.07078672, 3707 CHIEF VANN LN
-85.23154425,35.05213195, 3550 COTTONWOOD LN
-85.23039264,35.0548169, 3550 GARNER RD
-85.23475228,35.0509493, 1900 TUNNEL BLVD
-85.22828071,35.06079393, 3507 MCARTHUR AVE
-85.27276292,35.04883385, 902 SHOLAR CT
-85.27091541,35.0524671, 1209 SHOLAR AVE
-85.23123935,35.05247352, 3554 COTTONWOOD LN
-85.24989442,35.06422482, 2403 N  CHAMBERLAIN AVE
-85.26712579,35.05043498, 1055 N  ORCHARD KNOB AVE
-85.23179723,35.06173492, 2319 NORTHBRIER LN
-85.25367819,35.0644566, 2300 DODSON AVE
-85.26935306,35.05061227, 1003 SHERIDAN AVE
-85.23540939,35.05134464, 1901 TUNNEL BLVD
-85.23648169,35.05280421, 211 BALSAM LN
-85.23367489,35.07038115, 2918 NEW JERSEY AVE
-85.25725754,35.05308177, 1513 WHEELER AVE
-85.22902455,35.06084793, 2504 TUNNEL BLVD
-85.23387621,35.05264612, 2030 TUNNEL BLVD
-85.23078432,35.05494581, 3538 GARNER RD
-85.26082898,35.05806388, 1800 ROANOKE AVE
-85.25022908,35.06283238, 2302 N  CHAMBERLAIN AVE
-85.25712169,35.05220457, 1500 WHEELER AVE
-85.23205656,35.06077113, 2444 NORTHBRIER CIR
-85.2309367,35.05866536, 2311 TUNNEL BLVD
-85.25234925,35.06195575, 2125 WHEELER AVE
-85.25055562,35.07092904, 2902 DODSON AVE
-85.26943434,35.04843691, 905 HAWTHORNE CT
-85.2497758,35.06363231, 2314 N  CHAMBERLAIN AVE
-85.23080189,35.06111741, 2466 NORTHBRIER CIR
-85.26564818,35.05462092, 1817 WILCOX BLVD
-85.25964214,35.04761747, 1110 WHEELER AVE
-85.26300358,35.05583691, 1605 ROANOKE AVE
-85.23036975,35.0593665, 2400 NORTHBRIER CIR
-85.25566679,35.07047893, 2708 N  ORCHARD KNOB AVE
-85.25652654,35.05338056, 1602 WHEELER AVE
-85.23056736,35.05487718, 3544 GARNER RD
-85.2289371,35.06245207, 2551 TUNNEL BLVD
-85.26424909,35.05564056, 1509 N  ORCHARD KNOB AVE
-85.22279874,35.05299583, 3917 JUANDALE TRL
-85.26644168,35.05926977, 1708 SHOLAR AVE
-85.23616695,35.05288878, 213 BALSAM LN
-85.2573987,35.0539076, 1604 ARLINGTON AVE
-85.25760491,35.05364961, 1600 ARLINGTON AVE
-85.26298292,35.05483389, 1508 ROANOKE AVE
-85.26523573,35.05448296, 1823 WILCOX BLVD
-85.26524787,35.05297399, 1310 N  ORCHARD KNOB AVE
-85.22403073,35.05469885, 3702 BRIARCLIFF WAY
-85.23227014,35.06175156, 2318 NORTHBRIER LN
-85.2589107,35.05220183, 1411 ARLINGTON AVE
-85.26755104,35.05487731, 1718 WILCOX BLVD
-85.25700937,35.05873812, 1900 DODSON AVE
-85.23751704,35.04800034, 1703 TUNNEL BLVD
-85.24060647,35.05427456, 1660 GREENWOOD RD
-85.26964734,35.04809992, 901 HAWTHORNE CT
-85.25810174,35.05045512, 1310 WHEELER AVE
-85.26868185,35.05098054, 1010 SHERIDAN AVE
-85.25598268,35.05530717, 1713 WHEELER AVE
-85.25257967,35.05938475, 2025 N  CHAMBERLAIN AVE
-85.2244952,35.05316426, 3808 BRIARCLIFF WAY
-85.23162194,35.06531224, 3025 NORTHWAY LN
-85.25416876,35.06615212, 2409 DODSON AVE
-85.24112409,35.06588455, 2811 LIGHTFOOT MILL RD
-85.22312664,35.05264293, 3828 BRIARCLIFF WAY
-85.22579783,35.0480231, 3855 RAE TRL
-85.22579628,35.05161994, 3811 JUANDALE TRL
-85.23607792,35.04886966, 1802 TUNNEL BLVD
-85.24941129,35.06426644, 2402 N  CHAMBERLAIN AVE
-85.25603671,35.05191566, 1506 N  CHAMBERLAIN AVE
-85.23263699,35.05839696, 2303 GREEN FOREST LN
-85.23414761,35.06546814, 3006 NORTHWAY LN
-85.23417495,35.04938836, 3603 EVERGREEN CT
-85.26422575,35.05578496, 1511 N  ORCHARD KNOB AVE
-85.26929558,35.05075626, 1005 SHERIDAN AVE
-85.23260291,35.05910655, 2313 GREEN FOREST LN
-85.22952084,35.0571286, 3606 E  GLEN CT
-85.26686172,35.05088912, 1101 N  ORCHARD KNOB AVE
-85.25654551,35.03933241, 611 FISHER AVE
-85.23137898,35.05662667, 2224 TUNNEL BLVD
-85.23439972,35.06557607, 3004 NORTHWAY LN
-85.25902993,35.05101962, 1316 ARLINGTON AVE
-85.22659713,35.05856569, 2404 LEANN CIR
-85.25687801,35.05277032, 1510 WHEELER AVE
-85.23355309,35.05304235, 3521 COTTONWOOD LN
-85.22629572,35.04762855, 1741 GANASITA TRL
-85.25481721,35.05532935, 1801 N  CHAMBERLAIN AVE
-85.25096166,35.0711825, 2905 DODSON AVE
-85.25130119,35.06397992, 2311 WHEELER AVE
-85.25996592,35.04791521, 1113 WHEELER AVE
-85.25964215,35.04974929, 1216 ARLINGTON AVE
-85.26306316,35.05456181, 1502 ROANOKE AVE
-85.23476657,35.04853822, 38 AGNES AVE
-85.22718659,35.05095074, 3721 MARK TWAIN CIR
-85.22794568,35.05755357, 2449 LEANN CIR
-85.23071624,35.0472627, 1666 JEANAGA TRL
-85.23283656,35.04823782, 1731 JEANAGA TRL
-85.23067308,35.05988243, 2409 NORTHBRIER CIR
-85.26860257,35.04787468, 901 N  ORCHARD KNOB AVE
-85.25864735,35.04832042, 1203 N  CHAMBERLAIN AVE
-85.23110237,35.06006718, 2417 NORTHBRIER CIR
-85.25933464,35.05039852, 1302 ARLINGTON AVE
-85.26536612,35.0545083, 1821 WILCOX BLVD
-85.26432207,35.05337236, 1319 ROANOKE AVE
-85.26469242,35.05492404, 1413 N  ORCHARD KNOB AVE
-85.24188889,35.05774446, 1910 GREENWOOD RD
-85.26088499,35.04749997, 1104 ARLINGTON AVE
-85.25855133,35.05719938, 1809 DODSON AVE
-85.22660975,35.04844201, 3842 RAE TRL
-85.23017426,35.0597189, 2401 NORTHBRIER CIR
-85.25705278,35.0557053, 1711 ARLINGTON AVE
-85.26801609,35.0478552, 904 N  ORCHARD KNOB AVE
-85.25672173,35.05394845, 1609 WHEELER AVE
-85.24251592,35.05830355, 1941 GREENWOOD RD
-85.25738413,35.05400365, 1606 ARLINGTON AVE
-85.23087242,35.05997761, 2413 NORTHBRIER CIR
-85.2661535,35.05480668, 1809 WILCOX BLVD
-85.26576416,35.05468037, 1815 WILCOX BLVD
-85.27054554,35.04852512, 905 SHERIDAN CT
-85.25582757,35.0546452, 1706 WHEELER AVE
-85.23169176,35.06491814, 3024 NORTHWAY LN
-85.25930815,35.04916514, 1211 WHEELER AVE
-85.25130481,35.07110488, 2901 DODSON AVE
-85.23588394,35.05062886, 1823 TUNNEL BLVD
-85.23641816,35.0483587, 1712 TUNNEL BLVD
-85.23527315,35.05402122, 3421 PERSIMMON LN
-85.25977488,35.05405767, 1520 DODSON AVE
-85.22489048,35.04928485, 3851 MARK TWAIN CIR
-85.22688997,35.0485349, 3838 RAE TRL
-85.26032846,35.04849201, 1120 ARLINGTON AVE
-85.22446284,35.0539381, 3712 BRIARCLIFF WAY
-85.25819242,35.0568932, 1804 DODSON AVE
-85.23212617,35.05825063, 2302 GREEN FOREST LN
-85.23251928,35.05863808, 2305 GREEN FOREST LN
-85.22516474,35.0577969, 2421 LEANN CIR
-85.27279034,35.04925862, 903 SHOLAR CT
-85.26385501,35.05646976, 1611 N  ORCHARD KNOB AVE
-85.23114545,35.04812048, 1692 JEANAGA TRL
-85.25863251,35.04734682, 2502 JUDSON LN
-85.25866514,35.05042098, 1309 WHEELER AVE
-85.2258825,35.05820617, 2410 LEANN CIR
-85.23038805,35.05835306, 2310 TUNNEL BLVD
-85.25868867,35.0516503, 1404 ARLINGTON AVE
-85.2542779,35.05618529, 1817 N  CHAMBERLAIN AVE
-85.26355098,35.05610398, 1608 N  ORCHARD KNOB AVE
-85.23492212,35.07037964, 3029 NEW YORK AVE
-85.22690868,35.05040597, 3728 MARK TWAIN CIR
-85.23589089,35.04913586, 1810 TUNNEL BLVD
-85.25828979,35.04805397, 1128 N  CHAMBERLAIN AVE
-85.24609622,35.07118275, 3013 N  CHAMBERLAIN AVE
-85.2257218,35.05867355, 2415 LEANN CIR
-85.26270786,35.05315037, 2014 WILCOX BLVD
-85.23409877,35.05246401, 2028 TUNNEL BLVD
-85.23221189,35.0605527, 2440 NORTHBRIER CIR
-85.27352556,35.06086326, 2000 AMNICOLA HWY
-85.22368341,35.05284817, 3820 BRIARCLIFF WAY
-85.25617656,35.05478246, 1705 WHEELER AVE
-85.26290234,35.04930762, 1063 DODSON AVE
-85.23151807,35.05978676, 2420 NORTHBRIER CIR
-85.2292682,35.06003987, 2432 TUNNEL BLVD
-85.23619746,35.04970488, 1813 TUNNEL BLVD
-85.2249228,35.05411986, 3711 BRIARCLIFF WAY
-85.22192107,35.0531746, 3920 JUANDALE TRL
-85.2606582,35.04786373, 1110 ARLINGTON AVE
-85.23189085,35.05543468, 2132 TUNNEL BLVD
-85.26411096,35.05498586, 1500 N  ORCHARD KNOB AVE
-85.2559189,35.05216749, 1510 N  CHAMBERLAIN AVE
-85.23291669,35.05120921, 3538 COTTONWOOD LN
-85.26287787,35.05811867, 1725 N  ORCHARD KNOB AVE
-85.23117489,35.0475219, 1671 JEANAGA TRL
-85.23584711,35.05405068, 3424 PERSIMMON LN
-85.25956306,35.04987299, 1218 ARLINGTON AVE
-85.2292656,35.05703697, 3608 E  GLEN CT
-85.26135221,35.05121358, 1304 DODSON AVE
-85.22557692,35.05675899, 2429 LEANN CIR
-85.2645112,35.05512185, 1501 N  ORCHARD KNOB AVE
-85.26728417,35.05480264, 1722 WILCOX BLVD
-85.25027366,35.06363592, 2315 N  CHAMBERLAIN AVE
-85.23527528,35.05032899, 1824 TUNNEL BLVD
-85.25788237,35.05190514, 1417 WHEELER AVE
-85.26678946,35.05020525, 1054 N  ORCHARD KNOB AVE
-85.23499469,35.05087259, 1830 TUNNEL BLVD
-85.22714079,35.048132, 1737 GANASITA TRL
-85.24996812,35.06405719, 2401 N  CHAMBERLAIN AVE
-85.2493738,35.06433941, 2404 N  CHAMBERLAIN AVE
-85.23120063,35.05794778, 2303 TUNNEL BLVD
-85.26898992,35.04806328, 904 HAWTHORNE CT
-85.22798116,35.04829651, 1727 GANASITA TRL
-85.25727326,35.04984183, 1304 N  CHAMBERLAIN AVE
-85.23602256,35.05252282, 214 BALSAM LN
-85.25639795,35.05457627, 1701 WHEELER AVE
-85.25956252,35.05108808, 1311 ARLINGTON AVE
-85.24239654,35.05773953, 1911 GREENWOOD RD
-85.2607326,35.05227888, 1404 DODSON AVE
-85.23529939,35.05148445, 1903 TUNNEL BLVD
-85.23708979,35.04837158, 1709 TUNNEL BLVD
-85.23437104,35.05204885, 2024 TUNNEL BLVD
-85.26378511,35.05433795, 1407 ROANOKE AVE
-85.2242233,35.05436773, 3704 BRIARCLIFF WAY
-85.25214809,35.06232473, 2201 WHEELER AVE
-85.25118725,35.06426871, 2315 WHEELER AVE
-85.26761432,35.05535032, 1717 WILCOX BLVD
-85.23341758,35.06567421, 3011 NORTHWAY LN
-85.26789906,35.05503571, 1714 WILCOX BLVD
-85.2336705,35.05237726, 3524 COTTONWOOD LN
-85.22443284,35.05087281, 3838 JUANDALE TRL
-85.25869205,35.05602896, 1710 DODSON AVE
-85.26078932,35.05212432, 1400 DODSON AVE
-85.25568969,35.05357012, 1611 N  CHAMBERLAIN AVE
-85.26827734,35.05561119, 1707 WILCOX BLVD
-85.26928727,35.05461521, 1306 SHOLAR AVE
-85.24762822,35.07027766, 2908 WHEELER AVE
-85.25902846,35.04769064, 1117 N  CHAMBERLAIN AVE
-85.26776312,35.05702338, 1512 SHOLAR AVE
-85.23134592,35.04729732, 1659 JEANAGA TRL
-85.25080297,35.06260055, 2215 N  CHAMBERLAIN AVE
-85.25970546,35.04962364, 1214 ARLINGTON AVE
-85.22706479,35.05706111, 2428 LEANN CIR
-85.26409534,35.04571455, 825 DODSON AVE
-85.2306252,35.0594611, 2404 NORTHBRIER CIR
-85.25950199,35.04999697, 1220 ARLINGTON AVE
-85.25532105,35.05315916, 1600 N  CHAMBERLAIN AVE
-85.25524271,35.05566325, 1802 WHEELER AVE
-85.226009,35.05067643, 3805 MARK TWAIN CIR
-85.25471515,35.0566482, 1900 WHEELER AVE
-85.22744936,35.05103264, 3717 MARK TWAIN CIR
-85.23231874,35.0509359, 211 TUPELO CT
-85.26310676,35.05776843, 1711 N  ORCHARD KNOB AVE
-85.23579025,35.04924825, 1812 TUNNEL BLVD
-85.25721473,35.05093792, 1403 N  CHAMBERLAIN AVE
-85.22680226,35.05695541, 2426 LEANN CIR
-85.2521743,35.05893741, 2018 N  CHAMBERLAIN AVE
-85.26312276,35.04373997, 2303 CITICO AVE
-85.22845234,35.0483341, 1721 GANASITA TRL
-85.25675674,35.05604775, 1801 ARLINGTON AVE
-85.25122882,35.06411142, 2313 WHEELER AVE
-85.26052419,35.04600871, 908 WHEELER AVE
-85.23346303,35.04765658, 1736 JEANAGA TRL
-85.25977194,35.04949894, 1212 ARLINGTON AVE
-85.23591494,35.05373132, 3426 PERSIMMON LN
-85.22371399,35.04965351, 3837 MARK TWAIN CIR
-85.22572047,35.0575585, 2416 LEANN CIR
-85.26746413,35.05530766, 1719 WILCOX BLVD
-85.26434463,35.0554966, 1507 N  ORCHARD KNOB AVE
-85.26351948,35.05490665, 1503 ROANOKE AVE
-85.23315288,35.0480989, 1733 JEANAGA TRL
-85.25693765,35.05582145, 1713 ARLINGTON AVE
-85.25663357,35.05535906, 1708 ARLINGTON AVE
-85.23035454,35.06093671, 2472 NORTHBRIER CIR
-85.22446297,35.05501181, 3701 BRIARCLIFF WAY
-85.22488123,35.05333863, 3804 BRIARCLIFF WAY
-85.27485196,35.05032661, 806 N  HOLTZCLAW AVE
-85.2560085,35.07075326, 2711 N  ORCHARD KNOB AVE
-85.26096662,35.04736175, 1102 ARLINGTON AVE
-85.23499237,35.05235331, 3445 PERSIMMON LN
-85.26817177,35.05514744, 1710 WILCOX BLVD
-85.26823199,35.05170124, 1116 SHERIDAN AVE
-85.26832351,35.05150593, 1114 SHERIDAN AVE
-85.21258152,35.07031087, 3703 CHIEF VANN LN
-85.26569644,35.05426983, 1814 WILCOX BLVD
-85.26776193,35.05241067, 1208 SHERIDAN AVE
-85.25786048,35.05752932, 1814 DODSON AVE
-85.22263097,35.05324879, 3919 JUANDALE TRL
-85.27325567,35.05402006, 1201 N  HOLTZCLAW AVE
-85.23518732,35.05165631, 1905 TUNNEL BLVD
-85.27045475,35.04871231, 909 SHERIDAN CT
-85.25738487,35.05177211, 1416 WHEELER AVE
-85.22629931,35.05890168, 2411 LEANN CIR
-85.23470692,35.06574435, 3002 NORTHWAY LN
-85.25597897,35.06098738, 2100 DODSON AVE
-85.23201591,35.05667217, 2209 TUNNEL BLVD
-85.22458736,35.05476063, 3703 BRIARCLIFF WAY
-85.22895925,35.04812465, 1715 GANASITA TRL
-85.26382515,35.05422034, 1405 ROANOKE AVE
-85.26965697,35.05339627, 1228 SHOLAR AVE
-85.25923192,35.05060708, 1306 ARLINGTON AVE
-85.26268622,35.04686438, 950 DODSON AVE
-85.22664377,35.05130167, 3802 JUANDALE TRL
-85.25556663,35.05512372, 1712 WHEELER AVE
-85.2415269,35.06356763, 626 N  CREST RD
-85.26299039,35.05471982, 1506 ROANOKE AVE
-85.22384694,35.05071832, 3906 JUANDALE TRL
-85.26389533,35.05412616, 1403 ROANOKE AVE
-85.23320431,35.05525135, 2125 TUNNEL BLVD
-85.26588984,35.05475452, 1813 WILCOX BLVD
-85.26368681,35.05448866, 1409 ROANOKE AVE
-85.23315476,35.05979543, 2320 GREEN FOREST LN
-85.22805007,35.05734875, 2447 LEANN CIR
-85.2587964,35.05683809, 1801 DODSON AVE
-85.26092064,35.05326344, 2285 WILCOX BLVD
-85.25746842,35.04696195, 2516 JUDSON LN
-85.23272377,35.05819256, 2301 GREEN FOREST LN
-85.25548817,35.05389265, 1613 N  CHAMBERLAIN AVE
-85.2280969,35.04703227, 3829 CONAHANEY TRL
-85.22864046,35.04765522, 1716 GANASITA TRL
-85.26784439,35.04806776, 912 N  ORCHARD KNOB AVE
-85.24964621,35.06377679, 2316 N  CHAMBERLAIN AVE
-85.23331844,35.05443643, 2109 TUNNEL BLVD
-85.26419943,35.05364136, 1323 ROANOKE AVE
-85.2252228,35.05804162, 2419 LEANN CIR
-85.2661626,35.0512349, 1106 N  ORCHARD KNOB AVE
-85.25886886,35.05671932, 1727 DODSON AVE
-85.26075617,35.04562632, 902 WHEELER AVE
-85.22724769,35.05142183, 3718 JUANDALE TRL
-85.26270534,35.05639646, 1613 ROANOKE AVE
-85.22907688,35.05735387, 3607 E  GLEN CT
-85.23212049,35.05940597, 2312 GREEN FOREST LN
-85.25834159,35.04791639, 1126 N  CHAMBERLAIN AVE
-85.25743674,35.05269384, 1507 WHEELER AVE
-85.26719278,35.05029401, 1053 N  ORCHARD KNOB AVE
-85.26632593,35.05101637, 1102 N  ORCHARD KNOB AVE
-85.23647037,35.04823796, 1710 TUNNEL BLVD
-85.26280379,35.04444658, 856 ARLINGTON AVE
-85.22637655,35.05851411, 2406 LEANN CIR
-85.25741529,35.0495083, 1300 N  CHAMBERLAIN AVE
-85.26898669,35.0504786, 1002 SHERIDAN AVE
-85.25818769,35.05250055, 1500 ARLINGTON AVE
-85.26030059,35.05297001, 1420 DODSON AVE
-85.24410453,35.0584046, 1965 GREENWOOD RD
-85.23453535,35.04845374, 42 AGNES AVE
-85.23677238,35.04776487, 1702 TUNNEL BLVD
-85.23193793,35.04620101, 1629 JEANAGA TRL
-85.23183266,35.05701721, 2231 TUNNEL BLVD
-85.26079228,35.04762091, 1106 ARLINGTON AVE
-85.26297212,35.04919619, 1061 DODSON AVE
-85.25804434,35.05155646, 1407 WHEELER AVE
-85.25573847,35.05250887, 1516 N  CHAMBERLAIN AVE
-85.23195221,35.05868886, 2306 GREEN FOREST LN
-85.25965725,35.05079587, 1307 ARLINGTON AVE
-85.26296326,35.05325349, 2010 WILCOX BLVD
-85.26005318,35.0477891, 1111 WHEELER AVE
-85.2577368,35.0533873, 1516 ARLINGTON AVE
-85.25486256,35.05640261, 1814 WHEELER AVE
-85.26406006,35.05602235, 1515 N  ORCHARD KNOB AVE
-85.26649677,35.05495938, 1803 WILCOX BLVD
-85.25933513,35.05260517, 2333 WILCOX BLVD
-85.25845101,35.05296171, 1505 ARLINGTON AVE
-85.26725292,35.05017793, 1051 N  ORCHARD KNOB AVE
-85.2281983,35.05222817, 3701 JUANDALE TRL
-85.23465156,35.0514709, 1906 TUNNEL BLVD
-85.26894522,35.04829672, 906 HAWTHORNE CT
-85.268839,35.05072189, 1006 SHERIDAN AVE
-85.22716353,35.04865026, 3834 RAE TRL
-85.25844549,35.04868962, 1209 N  CHAMBERLAIN AVE
-85.22824961,35.0633146, 2613 TUNNEL BLVD
-85.25814493,35.04827589, 1132 N  CHAMBERLAIN AVE
-85.26019695,35.04754284, 1107 WHEELER AVE
-85.27204876,35.0489979, 908 SHOLAR CT
-85.26749802,35.04878096, 960 N  ORCHARD KNOB AVE
-85.23129106,35.05517421, 3524 GARNER RD
-85.26678756,35.05102993, 1103 N  ORCHARD KNOB AVE
-85.26621126,35.05443575, 1808 WILCOX BLVD
-85.22636359,35.05764918, 3716 SUMTER AVE
-85.2693188,35.04788654, 900 HAWTHORNE CT
-85.22434409,35.05416738, 3708 BRIARCLIFF WAY
-85.26697008,35.04972393, 1010 N  ORCHARD KNOB AVE
-85.26745024,35.04889992, 962 N  ORCHARD KNOB AVE
-85.25637611,35.05130682, 1412 N  CHAMBERLAIN AVE
-85.26933031,35.04862761, 909 HAWTHORNE CT
-85.26737667,35.05781093, 1600 SHOLAR AVE
-85.25801207,35.05063381, 1314 WHEELER AVE
-85.22617164,35.0499382, 3864 MARK TWAIN CIR
-85.22665746,35.04790878, 1739 GANASITA TRL
-85.23737207,35.04783075, 1701 TUNNEL BLVD
-85.26311859,35.04895861, 1057 DODSON AVE
-85.25443726,35.05595688, 1811 N  CHAMBERLAIN AVE
-85.25936631,35.05132167, 1315 ARLINGTON AVE
-85.23218905,35.05643461, 2207 TUNNEL BLVD
-85.26919288,35.05085322, 1007 SHERIDAN AVE
-85.25504403,35.06406457, 2205 DODSON AVE
-85.26848002,35.05120936, 1100 SHERIDAN AVE
-85.23124496,35.04626215, 1630 JEANAGA TRL
-85.22639427,35.05790708, 3713 SUMTER AVE
-85.2683733,35.05221293, 1205 SHERIDAN AVE
-85.26860003,35.05110161, 1014 SHERIDAN AVE
-85.2357474,35.0496577, 1816 TUNNEL BLVD
-85.2258217,35.05111612, 3814 JUANDALE TRL
-85.25976759,35.05052955, 1303 ARLINGTON AVE
-85.25929625,35.04715857, 1107 N  CHAMBERLAIN AVE
-85.26340961,35.04837894, 1009 DODSON AVE
-85.26280517,35.0436359, 2307 CITICO AVE
-85.2596073,35.05091296, 1309 ARLINGTON AVE
-85.25722715,35.05429059, 1610 ARLINGTON AVE
-85.25734799,35.05080557, 1401 N  CHAMBERLAIN AVE
-85.22539554,35.05700598, 2427 LEANN CIR
-85.25936807,35.04809303, 1118 WHEELER AVE
-85.2606479,35.0448358, 873 N  CHAMBERLAIN AVE
-85.26469547,35.05380254, 1324 N  ORCHARD KNOB AVE
-85.23573071,35.05095901, 1827 TUNNEL BLVD
-85.231116,35.05815474, 2305 TUNNEL BLVD
-85.22766903,35.04701359, 3835 CONAHANEY TRL
-85.25967639,35.04643764, 925 N  CHAMBERLAIN AVE
-85.2633748,35.04850415, 1011 DODSON AVE
-85.25253418,35.05854093, 2012 N  CHAMBERLAIN AVE
-85.2282739,35.05436351, 3643 GARNER RD
-85.2583487,35.04881821, 1211 N  CHAMBERLAIN AVE
-85.26759509,35.04868021, 956 N  ORCHARD KNOB AVE
-85.22751442,35.05740479, 2432 LEANN CIR
-85.26774475,35.04844158, 952 N  ORCHARD KNOB AVE
-85.22607562,35.05024594, 3806 MARK TWAIN CIR
-85.25796977,35.05076551, 1316 WHEELER AVE
-85.26095316,35.05174712, 1312 DODSON AVE
-85.25898194,35.05206131, 1409 ARLINGTON AVE
-85.22314743,35.05124118, 3908 JUANDALE TRL
-85.26261743,35.04588957, 899 ARLINGTON AVE
-85.23347614,35.04818041, 1735 JEANAGA TRL
-85.26680372,35.05010735, 1052 N  ORCHARD KNOB AVE
-85.26071673,35.04471527, 867 N  CHAMBERLAIN AVE
-85.23178238,35.05586597, 2204 TUNNEL BLVD
-85.25857146,35.05055696, 1311 WHEELER AVE
-85.2366087,35.05260528, 210 BALSAM LN
-85.22553944,35.05107778, 3822 JUANDALE TRL
-85.26345421,35.05636239, 1612 N  ORCHARD KNOB AVE
-85.26350524,35.05342801, 2004 WILCOX BLVD
-85.22771996,35.05800868, 2453 LEANN CIR
-85.25726259,35.03837084, 501 FISHER AVE
-85.25918886,35.04839056, 1200 WHEELER AVE
-85.26553689,35.05421172, 1816 WILCOX BLVD
-85.26279223,35.05624763, 1611 ROANOKE AVE
-85.26091965,35.05187571, 1314 DODSON AVE
-85.22717172,35.05049794, 3724 MARK TWAIN CIR
-85.23572778,35.04947628, 1814 TUNNEL BLVD
-85.25609806,35.05520734, 1711 WHEELER AVE
-85.26107892,35.04516477, 866 WHEELER AVE
-85.225427,35.050131, 3814 MARK TWAIN CIR
-85.22968616,35.0473442, 1703 GANASITA TRL
-85.26912694,35.05098908, 1009 SHERIDAN AVE
-85.26636268,35.05090233, 1100 N  ORCHARD KNOB AVE
-85.25780773,35.04980753, 1303 N  CHAMBERLAIN AVE
-85.23133076,35.05227966, 3552 COTTONWOOD LN
-85.26671022,35.05031137, 1056 N  ORCHARD KNOB AVE
-85.26486115,35.05360813, 1320 N  ORCHARD KNOB AVE
-85.22540221,35.05056143, 3813 MARK TWAIN CIR
-85.26239132,35.05592686, 1608 ROANOKE AVE
-85.22742439,35.04875152, 3830 RAE TRL
-85.22529531,35.04975969, 3852 MARK TWAIN CIR
-85.26942837,35.05049099, 1001 SHERIDAN AVE
-85.2597943,35.04631664, 917 N  CHAMBERLAIN AVE
-85.22956241,35.05755495, 3603 E  GLEN CT
-85.23536833,35.05014105, 1822 TUNNEL BLVD
-85.23459492,35.05170391, 2020 TUNNEL BLVD
-85.23059345,35.05796674, 2304 TUNNEL BLVD
-85.2601892,35.04874652, 1200 ARLINGTON AVE
-85.25807705,35.0492927, 1217 N  CHAMBERLAIN AVE
-85.25636904,35.05591254, 1800 ARLINGTON AVE
-85.26592679,35.05170641, 1200 N  ORCHARD KNOB AVE
-85.25295231,35.05871157, 2013 N  CHAMBERLAIN AVE
-85.22595423,35.05651661, 2431 LEANN CIR
-85.25684457,35.05159055, 1413 N  CHAMBERLAIN AVE
-85.23513727,35.04821697, 35 AGNES AVE
-85.25998066,35.0491172, 1206 ARLINGTON AVE
-85.23661602,35.04798137, 1706 TUNNEL BLVD
-85.25493948,35.05413641, 1704 N  CHAMBERLAIN AVE
-85.25944209,35.04892864, 1207 WHEELER AVE
-85.25895987,35.05114455, 1318 ARLINGTON AVE
-85.26674928,35.04910217, 980 N  ORCHARD KNOB AVE
-85.26052291,35.04507816, 887 N  CHAMBERLAIN AVE
-85.23515472,35.05052209, 1826 TUNNEL BLVD
-85.25978851,35.04832765, 1121 WHEELER AVE
-85.22731045,35.0571352, 2430 LEANN CIR
-85.23124321,35.04599273, 1618 JEANAGA TRL
-85.25991396,35.04924552, 1208 ARLINGTON AVE
-85.25804456,35.05714416, 1808 DODSON AVE
-85.26730882,35.05528064, 1721 WILCOX BLVD
-85.22575746,35.05803502, 2412 LEANN CIR
-85.25660705,35.0392102, 609 FISHER AVE
-85.22799139,35.05712369, 2445 LEANN CIR
-85.22967699,35.04492792, 1620 GANASITA TRL
-85.25813626,35.05144803, 1405 WHEELER AVE
-85.25797985,35.0516907, 1409 WHEELER AVE
-85.26172743,35.04584865, 900 ARLINGTON AVE
-85.26179444,35.04497038, 859 WHEELER AVE
-85.22789324,35.05493915, 3637 GARNER RD
-85.23046757,35.05815333, 2308 TUNNEL BLVD
-85.25662813,35.05201879, 1501 N  CHAMBERLAIN AVE
-85.2579345,35.05737942, 1812 DODSON AVE
-85.25948578,35.04681073, 1103 N  CHAMBERLAIN AVE
-85.2584752,35.0520365, 1410 ARLINGTON AVE
-85.22884126,35.04646787, 3824 CONAHANEY TRL
-85.25745896,35.05163965, 1414 WHEELER AVE
-85.22510725,35.05048819, 3817 MARK TWAIN CIR
-85.26883217,35.05148312, 1109 SHERIDAN AVE
-85.2293196,35.047779, 1711 GANASITA TRL
-85.26039567,35.04836848, 1118 ARLINGTON AVE
-85.25741434,35.05057719, 1315 N  CHAMBERLAIN AVE
-85.24024268,35.0573436, 3285 GENEAL LN
-85.26609187,35.05135052, 1108 N  ORCHARD KNOB AVE
-85.26061407,35.0458838, 906 WHEELER AVE
-85.26700721,35.05062727, 1057 N  ORCHARD KNOB AVE
-85.25611879,35.05181247, 1504 N  CHAMBERLAIN AVE
-85.25894028,35.04887378, 1206 WHEELER AVE
-85.25264932,35.05820836, 2008 N  CHAMBERLAIN AVE
-85.2358582,35.05126177, 1829 TUNNEL BLVD
-85.23000252,35.04687847, 1645 GANASITA TRL
-85.26271924,35.04878608, 1056 DODSON AVE
-85.23203958,35.05844297, 2304 GREEN FOREST LN
-85.22640687,35.05027447, 3802 MARK TWAIN CIR
-85.22585352,35.04987968, 3860 MARK TWAIN CIR
-85.25694634,35.05140316, 1411 N  CHAMBERLAIN AVE
-85.26058214,35.04494419, 881 N  CHAMBERLAIN AVE
-85.23123622,35.04650284, 1636 JEANAGA TRL
-85.26841774,35.05209052, 1203 SHERIDAN AVE
-85.25595588,35.04509468, 1020 MISSION AVE
-85.2357887,35.05080099, 1825 TUNNEL BLVD
-85.22705072,35.05007451, 3808 RAE TRL
-85.26012275,35.04886816, 1202 ARLINGTON AVE
-85.23458808,35.04804911, 41 AGNES AVE
-85.26098138,35.0442097, 853 N  CHAMBERLAIN AVE
-85.26891434,35.05060364, 1004 SHERIDAN AVE
-85.25984463,35.0493724, 1210 ARLINGTON AVE
-85.26136184,35.04466444, 858 WHEELER AVE
-85.22788888,35.04630186, 3836 CONAHANEY TRL
-85.22557183,35.04982651, 3856 MARK TWAIN CIR
-85.25760561,35.05139635, 1410 WHEELER AVE
-85.22722259,35.04985089, 3810 RAE TRL
-85.26698318,35.05073102, 1059 N  ORCHARD KNOB AVE
-85.22626399,35.04638142, 3856 CONAHANEY TRL
-85.25588484,35.04522742, 1028 MISSION AVE
-85.26851521,35.05197985, 1117 SHERIDAN AVE
-85.26038567,35.04625079, 912 WHEELER AVE
-85.26020595,35.04557415, 905 N  CHAMBERLAIN AVE
-85.2638614,35.04609143, 901 DODSON AVE
-85.25955781,35.04670385, 1101 N  CHAMBERLAIN AVE
-85.2612746,35.05133936, 1306 DODSON AVE
-85.22587907,35.04635415, 3862 CONAHANEY TRL
-85.24090595,35.05468984, 3127 DEE DR
-85.25569028,35.03815966, 520 LATIMORE ST
-85.26078621,35.04454133, 857 N  CHAMBERLAIN AVE
-85.25741785,35.04119436, 2700 CITICO AVE
-85.22938257,35.04611046, 1640 GANASITA TRL
-85.26029316,35.04543492, 903 N  CHAMBERLAIN AVE
-85.26046664,35.04613383, 910 WHEELER AVE
-85.25617806,35.04011792, 629 FISHER AVE
-85.23194193,35.04645895, 1635 JEANAGA TRL
-85.24288837,35.05581859, 2003 EMMA KATE DR
-85.2423391,35.05601381, 2006 EMMA KATE DR
-85.24251566,35.05698173, 2025 EMMA KATE DR
-85.25632903,35.03813796, 509 LATIMORE ST
-85.243013,35.05513312, 3100 DEE DR
-85.24213931,35.05473272, 3114 DEE DR
-85.24276355,35.05623894, 2011 EMMA KATE DR
-85.24385636,35.05811191, 3007 DEE DR
-85.24413366,35.05648912, 3027 DEE DR
-85.25646952,35.03790273, 501 LATIMORE ST
-85.2500314,35.06998189, 2811 TAYLOR ST
-85.24101624,35.05491878, 3123 DEE DR
-85.25642986,35.03795829, 503 LATIMORE ST
-85.2442425,35.05631944, 3029 DEE DR
-85.23452185,35.0734575, 3508 MARPORT DR
-85.25793204,35.06624643, 1907 CRUTCHFIELD ST
-85.24280157,35.07143979, 3125 CAMPBELL ST
-85.22922187,35.07473979, 3807 SALUDA ST
-85.26701175,35.06862361, 1106 CRUTCHFIELD ST
-85.2576447,35.05676409, 1807 TAYLOR ST
-85.25105828,35.06644599, 2509 O REAR ST
-85.26551464,35.05357563, 1821 RUBIO ST
-85.23183132,35.06671429, 3044 TOWERWAY DR
-85.25171825,35.06677185, 2515 TAYLOR ST
-85.26418643,35.04975866, 2018 COOLEY ST
-85.23477592,35.0489276, 1710 PARKWAY DR
-85.24982545,35.06931076, 2802 TAYLOR ST
-85.22893965,35.05973297, 2421 NIMITZ ST
-85.24420504,35.0665209, 2412 WILHOIT ST
-85.26725689,35.06774451, 1108 QUEENS DR
-85.2542321,35.06968829, 2705 ORTON ST
-85.27166362,35.05254854, 1198 HENDRICKS ST
-85.21060558,35.07336228, 4306 BUTTERFLY DR
-85.25580128,35.06031189, 2015 TAYLOR ST
-85.26437304,35.05176888, 2006 WILSON ST
-85.23398958,35.0515022, 1905 PARKWAY DR
-85.25236248,35.05729574, 2510 MCRAE ST
-85.26659679,35.04963141, 1900 PORTLAND ST
-85.26273686,35.05115372, 2106 WILSON ST
-85.24526675,35.06408871, 2620 ARNO ST
-85.26198458,35.05450312, 1534 BRADT ST
-85.26436287,35.05771887, 1801 OCOEE ST
-85.25954009,35.06026721, 2004 HARDY ST
-85.27065775,35.05413177, 1512 WILSON ST
-85.26004798,35.05853776, 2018 RUBY ST
-85.26455715,35.05084965, 2006 LAURA ST
-85.2628674,35.05062055, 2107 LAURA ST
-85.25810342,35.05818137, 1905 DODSON AVE
-85.24553004,35.06678076, 2657 GLASS ST
-85.2500945,35.06985922, 2809 TAYLOR ST
-85.24498405,35.05757832, 2903 JUDY ANN DR
-85.24167373,35.05522597, 3113 DEE DR
-85.24484428,35.05762797, 2905 JUDY ANN DR
-85.25576917,35.03803644, 514 LATIMORE ST
-85.24372367,35.05740691, 3010 DEE DR
-85.24365835,35.05716392, 3014 DEE DR
-85.25030921,35.07029036, 2218 CUSHMAN ST
-85.25708067,35.04677228, 2525 JUDSON LN
-85.24177641,35.05524826, 3111 DEE DR
-85.26208491,35.04678522, 918 TAYLOR ST
-85.24400429,35.05547013, 3047 DEE DR
-85.24415378,35.05720076, 3019 DEE DR
-85.24250253,35.05719625, 2029 EMMA KATE DR
-85.25636873,35.0380781, 507 LATIMORE ST
-85.23508925,35.07825382, 2808 RIDGECREST DR
-85.23395516,35.08376547, 2611 BOYCE ST
-85.23066131,35.0723858, 3635 SALUDA ST
-85.22822081,35.07485898, 3816 SALUDA ST
-85.25349529,35.07184691, 2001 CUSHMAN ST
-85.24617784,35.06659414, 2643 GLASS ST
-85.24505759,35.06647126, 2706 GLASS ST
-85.2502013,35.08946969, 4090 N  HAWTHORNE ST
-85.22429571,35.08189054, 3207 GRANADA ST
-85.22430014,35.08053211, 4050 GLENCOE ST
-85.21045043,35.07474839, 4305 TEE PEE DR
-85.2276259,35.05978968, 2433 DOOLITTLE ST
-85.24873857,35.07282838, 2207 WILDER ST
-85.23426059,35.07869332, 2814 RIDGECREST DR
-85.22974916,35.07369287, 3717 SALUDA ST
-85.26716337,35.05222848, 1115 N  HAWTHORNE ST
-85.26155001,35.07536377, 1332 STUART ST
-85.20758568,35.07565146, 3914 PEACH ST
-85.24534638,35.06882479, 2814 NOA ST
-85.2457064,35.06820028, 2802 NOA ST
-85.24733629,35.06693437, 2609 ANDREWS ST
-85.24705232,35.07529262, 3309 TAYLOR ST
-85.24405338,35.06633282, 2410 WILHOIT ST
-85.24540462,35.06959758, 2909 NOA ST
-85.25577726,35.06044052, 2017 TAYLOR ST
-85.26746079,35.05590324, 1712 NEWTON ST
-85.2502582,35.06423032, 2407 LATTA ST
-85.22800586,35.05317419, 3701 HEMINGWAY DR
-85.24444055,35.07131502, 2515 WILDER ST
-85.24295647,35.07124516, 3121 CAMPBELL ST
-85.24774156,35.0651036, 2411 AWTRY ST
-85.24325514,35.07008955, 3006 CAMPBELL ST
-85.26365972,35.05294512, 1319 BRADT ST
-85.25425644,35.07561147, 3111 N  HAWTHORNE ST
-85.24642525,35.06800106, 2512 BOONE ST
-85.23565346,35.09003632, 2501 N  WILDER ST
-85.26850324,35.06691509, 2114 ELENA DR
-85.2553586,35.06781591, 2004 APPLING ST
-85.25303456,35.06129421, 2110 DAVENPORT ST
-85.24690095,35.07306143, 2308 ELMENDORF ST
-85.24677406,35.07357761, 2309 ELMENDORF ST
-85.22477541,35.05207157, 3809 WOODBROOK DR
-85.26535511,35.0476665, 2019 MILNE ST
-85.24699639,35.07458542, 3300 TAYLOR ST
-85.23986361,35.07546948, 3422 VINEWOOD DR
-85.24373723,35.06684713, 2728 GLASS ST
-85.22249807,35.05368635, 3716 SHAMROCK DR
-85.2710574,35.05377529, 1219 HENDRICKS ST
-85.2107679,35.07486482, 4303 TEE PEE DR
-85.22922625,35.05912971, 2405 NIMITZ ST
-85.25117658,35.05478659, 1809 FRANCIS ST
-85.25507145,35.05679673, 2321 GILBERT ST
-85.24578328,35.07582885, 2303 ALLIN ST
-85.25177318,35.06660456, 2513 TAYLOR ST
-85.24558449,35.0683281, 2806 NOA ST
-85.23307828,35.09107628, 4310 PINE ST
-85.25684115,35.07872752, 1407 WISDOM ST
-85.26539411,35.05554153, 1811 NEWTON ST
-85.26499504,35.05755224, 1786 OCOEE ST
-85.22897043,35.06323546, 2602 ACUFF ST
-85.23810299,35.07415429, 3400 BIRCHWOOD DR
-85.26810698,35.05070312, 1007 N  HAWTHORNE ST
-85.22791816,35.07869753, 3930 BONNY OAKS DR
-85.25804676,35.06104667, 2013 BRAGG ST
-85.24738357,35.06659649, 2608 ANDREWS ST
-85.25821276,35.06066111, 2012 BRAGG ST
-85.25225431,35.0697093, 2108 BACHMAN ST
-85.25083729,35.0660388, 2504 O REAR ST
-85.26505719,35.04752979, 2101 MILNE ST
-85.26313009,35.0497785, 2109 COOLEY ST
-85.2445416,35.06438662, 2628 STEPHENS ST
-85.24517433,35.06574089, 2406 BIRD ST
-85.26073743,35.05443482, 2116 CAMDEN ST
-85.25251848,35.0698199, 2104 BACHMAN ST
-85.25326461,35.06175377, 2115 DAVENPORT ST
-85.24420909,35.07001939, 2607 STUART ST
-85.25275494,35.06271217, 2203 DAVENPORT ST
-85.26117747,35.05459055, 2110 CAMDEN ST
-85.25929501,35.05872722, 2025 RUBY ST
-85.26615498,35.04892108, 2003 WINDSOR ST
-85.26821718,35.06526162, 2100 ELENA DR
-85.23306873,35.05788404, 2312 GREEN FOREST DR
-85.23028329,35.07359566, 3712 WAUCHULA ST
-85.22714514,35.0518527, 3715 ROLLINGWOOD DR
-85.25011366,35.06883368, 2712 TAYLOR ST
-85.25040679,35.06809654, 2700 TAYLOR ST
-85.26449246,35.04927758, 2019 PORTLAND ST
-85.25210468,35.06476481, 2311 GLASS ST
-85.25390047,35.06304138, 2213 CHEEK ST
-85.22830143,35.05986924, 2432 NIMITZ ST
-85.24141274,35.0709836, 20 MOON ST
-85.26016206,35.05646761, 1707 STANFIEL ST
-85.23394108,35.05064407, 1812 PARKWAY DR
-85.27040606,35.04952186, 1705 MILNE ST
-85.26333378,35.05038399, 2104 LAURA ST
-85.25772633,35.05511711, 2305 OCOEE ST
-85.2693369,35.06634009, 2109 ELENA DR
-85.25028152,35.06844792, 2706 TAYLOR ST
-85.22676121,35.07574143, 3847 WAUCHULA ST
-85.249391,35.07714838, 3401 CURTIS ST
-85.22701846,35.05284588, 3732 HEMINGWAY DR
-85.26197959,35.05526349, 2011 CAMDEN ST
-85.25614011,35.05411129, 2402 OCOEE ST
-85.25004187,35.06898224, 2714 TAYLOR ST
-85.26732665,35.05126274, 1102 N  HAWTHORNE ST
-85.25674122,35.05774614, 1905 TAYLOR ST
-85.25962149,35.05662334, 1714 STANFIEL ST
-85.25263167,35.06501701, 2411 TAYLOR ST
-85.26354622,35.05189723, 2015 WILSON ST
-85.24875178,35.07016073, 2307 CUSHMAN ST
-85.24528525,35.06977578, 2514 STUART ST
-85.22183908,35.07989247, 4157 BONNY OAKS DR
-85.26681208,35.04768122, 2002 MILNE ST
-85.25247081,35.07055919, 2806 CURTIS ST
-85.26754312,35.05397308, 1724 RUBIO ST
-85.22985171,35.05815503, 2309 NIMITZ ST
-85.2302636,35.07610063, 3806 BONNY OAKS DR
-85.26722056,35.0557935, 1716 NEWTON ST
-85.25657185,35.04880782, 1212 GLENWOOD DR
-85.26511217,35.04816392, 965 N  WILLOW ST
-85.26513293,35.05004597, 2006 COOLEY ST
-85.26648501,35.05586312, 1725 NEWTON ST
-85.23315396,35.04697164, 1627 DOGWOOD DR
-85.26744373,35.04746102, 1911 RAWLINGS ST
-85.26402858,35.0501347, 2017 COOLEY ST
-85.25913227,35.06141937, 2003 BRAGG ST
-85.25893712,35.07350841, 2802 RIVERSIDE DR
-85.24209382,35.07213143, 3209 CAMPBELL ST
-85.24827145,35.07006419, 2313 CUSHMAN ST
-85.26639057,35.0555037, 1800 NEWTON ST
-85.26754438,35.05292333, 1800 WILSON ST
-85.249103,35.06599705, 2410 APPLING ST
-85.26383829,35.04845648, 2106 PORTLAND ST
-85.22582321,35.04518777, 3864 AGAWELA DR
-85.26543087,35.04919317, 2010 PORTLAND ST
-85.22406739,35.05140021, 3820 WOODBROOK DR
-85.21097856,35.0730666, 4303 THUNDERBIRD DR
-85.26910176,35.06678712, 2115 ELENA DR
-85.2346001,35.08897283, 2518 N  WILDER ST
-85.26773346,35.05048859, 1008 N  HAWTHORNE ST
-85.26465652,35.05906354, 1707 OLIVE ST
-85.2497174,35.06744676, 2314 FAIRLEIGH ST
-85.25729164,35.06923136, 1801 APPLING ST
-85.23012331,35.04769073, 1712 LA HUGH DR
-85.26387984,35.05061023, 2012 LAURA ST
-85.23162823,35.05775447, 2303 GREEN FOREST DR
-85.26668686,35.05215905, 1118 N  HAWTHORNE ST
-85.26868122,35.0499007, 1808 PORTLAND ST
-85.26615845,35.05044698, 1906 COOLEY ST
-85.25170701,35.0634186, 2323 CRUTCHFIELD ST
-85.25254537,35.0645323, 2305 GLASS ST
-85.25481653,35.07114294, 1909 BACHMAN ST
-85.26838233,35.06952849, 917 CRUTCHFIELD ST
-85.24189652,35.06612959, 2401 YORK ST
-85.27028876,35.05390128, 1224 HENDRICKS ST
-85.26897953,35.05231332, 1106 N  HICKORY ST
-85.25394687,35.053282, 2514 OCOEE ST
-85.23275519,35.04670941, 1620 DOGWOOD DR
-85.27063229,35.04959889, 1703 MILNE ST
-85.24023671,35.07597942, 3427 VINEWOOD DR
-85.2244247,35.05193625, 3813 WOODBROOK DR
-85.25397911,35.07488716, 3100 N  HAWTHORNE ST
-85.24330413,35.07081167, 2611 WILDER ST
-85.26372462,35.05099188, 2017 LAURA ST
-85.25376957,35.06376516, 2300 CRUTCHFIELD ST
-85.23304866,35.05827855, 2315 GREEN FOREST DR
-85.26521038,35.04857688, 2015 WINDSOR ST
-85.22902324,35.07395033, 3722 SALUDA ST
-85.24657569,35.0760678, 2219 ALLIN ST
-85.27209794,35.05014876, 1613 MILNE ST
-85.26968276,35.05027926, 1718 PORTLAND ST
-85.26915071,35.05207313, 1102 N  HICKORY ST
-85.26613057,35.0538338, 1813 RUBIO ST
-85.25254113,35.06307488, 2213 DAVENPORT ST
-85.2590983,35.05705945, 1724 STANFIEL ST
-85.26315675,35.05131985, 2100 WILSON ST
-85.25884135,35.04699261, 1012 N  CHAMBERLAIN AVE
-85.25714746,35.04660528, 2529 JUDSON LN
-85.26279851,35.07281775, 2705 BENTON AVE
-85.25716351,35.0386039, 509 FISHER AVE
-85.25671598,35.03827311, 506 FISHER AVE
-85.2565592,35.03856741, 518 FISHER AVE
-85.2425915,35.05675985, 2021 EMMA KATE DR
-85.24280241,35.05611768, 2009 EMMA KATE DR
-85.24402699,35.05804898, 3009 DEE DR
-85.24143546,35.05512017, 3117 DEE DR
-85.24234712,35.05492445, 3110 DEE DR
-85.2431978,35.0551804, 3059 DEE DR
-85.24293031,35.05511456, 3102 DEE DR
-85.24988936,35.07023224, 2815 TAYLOR ST
-85.25623438,35.03828411, 515 LATIMORE ST
-85.24427132,35.05558607, 3043 DEE DR
-85.24419628,35.05734734, 3017 DEE DR
-85.24105747,35.05486001, 3125 DEE DR
-85.25031274,35.06948115, 2803 TAYLOR ST
-85.25790924,35.04713706, 2512 JUDSON LN
-85.25721414,35.04729898, 2519 JUDSON LN
-85.25780415,35.04709303, 2514 JUDSON LN
-85.25775757,35.0475213, 2509 JUDSON LN
-85.25873779,35.04707074, 1014 N  CHAMBERLAIN AVE
-85.25710465,35.04728541, 2521 JUDSON LN
-85.25706405,35.03879231, 519 FISHER AVE
-85.25753898,35.04745125, 2513 JUDSON LN
-85.25810346,35.04718866, 2510 JUDSON LN
-85.25872177,35.04713066, 1016 N  CHAMBERLAIN AVE
-85.25888023,35.0469085, 1010 N  CHAMBERLAIN AVE
-85.25806211,35.0476112, 2505 JUDSON LN
-85.25797999,35.04661047, 2520 JUDSON LN
-85.25727657,35.04732155, 2517 JUDSON LN
-85.25717946,35.0465325, 2531 JUDSON LN
-85.25719018,35.03851096, 507 FISHER AVE
-85.25673531,35.03823575, 504 FISHER AVE
-85.2570805,35.03875806, 517 FISHER AVE
-85.2651065,35.08203329, 2971 RIVERPORT RD
-85.25289445,35.07372717, 3011 ROANOKE AVE
-85.2571451,35.03864439, 511 FISHER AVE
-85.25663161,35.03842729, 512 FISHER AVE
-85.25658245,35.03851758, 516 FISHER AVE
-85.25834178,35.04726508, 2506 JUDSON LN
-85.25705097,35.04725718, 2523 JUDSON LN
-85.25539379,35.06921148, 2609 ROANOKE AVE
-85.21149633,35.07879795, 4213 KAYLA CIR
-85.2280091,35.08292831, 2840 HARRISON PIKE
-85.25677771,35.03815793, 502 FISHER AVE
-85.21054344,35.07119958, 3817 DEERFOOT DR
-85.24337247,35.06984334, 3002 CAMPBELL ST
-85.24528759,35.07758155, 3514 TAYLOR ST
-85.24878237,35.07205154, 3007 TAYLOR ST
-85.2510443,35.0657986, 2500 O REAR ST
-85.24737407,35.06573213, 2608 GLASS ST
-85.23059564,35.07526301, 3767 SAPULPA ST
-85.22651235,35.08073988, 4025 HOMER ST
-85.23477058,35.07567634, 2815 FAIRVIEW DR
-85.2244302,35.07788444, 3911 BRYANT ST
-85.22574815,35.08229039, 3107 GRANADA ST
-85.24953955,35.06643649, 2403 APPLING ST
-85.26597044,35.0596126, 1605 OLIVE ST
-85.23358706,35.05893208, 2321 GREEN FOREST DR
-85.26120726,35.05565759, 1608 BRADT ST
-85.24360572,35.07091125, 2607 WILDER ST
-85.25292484,35.06232525, 2125 DAVENPORT ST
-85.23111557,35.07159904, 3611 SALUDA ST
-85.2512751,35.06751449, 2609 TAYLOR ST
-85.22414191,35.05260879, 3837 ROLLINGWOOD DR
-85.25074085,35.05467337, 1806 FRANCIS ST
-85.23591723,35.04790504, 1609 PARKWAY DR
-85.23412517,35.05129702, 1903 PARKWAY DR
-85.26883356,35.04994757, 1806 PORTLAND ST
-85.25214282,35.06293296, 2212 DAVENPORT ST
-85.26164786,35.05596215, 1609 BRADT ST
-85.2666529,35.05554258, 1724 NEWTON ST
-85.2645866,35.04836745, 2101 WINDSOR ST
-85.26542157,35.07675014, 1040 STUART ST
-85.25460464,35.06748432, 2511 CURTIS ST
-85.26577774,35.06737564, 2125 RIVERSIDE DR
-85.26790583,35.06668598, 2109 DELANO DR
-85.24987517,35.07624626, 3305 CURTIS ST
-85.25126802,35.06677566, 2516 TAYLOR ST
-85.23725298,35.07529265, 2720 FAIRVIEW DR
-85.24668899,35.06710777, 2617 ANDREWS ST
-85.25776619,35.06064174, 2018 CURTIS ST
-85.22443168,35.05276961, 3833 ROLLINGWOOD DR
-85.22252457,35.04965912, 1826 ARCIE DR
-85.24548678,35.07807987, 3519 TAYLOR ST
-85.23370269,35.07968323, 2823 RIDGECREST DR
-85.24223233,35.07203892, 3207 CAMPBELL ST
-85.24930484,35.0713255, 2915 TAYLOR ST
-85.25765876,35.04748205, 2511 JUDSON LN
-85.24738348,35.07598579, 2210 ALLIN ST
-85.26485508,35.07434978, 1010 BACHMAN ST
-85.23597664,35.08953033, 2500 N  WILDER ST
-85.23932647,35.07760474, 3518 E  CREST DR
-85.2099613,35.07220558, 4312 THUNDERBIRD DR
-85.23819562,35.07454217, 3404 BIRCHWOOD DR
-85.24800239,35.07455184, 2207 SEARLE ST
-85.23553871,35.07526156, 2804 FAIRVIEW DR
-85.20918968,35.0737476, 4316 TEE PEE DR
-85.21137883,35.07273179, 4302 THUNDERBIRD DR
-85.24855039,35.07682914, 2107 ALLIN ST
-85.25120509,35.06838655, 2211 FAIRLEIGH ST
-85.23363356,35.06696903, 3031 TOWERWAY DR
-85.23997135,35.07949862, 2507 RIDGECREST DR
-85.23396519,35.07884974, 2818 RIDGECREST DR
-85.26048538,35.07173686, 2701 RIVERSIDE DR
-85.25667824,35.03834633, 510 FISHER AVE
-85.21004203,35.07361358, 4309 BUTTERFLY DR
-85.24904049,35.07252762, 2208 WILDER ST
-85.24722075,35.07591465, 2212 ALLIN ST
-85.21030634,35.0737011, 4307 BUTTERFLY DR
-85.23210261,35.06671745, 3042 TOWERWAY DR
-85.24974063,35.07682035, 3315 CURTIS ST
-85.24347114,35.06738168, 2727 GLASS ST
-85.23289514,35.06656531, 3036 TOWERWAY DR
-85.25699442,35.07698384, 3108 RIVERSIDE DR
-85.25994219,35.05951988, 2004 SHERMAN ST
-85.24897932,35.07091904, 2910 TAYLOR ST
-85.24449562,35.07042072, 3008 NOA ST
-85.25870017,35.06127715, 2007 BRAGG ST
-85.26357556,35.05307989, 1321 BRADT ST
-85.23985668,35.07807788, 3517 E  CREST DR
-85.22695559,35.08035538, 4015 HOMER ST
-85.24195322,35.07228191, 3211 CAMPBELL ST
-85.25645471,35.07436549, 3003 N  HICKORY ST
-85.26715326,35.06672214, 2114 DELANO DR
-85.24914502,35.07744494, 3407 CURTIS ST
-85.26830968,35.06728043, 2118 ELENA DR
-85.23705727,35.07699075, 3615 MOUNTAIN VIEW DR
-85.24429339,35.06672547, 2722 GLASS ST
-85.24545965,35.06985682, 2512 STUART ST
-85.26761902,35.06925717, 1007 CRUTCHFIELD ST
-85.24808063,35.07082505, 2312 STUART ST
-85.26767384,35.06844891, 1101 QUEENS DR
-85.22732596,35.05950544, 2426 DOOLITTLE ST
-85.24890881,35.06404992, 2507 LATTA ST
-85.25477407,35.06300579, 2204 CHEEK ST
-85.26698535,35.05269566, 1810 WILSON ST
-85.26568826,35.05226095, 1900 WILSON ST
-85.24396997,35.06609845, 2406 WILHOIT ST
-85.22707462,35.05352235, 3717 HEMINGWAY DR
-85.25370268,35.05283935, 1614 DIAMOND ST
-85.22800094,35.05361378, 2016 DOGWOOD DR
-85.26029703,35.05076332, 2301 WILSON ST
-85.225659,35.05298366, 3817 ROLLINGWOOD DR
-85.26207859,35.05495315, 2014 CAMDEN ST
-85.26436185,35.05894937, 1711 OLIVE ST
-85.23081264,35.07210689, 3627 SALUDA ST
-85.23249926,35.07110642, 3600 SAPULPA ST
-85.2300015,35.0741039, 3728 WAUCHULA ST
-85.24968056,35.07554994, 3214 CURTIS ST
-85.25268379,35.0739412, 1914 WILDER ST
-85.20801422,35.07489373, 3908 PEACH ST
-85.21134953,35.07232404, 3827 DEERFOOT DR
-85.25706661,35.06804053, 1907 DAISY ST
-85.24918019,35.07530498, 2108 WISDOM ST
-85.25786244,35.07657304, 3105 RIVERSIDE DR
-85.25061589,35.06781185, 2616 TAYLOR ST
-85.23878358,35.07855872, 2517 RIDGECREST DR
-85.22214367,35.07929541, 4150 BONNY OAKS DR
-85.24070346,35.08002444, 2501 RIDGECREST DR
-85.23935852,35.07839315, 2510 RIDGECREST DR
-85.22675623,35.08053025, 4023 HOMER ST
-85.25013655,35.0675808, 2308 FAIRLEIGH ST
-85.25292213,35.06977001, 2714 CURTIS ST
-85.23333302,35.06694428, 3033 TOWERWAY DR
-85.25141162,35.05954643, 2041 MUSEUM ST
-85.22454936,35.0803068, 4046 GLENCOE ST
-85.23970681,35.07931259, 2509 RIDGECREST DR
-85.23124618,35.07138903, 3603 SALUDA ST
-85.26047729,35.07189798, 2705 RIVERSIDE DR
-85.24815943,35.07217263, 2302 WILDER ST
-85.23444714,35.07525014, 2816 FAIRVIEW DR
-85.24860691,35.07009811, 2309 CUSHMAN ST
-85.25036726,35.06527812, 2421 GLASS ST
-85.26326214,35.05565862, 1911 CAMDEN ST
-85.27933778,35.0554011, 1532 RIVERSIDE DR
-85.26849047,35.05301838, 1216 N  HICKORY ST
-85.26719948,35.05328454, 1805 WILSON ST
-85.25367945,35.05317527, 2600 OCOEE ST
-85.2693591,35.05359912, 1704 WILSON ST
-85.26566209,35.05364243, 1819 RUBIO ST
-85.27086824,35.05329474, 1212 HENDRICKS ST
-85.25917515,35.05869206, 2027 RUBY ST
-85.2658216,35.04878987, 2007 WINDSOR ST
-85.26700538,35.04826197, 1909 MILNE ST
-85.27006565,35.05076836, 1000 N  HICKORY ST
-85.24564601,35.06921078, 2901 NOA ST
-85.25452069,35.06778423, 2016 APPLING ST
-85.25303709,35.06953369, 2710 CURTIS ST
-85.25354288,35.06370093, 2304 CRUTCHFIELD ST
-85.25143449,35.06811959, 2208 FAIRLEIGH ST
-85.22863882,35.0592318, 2414 NIMITZ ST
-85.24581544,35.06998785, 2508 STUART ST
-85.24774553,35.072615, 2305 WILDER ST
-85.24707105,35.07442348, 3214 TAYLOR ST
-85.23872753,35.07567464, 3418 BIRCHWOOD DR
-85.23977881,35.07581763, 3426 VINEWOOD DR
-85.25419101,35.07587933, 3119 N  HAWTHORNE ST
-85.2489021,35.07658056, 2106 ALLIN ST
-85.25165839,35.06726647, 2213 APPLING ST
-85.24648333,35.07543334, 3314 TAYLOR ST
-85.26653335,35.06672469, 2117 RIVERSIDE DR
-85.23219858,35.07048066, 3504 WAUCHULA ST
-85.22383825,35.05369956, 3711 MCCOOL DR
-85.24900777,35.06374207, 2510 LATTA ST
-85.23678665,35.06613816, 3003 TOWERWAY DR
-85.23557443,35.06564614, 3012 TOWERWAY DR
-85.25242317,35.05778225, 2507 MCRAE ST
-85.22470938,35.05285417, 3829 ROLLINGWOOD DR
-85.25705148,35.05657444, 1808 TAYLOR ST
-85.25156882,35.07447903, 2000 ELMENDORF ST
-85.21464976,35.07304294, 4201 TEE PEE DR
-85.24301785,35.06806692, 2510 CAMPBELL ST
-85.25391296,35.06802398, 2101 APPLING ST
-85.25389053,35.06889275, 2010 FAIRLEIGH ST
-85.25124579,35.06800486, 2212 FAIRLEIGH ST
-85.25349427,35.06974699, 2711 CURTIS ST
-85.2554059,35.05693441, 2317 GILBERT ST
-85.26252707,35.05146627, 2109 WILSON ST
-85.26695307,35.04772165, 2000 MILNE ST
-85.23028265,35.04873251, 1812 BENNINGTON DR
-85.2670138,35.05172416, 1110 N  HAWTHORNE ST
-85.25242043,35.06561713, 2421 TAYLOR ST
-85.25912124,35.06099661, 2004 BRAGG ST
-85.25392586,35.05514614, 2507 OLIVE ST
-85.2541291,35.06310912, 2211 CHEEK ST
-85.25111467,35.0556837, 1900 PEARL ST
-85.2637604,35.04819336, 2119 WINDSOR ST
-85.26625426,35.05545395, 1802 NEWTON ST
-85.25499332,35.07574263, 3108 N  HICKORY ST
-85.24875747,35.06749614, 2407 FAIRLEIGH ST
-85.26660617,35.0671982, 2120 DELANO DR
-85.24949737,35.0699317, 2814 TAYLOR ST
-85.26544897,35.06764576, 2129 RIVERSIDE DR
-85.2600377,35.0590618, 2009 RUBY ST
-85.25939897,35.05704914, 1722 STANFIEL ST
-85.25861262,35.05801884, 2040 RUBY ST
-85.25970668,35.05642942, 1710 STANFIEL ST
-85.26691911,35.05415104, 1803 RUBIO ST
-85.25854529,35.05543212, 2205 OCOEE ST
-85.25366115,35.05464981, 2514 OLIVE ST
-85.26974414,35.04885266, 1804 MILNE ST
-85.26248576,35.05048014, 2113 LAURA ST
-85.26331298,35.0493915, 2110 COOLEY ST
-85.26745198,35.0517515, 1109 N  HAWTHORNE ST
-85.26609448,35.04798072, 2009 MILNE ST
-85.25274561,35.07892132, 3375 N  HAWTHORNE ST
-85.22833899,35.07924762, 3925 BONNY OAKS DR
-85.24876035,35.06977601, 2310 CUSHMAN ST
-85.26194884,35.06970128, 2501 RIVERSIDE DR
-85.25843402,35.05942999, 2004 CURTIS ST
-85.25310199,35.06938916, 2706 CURTIS ST
-85.25470504,35.06347025, 2200 GLASS ST
-85.25141264,35.06299977, 2400 CRUTCHFIELD ST
-85.2533603,35.05453261, 2518 OLIVE ST
-85.26176289,35.05658907, 2039 OCOEE ST
-85.26200116,35.05632652, 2006 OCOEE ST
-85.26491586,35.05044091, 2007 COOLEY ST
-85.25718106,35.04314113, 822 GLENWOOD DR
-85.23376965,35.05188137, 1911 PARKWAY DR
-85.25113828,35.05997135, 2079 MUSEUM ST
-85.25237309,35.06426432, 2310 GLASS ST
-85.26900948,35.06483961, 2019 RIVERSIDE DR
-85.28286366,35.055599, 1491 RIVERSIDE DR
-85.26366293,35.04801528, 2121 WINDSOR ST
-85.23496956,35.06592619, 3016 TOWERWAY DR
-85.26157438,35.05602921, 1611 BRADT ST
-85.2654109,35.05212376, 1906 WILSON ST
-85.26677043,35.04674231, 2008 RAWLINGS ST
-85.22597876,35.08235994, 3105 GRANADA ST
-85.22384677,35.07920873, 4100 BONNY OAKS DR
-85.23137096,35.07203282, 3620 WAUCHULA ST
-85.24980722,35.07188076, 2207 STUART ST
-85.22766504,35.07623212, 3837 WAUCHULA ST
-85.26639557,35.05297898, 1815 WILSON ST
-85.24714619,35.06557743, 2609 HENDERSON ST
-85.25364409,35.05504836, 2513 OLIVE ST
-85.26809816,35.05421282, 1716 RUBIO ST
-85.26189692,35.0566285, 2025 OCOEE ST
-85.26765692,35.05585834, 1710 NEWTON ST
-85.25967813,35.05886885, 2019 RUBY ST
-85.26359956,35.04954484, 2104 COOLEY ST
-85.22789048,35.05406036, 2102 DOGWOOD DR
-85.26285827,35.05020381, 2110 LAURA ST
-85.22566191,35.04579005, 3865 AGAWELA DR
-85.27344503,35.04992847, 1601 MILNE ST
-85.23262438,35.0576895, 2308 GREEN FOREST DR
-85.26452711,35.05740561, 1800 OCOEE ST
-85.26752668,35.05162201, 1107 N  HAWTHORNE ST
-85.22538157,35.05181506, 3806 WOODBROOK DR
-85.27278279,35.05015738, 1607 MILNE ST
-85.251678,35.07296204, 3005 CURTIS ST
-85.2681231,35.06759258, 2122 ELENA DR
-85.22821632,35.07641319, 3833 WAUCHULA ST
-85.24303269,35.06830071, 2512 CAMPBELL ST
-85.2642385,35.06979333, 1229 LATTA ST
-85.25156263,35.05927242, 2015 MUSEUM ST
-85.26617691,35.05925362, 1604 OLIVE ST
-85.26594324,35.05082231, 1905 COOLEY ST
-85.2621233,35.05531793, 2009 CAMDEN ST
-85.27159986,35.05311525, 1205 HENDRICKS ST
-85.24685261,35.06593983, 2632 GLASS ST
-85.25590137,35.05438656, 2401 OCOEE ST
-85.26613266,35.0553871, 1804 NEWTON ST
-85.26727981,35.06609979, 2109 RIVERSIDE DR
-85.26796081,35.05353688, 1723 WILSON ST
-85.2317566,35.05738431, 2302 GREEN FOREST DR
-85.26901438,35.04898494, 1811 MILNE ST
-85.26375254,35.04958035, 2102 COOLEY ST
-85.26416009,35.05015181, 2015 COOLEY ST
-85.26918752,35.04906296, 1809 MILNE ST
-85.21111823,35.07772383, 4278 KAYLA CIR
-85.21176536,35.07851991, 4201 KAYLA CIR
-85.21125262,35.07741587, 4290 KAYLA CIR
-85.21146001,35.07712678, 4296 KAYLA CIR
-85.21121837,35.07757801, 4284 KAYLA CIR
-85.21084522,35.0788555, 4231 KAYLA CIR
-85.21131714,35.0783446, 4206 KAYLA CIR
-85.2114042,35.07819544, 4200 KAYLA CIR
-85.21045871,35.07867637, 4243 KAYLA CIR
-85.21175805,35.07759958, 4414 KAYLA CIR
-85.25084081,35.07041113, 2812 DODSON AVE
-85.25110937,35.06992985, 2804 DODSON AVE
-85.21167301,35.07774866, 4420 KAYLA CIR
-85.22749443,35.04577577, 3841 AGAWELA DR
-85.2113369,35.07726446, 4294 KAYLA CIR
-85.22797624,35.04576729, 3835 AGAWELA DR
-85.2509144,35.07028941, 2810 DODSON AVE
-85.25125214,35.0696762, 2800 DODSON AVE
-85.2511964,35.06979, 2802 DODSON AVE
-85.26533095,35.04662186, 2103 RAWLINGS ST
-85.21028532,35.07814682, 4261 KAYLA CIR
-85.21102441,35.07787218, 4272 KAYLA CIR
-85.26949292,35.07024329, 2200 AMNICOLA HWY
-85.25076425,35.07053856, 2814 DODSON AVE
-85.2106521,35.07879084, 4237 KAYLA CIR
-85.25097946,35.07017597, 2808 DODSON AVE
-85.25798417,35.04184271, 2601 CITICO AVE
-85.22455972,35.07763432, 3912 BRYANT ST
-85.24462084,35.07130776, 2513 WILDER ST
-85.23821958,35.07821302, 2603 RIDGECREST DR
-85.2359115,35.09147904, 2419 MAPLE ST
-85.24688308,35.08432117, 3875 N  HAWTHORNE ST
-85.21034758,35.0728426, 4307 THUNDERBIRD DR
-85.21016797,35.07463606, 4307 TEE PEE DR
-85.23543124,35.07762965, 3620 PARKWAY DR
-85.23304413,35.07277751, 3621 SAPULPA ST
-85.22921479,35.07362776, 3716 SALUDA ST
-85.2275568,35.08057677, 4020 LOFTIS ST
-85.25659601,35.07769478, 3206 RIVERSIDE DR
-85.23391639,35.09168912, 2508 CEDAR ST
-85.2451165,35.07780505, 3518 TAYLOR ST
-85.22827698,35.08093719, 4019 LOFTIS ST
-85.23174921,35.07125549, 3602 WAUCHULA ST
-85.23556243,35.08922134, 2506 N  WILDER ST
-85.25167555,35.07213578, 2100 STUART ST
-85.23881115,35.07611553, 3422 BIRCHWOOD DR
-85.24067928,35.07876545, 3515 BATTERY DR
-85.24697168,35.07629544, 2213 ALLIN ST
-85.23130568,35.0710983, 3515 SALUDA ST
-85.23203014,35.06711375, 3043 TOWERWAY DR
-85.257024,35.07880172, 1405 WISDOM ST
-85.22447773,35.08151588, 3206 GRANADA ST
-85.23103523,35.07268338, 3644 WAUCHULA ST
-85.26576334,35.06812275, 2130 DELANO DR
-85.23631562,35.08027032, 2592 RIDGECREST CIR
-85.25405026,35.08392725, 3600 N  HAWTHORNE ST
-85.24711452,35.07515, 3307 TAYLOR ST
-85.22872489,35.07447067, 3808 SALUDA ST
-85.25057342,35.07350261, 2107 WILDER ST
-85.26068106,35.07350433, 1320 CUSHMAN ST
-85.23091869,35.07354875, 3703 WAUCHULA ST
-85.24686254,35.07170251, 2402 WILDER ST
-85.22825863,35.07561147, 3821 SALUDA ST
-85.22745659,35.07560139, 3824 SALUDA ST
-85.20807774,35.07576968, 3913 PEACH ST
-85.24928402,35.07630719, 3310 CURTIS ST
-85.23052373,35.07411029, 3729 WAUCHULA ST
-85.2449443,35.07860517, 3529 TAYLOR ST
-85.23295272,35.07131975, 3604 SAPULPA ST
-85.2317371,35.06924871, 3504 SALUDA ST
-85.24732902,35.0651432, 2408 AWTRY ST
-85.23521657,35.07571069, 2809 FAIRVIEW DR
-85.25026544,35.07553641, 3211 CURTIS ST
-85.25338603,35.06155762, 2111 DAVENPORT ST
-85.22793636,35.07512371, 3818 SALUDA ST
-85.24660908,35.07531997, 3312 TAYLOR ST
-85.25875467,35.07900506, 1300 WISDOM ST
-85.24956102,35.07582159, 3300 CURTIS ST
-85.22726301,35.07536557, 3846 WAUCHULA ST
-85.25146482,35.06636379, 2510 TAYLOR ST
-85.24720323,35.07632123, 2207 ALLIN ST
-85.26523535,35.06785206, 2131 RIVERSIDE DR
-85.2501733,35.068724, 2710 TAYLOR ST
-85.24804425,35.07266131, 2301 WILDER ST
-85.2503557,35.06429756, 2418 GLASS ST
-85.21531357,35.08368046, 4228 BENTON DR
-85.26815584,35.06858735, 1005 QUEENS DR
-85.23100893,35.06669741, 3050 TOWERWAY DR
-85.24719254,35.06700482, 2611 ANDREWS ST
-85.26113552,35.07528011, 1334 STUART ST
-85.25095789,35.0679593, 2216 FAIRLEIGH ST
-85.22961011,35.07582314, 3817 WAUCHULA ST
-85.26870912,35.05265988, 1210 N  HICKORY ST
-85.271036,35.05312128, 1210 HENDRICKS ST
-85.23261446,35.06663463, 3038 TOWERWAY DR
-85.2540512,35.06998428, 2713 ORTON ST
-85.25639271,35.06854625, 1906 APPLING ST
-85.23238135,35.06669455, 3040 TOWERWAY DR
-85.267451,35.06879709, 1102 CRUTCHFIELD ST
-85.23130136,35.06668561, 3048 TOWERWAY DR
-85.24541286,35.06721454, 2636 ANDREWS ST
-85.26877389,35.05384405, 1711 WILSON ST
-85.2662987,35.05327116, 1814 RUBIO ST
-85.22776226,35.05950736, 2425 DOOLITTLE ST
-85.25951885,35.05978384, 2007 SHERMAN ST
-85.24813345,35.06912262, 2400 BACHMAN ST
-85.24158309,35.0665672, 2436 YORK ST
-85.24779912,35.07387375, 2215 ELMENDORF ST
-85.24502538,35.06777152, 2410 FROST ST
-85.21096327,35.0734785, 4304 BUTTERFLY DR
-85.26677601,35.0559959, 1711 NEWTON ST
-85.23601513,35.06597238, 3009 TOWERWAY DR
-85.26694458,35.06691704, 2116 DELANO DR
-85.23232729,35.07021341, 3502 WAUCHULA ST
-85.2472496,35.07045781, 2404 STUART ST
-85.24577655,35.06808168, 2800 NOA ST
-85.25261569,35.06296478, 2211 DAVENPORT ST
-85.26951647,35.05021596, 1720 PORTLAND ST
-85.24342474,35.06969642, 3000 CAMPBELL ST
-85.21088408,35.07086796, 3818 DEERFOOT DR
-85.24442483,35.07055786, 3010 NOA ST
-85.26497272,35.05917877, 1703 OLIVE ST
-85.23088939,35.07094628, 3516 SALUDA ST
-85.25317439,35.06912329, 2702 CURTIS ST
-85.26484529,35.05874181, 1706 OLIVE ST
-85.24395577,35.06847054, 2616 FROST ST
-85.23269723,35.07068605, 3505 WAUCHULA ST
-85.23453328,35.06619303, 3020 TOWERWAY DR
-85.26579026,35.04786692, 2013 MILNE ST
-85.25414786,35.0762599, 1709 ELMENDORF ST
-85.25133609,35.06838471, 2209 FAIRLEIGH ST
-85.2456691,35.06708137, 2630 ANDREWS ST
-85.25512164,35.0685465, 2003 APPLING ST
-85.24309968,35.07034354, 3014 CAMPBELL ST
-85.26818036,35.05050613, 1005 N  HAWTHORNE ST
-85.25233346,35.06363034, 2315 CRUTCHFIELD ST
-85.25367163,35.06350131, 2209 TAYLOR ST
-85.25131563,35.06664924, 2514 TAYLOR ST
-85.26821835,35.06741994, 2120 ELENA DR
-85.23439534,35.0498553, 1804 PARKWAY DR
-85.26864329,35.06668808, 2112 ELENA DR
-85.26787475,35.06935504, 1003 CRUTCHFIELD ST
-85.22812203,35.05886612, 2409 DOOLITTLE ST
-85.23528693,35.04888119, 1705 PARKWAY DR
-85.26645172,35.04860117, 2000 WINDSOR ST
-85.25350943,35.06961501, 2709 CURTIS ST
-85.2521793,35.07118434, 2818 CURTIS ST
-85.25907148,35.06007794, 2008 HARDY ST
-85.24889009,35.07104053, 2912 TAYLOR ST
-85.24872128,35.06398492, 2509 LATTA ST
-85.22888277,35.06334794, 2606 ACUFF ST
-85.25309312,35.0636058, 2212 TAYLOR ST
-85.26488347,35.06975215, 1227 LATTA ST
-85.24562598,35.07032728, 2507 STUART ST
-85.26825972,35.05317203, 1718 WILSON ST
-85.26649179,35.05355344, 1810 RUBIO ST
-85.25576016,35.06908647, 2608 N  BEECH ST
-85.22611399,35.05218676, 3805 ROLLINGWOOD DR
-85.24519165,35.07017981, 2513 STUART ST
-85.26268639,35.05554777, 2001 CAMDEN ST
-85.26574348,35.05786995, 1740 OCOEE ST
-85.26536163,35.0535348, 1823 RUBIO ST
-85.26564787,35.05320439, 1824 RUBIO ST
-85.26233356,35.05140865, 2111 WILSON ST
-85.25326632,35.0701048, 2717 CURTIS ST
-85.25212916,35.06432996, 2312 GLASS ST
-85.24600882,35.0661972, 2658 GLASS ST
-85.22833118,35.06479139, 2649 ACUFF ST
-85.22948295,35.06305793, 3424 COGSWELL ST
-85.25500704,35.06021464, 2326 INFANTRY RD
-85.2465141,35.06430861, 2606 STEPHENS ST
-85.26600044,35.05534406, 1806 NEWTON ST
-85.27076268,35.05340464, 1214 HENDRICKS ST
-85.25602935,35.06298326, 2110 GLASS ST
-85.24573531,35.06600517, 2415 BIRD ST
-85.26550087,35.05256802, 1901 WILSON ST
-85.26120911,35.05682329, 1707 BRADT ST
-85.26828703,35.06590143, 2102 DELANO DR
-85.25248323,35.06372116, 2313 CRUTCHFIELD ST
-85.27133351,35.05340414, 1213 HENDRICKS ST
-85.25730258,35.04786901, 2512 LAURA ST
-85.26054213,35.05705839, 1712 BRADT ST
-85.27213052,35.052562, 1111 HENDRICKS ST
-85.2526269,35.05741639, 2506 MCRAE ST
-85.2594147,35.05877793, 2023 RUBY ST
-85.25212267,35.05448334, 2535 OLIVE ST
-85.26510643,35.05922937, 1701 OLIVE ST
-85.2681046,35.05360467, 1721 WILSON ST
-85.25434186,35.05344672, 2510 OCOEE ST
-85.23048415,35.04804034, 1711 LA HUGH DR
-85.26836285,35.05369428, 1717 WILSON ST
-85.26550859,35.05514585, 1814 NEWTON ST
-85.26476033,35.04738854, 2105 MILNE ST
-85.26796817,35.05413137, 1718 RUBIO ST
-85.23247511,35.04704072, 1632 DOGWOOD DR
-85.22896997,35.06448502, 2635 ACUFF ST
-85.26563513,35.05519447, 1812 NEWTON ST
-85.26706636,35.05420936, 1801 RUBIO ST
-85.25757037,35.05600361, 2300 OLIVE ST
-85.27258198,35.0502292, 1609 MILNE ST
-85.26542601,35.05018808, 2002 COOLEY ST
-85.2644473,35.04693839, 2200 MILNE ST
-85.26398328,35.0522594, 1309 BRADT ST
-85.26730918,35.0483311, 1905 MILNE ST
-85.26002713,35.05668958, 1711 STANFIEL ST
-85.26721535,35.05210771, 1113 N  HAWTHORNE ST
-85.26493979,35.04706094, 2104 MILNE ST
-85.26524622,35.05548351, 1813 NEWTON ST
-85.22499773,35.05295801, 3825 ROLLINGWOOD DR
-85.26562214,35.05598512, 1807 NEWTON ST
-85.22365982,35.05617036, 3709 SHAMROCK DR
-85.26239223,35.05779852, 1906 OLIVE ST
-85.26674911,35.04812202, 2001 MILNE ST
-85.2683004,35.04974698, 1814 PORTLAND ST
-85.26982283,35.050333, 1716 PORTLAND ST
-85.25751072,35.04893939, 1211 GLENWOOD DR
-85.26201697,35.05127427, 2115 WILSON ST
-85.26401403,35.04712102, 2205 MILNE ST
-85.23404783,35.05046482, 1810 PARKWAY DR
-85.27160614,35.04857936, 903 N  HICKORY ST
-85.25883733,35.05377868, 2300 CAMDEN ST
-85.23533546,35.04792748, 1610 PARKWAY DR
-85.26513052,35.05763316, 1776 OCOEE ST
-85.26355223,35.04991781, 2103 COOLEY ST
-85.26751753,35.05437747, 1723 RUBIO ST
-85.26642866,35.04758911, 2006 MILNE ST
-85.25964751,35.05837636, 2024 RUBY ST
-85.229361,35.05497776, 2200 DOOLITTLE ST
-85.26757724,35.05070415, 1094 N  HAWTHORNE ST
-85.26329644,35.04982947, 2107 COOLEY ST
-85.25131575,35.05529777, 1834 PEARL ST
-85.26464917,35.04891407, 2020 PORTLAND ST
-85.27325793,35.05012882, 1603 MILNE ST
-85.2347101,35.04913407, 1712 PARKWAY DR
-85.26259868,35.05107671, 2108 WILSON ST
-85.26435029,35.05858979, 1714 OLIVE ST
-85.27017481,35.04943696, 1709 MILNE ST
-85.26494046,35.05140875, 2001 LAURA ST
-85.23415167,35.05027614, 1808 PARKWAY DR
-85.25984767,35.05008333, 2312 WILSON ST
-85.23442895,35.05077964, 1813 PARKWAY DR
-85.26936825,35.05184792, 1018 N  HICKORY ST
-85.26767636,35.05134724, 1103 N  HAWTHORNE ST
-85.26600235,35.04686395, 2023 RAWLINGS ST
-85.26732629,35.05192794, 1111 N  HAWTHORNE ST
-85.26784622,35.05111109, 1013 N  HAWTHORNE ST
-85.27221161,35.05222875, 1108 HENDRICKS ST
-85.22306239,35.04423202, 3886 AGAWELA DR
-85.26539384,35.04623019, 2108 RAWLINGS ST
-85.22652411,35.04581405, 3853 AGAWELA DR
-85.26905483,35.05036122, 1000 SHERIDAN AVE
-85.25821991,35.05024484, 1306 WHEELER AVE
-85.2594596,35.05027841, 1300 ARLINGTON AVE
-85.26685485,35.0472796, 2005 RAWLINGS ST
-85.2481321,35.06590702, 2509 GLASS ST
-85.24143217,35.06624884, 2410 YORK ST
-85.26500578,35.05247101, 1909 WILSON ST
-85.25232643,35.05405562, 2536 OLIVE ST
-85.24821697,35.06534025, 2514 GLASS ST
-85.24746613,35.0725035, 2309 WILDER ST
-85.20960542,35.08225418, 4291 HWY 58
-85.2554631,35.07828781, 1509 WISDOM ST
-85.25892556,35.05803921, 2036 RUBY ST
-85.23609141,35.07684939, 3610 PARKWAY DR
-85.2656201,35.05891689, 1612 OLIVE ST
-85.26557922,35.05780559, 1754 OCOEE ST
-85.25487538,35.06845171, 2007 APPLING ST
-85.24574373,35.0675003, 2627 ANDREWS ST
-85.2532306,35.06335192, 2208 TAYLOR ST
-85.25284959,35.07682555, 3212 N  HAWTHORNE ST
-85.25273634,35.07116776, 2815 CURTIS ST
-85.25745988,35.05718394, 1815 TAYLOR ST
-85.24047178,35.07272147, 3308 CAMPBELL ST
-85.26993561,35.05191634, 1017 N  HICKORY ST
-85.26057648,35.05574537, 2108 OCOEE ST
-85.23812304,35.07560089, 2716 FAIRVIEW DR
-85.24930611,35.06565511, 2453 GLASS ST
-85.25325472,35.06399015, 2300 GLASS ST
-85.24312316,35.07019242, 3008 CAMPBELL ST
-85.26896055,35.05342504, 1712 WILSON ST
-85.26238389,35.05547882, 2005 CAMDEN ST
-85.24410488,35.06809043, 2610 FROST ST
-85.24663417,35.06537269, 2409 HARLEY ST
-85.22859485,35.05323273, 2019 DOGWOOD DR
-85.25206384,35.07273046, 2013 STUART ST
-85.2625144,35.07213601, 1308 FAIRLEIGH ST
-85.22271526,35.05193072, 3912 JUANDALE TRL
-85.23233196,35.06033913, 2436 NORTHBRIER CIR
-85.25103795,35.07106388, 2903 DODSON AVE
-85.21157707,35.0699638, 3815 CHERWOOD LN
-85.21004226,35.07000667, 3809 CHERWOOD LN
-85.23170636,35.05604856, 2206 TUNNEL BLVD
-85.26091697,35.05879736, 1900 ROANOKE AVE
-85.25646939,35.05353377, 1604 WHEELER AVE
-85.25631304,35.05378057, 1612 WHEELER AVE
-85.22882268,35.06113704, 2508 TUNNEL BLVD
-85.25862642,35.05269685, 1501 ARLINGTON AVE
-85.23012849,35.06085611, 2476 NORTHBRIER CIR
-85.27053655,35.05294639, 1217 SHOLAR AVE
-85.25525572,35.05550631, 1800 WHEELER AVE
-85.23111865,35.06506168, 3028 NORTHWAY LN
-85.25680103,35.05382647, 1607 WHEELER AVE
-85.23076069,35.05898204, 2313 TUNNEL BLVD
-85.2498296,35.06432643, 2405 N  CHAMBERLAIN AVE
-85.26533474,35.05280126, 1308 N  ORCHARD KNOB AVE
-85.23222501,35.06005446, 2432 NORTHBRIER CIR
-85.25788438,35.05314891, 1510 ARLINGTON AVE
-85.25579034,35.05238715, 1514 N  CHAMBERLAIN AVE
-85.2303117,35.0605015, 2475 NORTHBRIER CIR
-85.2516166,35.06011645, 2112 N  CHAMBERLAIN AVE
-85.25733397,35.05280767, 1509 WHEELER AVE
-85.25992117,35.05370991, 1516 DODSON AVE
-85.22932252,35.05745129, 3605 E  GLEN CT
-85.22974841,35.05721634, 3604 E  GLEN CT
-85.23622879,35.07074849, 2953 PENNSYLVANIA AVE
-85.25110387,35.063451, 2304 WHEELER AVE
-85.25916393,35.05512175, 1664 DODSON AVE
-85.23107338,35.05842117, 2307 TUNNEL BLVD
-85.23071296,35.05777568, 2302 TUNNEL BLVD
-85.26640512,35.05490186, 1805 WILCOX BLVD
-85.252968,35.06616848, 2500 DODSON AVE
-85.2680859,35.05271855, 1211 SHERIDAN AVE
-85.22312747,35.05308755, 3815 BRIARCLIFF WAY
-85.23042124,35.05980797, 2405 NORTHBRIER CIR
-85.27043232,35.05246733, 1210 SHOLAR AVE
-85.26425767,35.05469328, 1408 N  ORCHARD KNOB AVE
-85.26060358,35.04799992, 1112 ARLINGTON AVE
-85.25226212,35.06207047, 2127 WHEELER AVE
-85.22897348,35.06209996, 2547 TUNNEL BLVD
-85.26711145,35.05477248, 1724 WILCOX BLVD
-85.23280238,35.05383765, 2104 TUNNEL BLVD
-85.25995629,35.04690327, 1100 WHEELER AVE
-85.22568111,35.05780334, 2414 LEANN CIR
-85.23057534,35.06103746, 2468 NORTHBRIER CIR
-85.25956275,35.04776475, 1112 WHEELER AVE
-85.26443931,35.05312714, 1313 ROANOKE AVE
-85.25260466,35.0583733, 2010 N  CHAMBERLAIN AVE
-85.25610937,35.05641104, 1808 ARLINGTON AVE
-85.26034432,35.05213234, 2302 WILCOX BLVD
-85.25501693,35.05399076, 1700 N  CHAMBERLAIN AVE
-85.25966956,35.04751442, 1108 WHEELER AVE
-85.26603175,35.05435981, 1810 WILCOX BLVD
-85.26455004,35.05419186, 1400 N  ORCHARD KNOB AVE
-85.23065581,35.04751332, 1674 JEANAGA TRL
-85.25873925,35.05696417, 1803 DODSON AVE
-85.23250414,35.06516495, 3019 NORTHWAY LN
-85.2287346,35.06586315, 2813 TUNNEL BLVD
-85.26523101,35.05394049, 1820 WILCOX BLVD
-85.26260918,35.04745353, 964 DODSON AVE
-85.26038596,35.04730247, 1103 WHEELER AVE
-85.25942013,35.04801338, 1116 WHEELER AVE
-85.2498641,35.06337956, 2310 N  CHAMBERLAIN AVE
-85.27069228,35.05271746, 1213 SHOLAR AVE
-85.23423732,35.05302778, 2031 TUNNEL BLVD
-85.23159473,35.05630063, 2208 TUNNEL BLVD
-85.267882,35.05548566, 1713 WILCOX BLVD
-85.22722579,35.05781454, 3710 SUMTER AVE
-85.25938486,35.04699335, 1105 N  CHAMBERLAIN AVE
-85.26276326,35.04864905, 1054 DODSON AVE
-85.22768263,35.0506709, 3716 MARK TWAIN CIR
-85.27001768,35.04835861, 906 SHERIDAN CT
-85.23475226,35.05127545, 1904 TUNNEL BLVD
-85.22371882,35.04990311, 3835 MARK TWAIN CIR
-85.2278145,35.05161723, 3710 JUANDALE TRL
-85.23173151,35.05174736, 3546 COTTONWOOD LN
-85.25914158,35.05075632, 1308 ARLINGTON AVE
-85.23228246,35.0518432, 3545 COTTONWOOD LN
-85.26672244,35.05116256, 1105 N  ORCHARD KNOB AVE
-85.25889082,35.05007715, 1301 WHEELER AVE
-85.26035566,35.04532202, 901 N  CHAMBERLAIN AVE
-85.25983896,35.04619351, 915 N  CHAMBERLAIN AVE
-85.22633607,35.05071242, 3801 MARK TWAIN CIR
-85.23477185,35.04812327, 39 AGNES AVE
-85.2615064,35.04442739, 854 WHEELER AVE
-85.26736787,35.04992334, 1011 N  ORCHARD KNOB AVE
-85.22577441,35.05019845, 3810 MARK TWAIN CIR
-85.27293103,35.04904779, 901 SHOLAR CT
-85.2280984,35.05172412, 3706 JUANDALE TRL
-85.22608567,35.04870287, 3843 RAE TRL
-85.22661738,35.05075217, 3729 MARK TWAIN CIR
-85.22742233,35.04639552, 3842 CONAHANEY TRL
-85.23498825,35.05188546, 3446 PERSIMMON LN
-85.22413921,35.05027205, 3827 MARK TWAIN CIR
-85.23166386,35.05193574, 3548 COTTONWOOD LN
-85.26109185,35.05163467, 1310 DODSON AVE
-85.25311731,35.07068758, 2805 CURTIS ST
-85.26165764,35.04610894, 904 ARLINGTON AVE
-85.24994511,35.06805278, 2307 FAIRLEIGH ST
-85.25585188,35.07843276, 1505 WISDOM ST
-85.26382008,35.04711788, 2207 MILNE ST
-85.2158229,35.08391184, 4220 BENTON DR
-85.22985698,35.0593754, 2408 TUNNEL BLVD
-85.25037911,35.06336415, 2311 N  CHAMBERLAIN AVE
-85.25624008,35.06832601, 1910 APPLING ST
-85.26875564,35.05335694, 1714 WILSON ST
-85.25343781,35.07558991, 3118 N  HAWTHORNE ST
-85.23199594,35.05995043, 2428 NORTHBRIER CIR
-85.24680824,35.06982629, 2907 N  CHAMBERLAIN AVE
-85.24297539,35.06193833, 2413 WOOLSON RD
-85.22657485,35.0589717, 2409 LEANN CIR
-85.25475519,35.07036002, 2713 ROANOKE AVE
-85.25182708,35.05981649, 2108 N  CHAMBERLAIN AVE
-85.25035317,35.06386048, 2317 N  CHAMBERLAIN AVE
-85.27271823,35.06506245, 2130 AMNICOLA HWY
-85.27030536,35.05329053, 1225 SHOLAR AVE
-85.23608202,35.05333377, 3430 PERSIMMON LN
-85.23274533,35.06526019, 3017 NORTHWAY LN
-85.23152985,35.05531774, 3522 GARNER RD
-85.22732953,35.05671699, 2439 LEANN CIR
-85.24189959,35.06259198, 2418 WOOLSON RD
-85.229927,35.05921125, 2402 TUNNEL BLVD
-85.23409617,35.05320423, 2033 TUNNEL BLVD
-85.23134283,35.06074061, 2448 NORTHBRIER CIR
-85.21230874,35.07004233, 3701 CHIEF VANN LN
-85.22829046,35.06207423, 2538 TUNNEL BLVD
-85.23561511,35.05416758, 3422 PERSIMMON LN
-85.24579991,35.07077915, 3008 N  CHAMBERLAIN AVE
-85.22955541,35.0598657, 2424 TUNNEL BLVD
-85.26807573,35.04774257, 902 N  ORCHARD KNOB AVE
-85.25142084,35.07058952, 2813 DODSON AVE
-85.27106064,35.05227848, 1205 SHOLAR AVE
-85.21112814,35.07014578, 3813 CHERWOOD LN
-85.22346099,35.05323033, 3809 BRIARCLIFF WAY
-85.24565643,35.07102021, 3012 N  CHAMBERLAIN AVE
-85.25807322,35.05276954, 1504 ARLINGTON AVE
-85.25548632,35.05525731, 1714 WHEELER AVE
-85.22454643,35.05365075, 3716 BRIARCLIFF WAY
-85.24067695,35.05413937, 1644 GREENWOOD RD
-85.25801867,35.05382543, 1601 ARLINGTON AVE
-85.26227765,35.05615938, 1612 ROANOKE AVE
-85.23320271,35.06171413, 2302 NORTHBRIER LN
-85.22918888,35.06056118, 2446 TUNNEL BLVD
-85.26255887,35.0578596, 1724 N  ORCHARD KNOB AVE
-85.2636352,35.05461012, 1411 ROANOKE AVE
-85.22592543,35.05706543, 2420 LEANN CIR
-85.23190755,35.04669726, 1641 JEANAGA TRL
-85.26838422,35.05566412, 1705 WILCOX BLVD
-85.2514641,35.06057633, 2118 N  CHAMBERLAIN AVE
-85.25168457,35.06982098, 2801 DODSON AVE
-85.25207175,35.0624506, 2203 WHEELER AVE
-85.2305514,35.06057801, 2471 NORTHBRIER CIR
-85.22693718,35.04743209, 1742 GANASITA TRL
-85.2577666,35.05405916, 1607 ARLINGTON AVE
-85.2288141,35.0568914, 3612 E  GLEN CT
-85.23440397,35.06975394, 3049 NEW YORK AVE
-85.2281412,35.06400475, 2629 TUNNEL BLVD
-85.23424392,35.0522504, 2026 TUNNEL BLVD
-85.26586675,35.05431315, 1812 WILCOX BLVD
-85.26353379,35.054772, 1501 ROANOKE AVE
-85.24571791,35.0709089, 3010 N  CHAMBERLAIN AVE
-85.2313104,35.06014181, 2421 NORTHBRIER CIR
-85.2410214,35.0533402, 1608 GREENWOOD RD
-85.25709917,35.05551884, 1709 ARLINGTON AVE
-85.25569309,35.05489191, 1710 WHEELER AVE
-85.23139438,35.0649973, 3026 NORTHWAY LN
-85.22976398,35.05950637, 2410 TUNNEL BLVD
-85.26504928,35.05438479, 1825 WILCOX BLVD
-85.25908435,35.05621134, 1719 DODSON AVE
-85.26873094,35.05527701, 1700 WILCOX BLVD
-85.26436726,35.05325982, 1315 ROANOKE AVE
-85.23225772,35.0619709, 2316 NORTHBRIER LN
-85.2496773,35.06466003, 2411 N  CHAMBERLAIN AVE
-85.22670224,35.05804857, 3711 SUMTER AVE
-85.25024181,35.06570757, 2506 WHEELER AVE
-85.23253657,35.05578932, 2133 TUNNEL BLVD
-85.22622746,35.05681145, 2422 LEANN CIR
-85.2579274,35.05303217, 1508 ARLINGTON AVE
-85.23219884,35.06517266, 3021 NORTHWAY LN
-85.23526911,35.0538087, 3423 PERSIMMON LN
-85.25700421,35.05237446, 1504 WHEELER AVE
-85.25455873,35.05568796, 1807 N  CHAMBERLAIN AVE
-85.23152519,35.04714824, 1653 JEANAGA TRL
-85.25816534,35.05348402, 1515 ARLINGTON AVE
-85.22634275,35.04834684, 3846 RAE TRL
-85.22506894,35.05388232, 3715 BRIARCLIFF WAY
-85.26321703,35.05443728, 1410 ROANOKE AVE
-85.22396275,35.05295483, 3816 BRIARCLIFF WAY
-85.26770487,35.04929678, 957 N  ORCHARD KNOB AVE
-85.25982551,35.04726271, 1104 WHEELER AVE
-85.23106375,35.04689241, 1654 JEANAGA TRL
-85.22657004,35.05687025, 2424 LEANN CIR
-85.26360328,35.05766704, 1709 N  ORCHARD KNOB AVE
-85.22791355,35.05212396, 3705 JUANDALE TRL
-85.26690641,35.05510362, 1727 WILCOX BLVD
-85.26649321,35.050666, 1062 N  ORCHARD KNOB AVE
-85.25752507,35.05379016, 1602 ARLINGTON AVE
-85.26419725,35.05480334, 1410 N  ORCHARD KNOB AVE
-85.25877362,35.05591446, 1708 DODSON AVE
-85.22734466,35.04755278, 1736 GANASITA TRL
-85.2418706,35.05830728, 1926 GREENWOOD RD
-85.22481273,35.05433314, 3709 BRIARCLIFF WAY
-85.236542,35.04810952, 1708 TUNNEL BLVD
-85.27034772,35.05257594, 1212 SHOLAR AVE
-85.23455883,35.05256326, 2027 TUNNEL BLVD
-85.24116415,35.05598611, 1817 GREENWOOD RD
-85.25822238,35.04816815, 1130 N  CHAMBERLAIN AVE
-85.22855739,35.05346468, 2027 DOGWOOD DR
-85.25501426,35.06850512, 2005 APPLING ST
-85.22853188,35.05362812, 2031 DOGWOOD DR
-85.25212751,35.05362091, 2707 OCOEE ST
-85.23055852,35.07263316, 3643 SALUDA ST
-85.24669002,35.07212813, 2401 WILDER ST
-85.25067828,35.06437094, 2401 LATTA ST
-85.25416011,35.06734377, 2510 CURTIS ST
-85.25920526,35.0572367, 1726 STANFIEL ST
-85.26813422,35.06897991, 1002 CRUTCHFIELD ST
-85.25380236,35.06743012, 2106 APPLING ST
-85.25766677,35.08156575, 1215 WISDOM ST
-85.24636532,35.06597586, 2646 GLASS ST
-85.26253569,35.05553359, 2003 CAMDEN ST
-85.25475338,35.07802457, 1605 WISDOM ST
-85.2357583,35.07738002, 3614 PARKWAY DR
-85.25162138,35.0731046, 3007 CURTIS ST
-85.24438005,35.06799521, 2608 FROST ST
-85.23192959,35.0623604, 2313 NORTHBRIER LN
-85.22926634,35.0604015, 2444 TUNNEL BLVD
-85.25659289,35.05942738, 2000 DODSON AVE
-85.24865043,35.0769668, 2105 ALLIN ST
-85.22518589,35.05145253, 3819 JUANDALE TRL
-85.25647561,35.05654891, 1809 ARLINGTON AVE
-85.22691676,35.05760747, 3712 SUMTER AVE
-85.26128313,35.04570374, 901 WHEELER AVE
-85.26860779,35.05183891, 1115 SHERIDAN AVE
-85.25647677,35.05116229, 1410 N  CHAMBERLAIN AVE
-85.25985005,35.0481638, 1119 WHEELER AVE
-85.22609946,35.05117613, 3810 JUANDALE TRL
-85.25909346,35.05087966, 1314 ARLINGTON AVE
-85.23607124,35.05030602, 1821 TUNNEL BLVD
-85.25293591,35.05765366, 1924 N  CHAMBERLAIN AVE
-85.23312416,35.05475514, 2113 TUNNEL BLVD
-85.22822547,35.05795379, 3700 SUMTER AVE
-85.23599557,35.04898758, 1804 TUNNEL BLVD
-85.2590405,35.05193189, 1407 ARLINGTON AVE
-85.23338161,35.05143576, 3532 COTTONWOOD LN
-85.25709368,35.05114488, 1405 N  CHAMBERLAIN AVE
-85.2590135,35.04876086, 1204 WHEELER AVE
-85.26143139,35.05106164, 1302 DODSON AVE
-85.22787033,35.05845879, 3704 SUMTER AVE
-85.26180515,35.05805736, 1803 ROANOKE AVE
-85.26322544,35.05665251, 1618 N  ORCHARD KNOB AVE
-85.23524156,35.05201987, 3444 PERSIMMON LN
-85.23554591,35.04976801, 1818 TUNNEL BLVD
-85.23343702,35.04870782, 1727 JEANAGA TRL
-85.2608988,35.04432518, 855 N  CHAMBERLAIN AVE
-85.26398614,35.05522915, 1504 N  ORCHARD KNOB AVE
-85.26850707,35.04801671, 905 N  ORCHARD KNOB AVE
-85.26100683,35.04527939, 868 WHEELER AVE
-85.2308308,35.04792337, 1700 JEANAGA TRL
-85.22837618,35.05180304, 3702 JUANDALE TRL
-85.23645426,35.04947956, 1807 TUNNEL BLVD
-85.26876163,35.05085107, 1008 SHERIDAN AVE
-85.26235014,35.043972, 811 WHEELER AVE
-85.26242133,35.04386214, 809 WHEELER AVE
-85.26016732,35.04661662, 918 WHEELER AVE
-85.25827386,35.05120622, 1401 WHEELER AVE
-85.27028908,35.04887113, 911 SHERIDAN CT
-85.25923849,35.05155861, 1401 ARLINGTON AVE
-85.22636893,35.05122585, 3806 JUANDALE TRL
-85.26066598,35.0457595, 904 WHEELER AVE
-85.25757324,35.0405407, 708 DWIGHT AVE
-85.23009128,35.04638127, 1639 GANASITA TRL
-85.24962858,35.09332939, 4121 S  CREEK RD
-85.23820894,35.09472539, 4500 AMNICOLA HWY
-85.24370775,35.09482667, 4317 N  CREEK RD
-85.24211595,35.09451825, 4181 S  CREEK RD
-85.25156094,35.09379307, 4050 AMNICOLA HWY
-85.26561973,35.05018278, 2000 COOLEY ST
-85.25563686,35.07583416, 3107 N  HICKORY ST
-85.23239718,35.05953632, 2314 GREEN FOREST LN
-85.23227938,35.06478003, 3020 NORTHWAY LN
-85.25566231,35.07836214, 1507 WISDOM ST
-85.26392462,35.05632206, 1609 N  ORCHARD KNOB AVE
-85.27015032,35.05354006, 1229 SHOLAR AVE
-85.25731914,35.05412941, 1608 ARLINGTON AVE
-85.2649598,35.05345893, 1318 N  ORCHARD KNOB AVE
-85.23034819,35.0654646, 3034 NORTHWAY LN
-85.25558711,35.07060243, 2710 N  ORCHARD KNOB AVE
-85.23323217,35.05458568, 2111 TUNNEL BLVD
-85.26989669,35.05312034, 1222 SHOLAR AVE
-85.25812366,35.05358374, 1517 ARLINGTON AVE
-85.24323649,35.09472652, 4319 N  CREEK RD
-85.2171671,35.08614213, 4110 HAVEN ACRES LN
-85.25521086,35.0857754, 1401 MUELLER AVE
-85.24218656,35.09402518, 4177 S  CREEK RD
-85.24302994,35.09554593, 4300 AMNICOLA HWY
-85.21742724,35.08623089, 4108 HAVEN ACRES LN
-85.21693637,35.08604501, 4112 HAVEN ACRES LN
-85.27061269,35.08617286, 1200 JUDD RD
-85.21782314,35.08666518, 4104 HAVEN ACRES LN
-85.23975758,35.09563385, 4400 AMNICOLA HWY
-85.25771417,35.05051786, 1313 N  CHAMBERLAIN AVE
-85.22853781,35.0602917, 3506 MCARTHUR AVE
-85.2301862,35.05475758, 3556 GARNER RD
-85.24572334,35.07114422, 3014 N  CHAMBERLAIN AVE
-85.26814043,35.05181692, 1118 SHERIDAN AVE
-85.23222276,35.05800364, 2300 GREEN FOREST LN
-85.23646084,35.04911851, 1803 TUNNEL BLVD
-85.25690167,35.05263999, 1508 WHEELER AVE
-85.22610942,35.0583805, 2408 LEANN CIR
-85.25499446,35.05615482, 1810 WHEELER AVE
-85.23443064,35.05276151, 2029 TUNNEL BLVD
-85.26414316,35.05282429, 1310 ROANOKE AVE
-85.25132167,35.06067674, 2120 N  CHAMBERLAIN AVE
-85.23774799,35.06610285, 2934 LIGHTFOOT MILL RD
-85.26764444,35.05263488, 1212 SHERIDAN AVE
-85.2662755,35.05485871, 1807 WILCOX BLVD
-85.22707576,35.0566254, 2437 LEANN CIR
-85.27177527,35.04936931, 912 SHOLAR CT
-85.23335977,35.05942754, 2319 GREEN FOREST LN
-85.22826265,35.05504406, 3637 GARNER RD
-85.22750444,35.04821607, 1735 GANASITA TRL
-85.23176471,35.04697943, 1647 JEANAGA TRL
-85.26877006,35.05160647, 1111 SHERIDAN AVE
-85.2334958,35.05410057, 2105 TUNNEL BLVD
-85.2502915,35.06270663, 2300 N  CHAMBERLAIN AVE
-85.25848559,35.04768546, 1122 N  CHAMBERLAIN AVE
-85.24045381,35.05466611, 1676 GREENWOOD RD
-85.2592227,35.0473113, 1109 N  CHAMBERLAIN AVE
-85.2559081,35.05544577, 1715 WHEELER AVE
-85.23178175,35.06032939, 2429 NORTHBRIER CIR
-85.26774962,35.05495821, 1716 WILCOX BLVD
-85.22476526,35.05042188, 3821 MARK TWAIN CIR
-85.2671654,35.05522508, 1723 WILCOX BLVD
-85.2666378,35.05501059, 1801 WILCOX BLVD
-85.23633179,35.05240717, 212 BALSAM LN
-85.22660539,35.04889212, 3835 RAE TRL
-85.25160234,35.07041457, 2811 DODSON AVE
-85.25609702,35.05503217, 1709 WHEELER AVE
-85.25184679,35.06311253, 2215 WHEELER AVE
-85.25851434,35.0507623, 1313 WHEELER AVE
-85.22841135,35.0630331, 2601 TUNNEL BLVD
-85.22734708,35.05863993, 2403 LEANN CIR
-85.25871563,35.0502986, 1307 WHEELER AVE
-85.26396553,35.05619826, 1607 N  ORCHARD KNOB AVE
-85.22524749,35.05724181, 2425 LEANN CIR
-85.26400795,35.05400721, 1401 ROANOKE AVE
-85.23130152,35.05971327, 2416 NORTHBRIER CIR
-85.25841713,35.05216527, 1412 ARLINGTON AVE
-85.25758312,35.05032649, 1311 N  CHAMBERLAIN AVE
-85.26582837,35.05190308, 1212 N  ORCHARD KNOB AVE
-85.26670245,35.05885445, 1706 SHOLAR AVE
-85.26279817,35.04961529, 1101 DODSON AVE
-85.22528697,35.05831746, 2417 LEANN CIR
-85.25576184,35.05343966, 1609 N  CHAMBERLAIN AVE
-85.26517763,35.05307343, 1312 N  ORCHARD KNOB AVE
-85.25851384,35.04858186, 1207 N  CHAMBERLAIN AVE
-85.26340542,35.04542438, 824 DODSON AVE
-85.25901369,35.05635427, 1721 DODSON AVE
-85.26026278,35.04636063, 914 WHEELER AVE
-85.26112728,35.04501471, 864 WHEELER AVE
-85.26030003,35.0541311, 1515 DODSON AVE
-85.22773804,35.04770002, 1730 GANASITA TRL
-85.22661681,35.05747653, 3714 SUMTER AVE
-85.26447566,35.05525122, 1503 N  ORCHARD KNOB AVE
-85.2597581,35.05070087, 1305 ARLINGTON AVE
-85.26902566,35.05114027, 1103 SHERIDAN AVE
-85.21782167,35.08545228, 4120 MAPLE TERRACE LN
-85.21756981,35.08752489, 4115 S  ACCESS RD
-85.2147139,35.08580546, 4071 S  ACCESS RD
-85.24381676,35.09816155, 4501 AMNICOLA HWY
-85.26196566,35.08696811, 3611 AMNICOLA HWY
-85.21771637,35.08634098, 4106 HAVEN ACRES LN
-85.21307374,35.0856548, 4066 S  ACCESS RD
-85.26696355,35.08754885, 1138 JUDD RD
-85.25837607,35.08590884, 909 MUELLER AVE
-85.21656537,35.08572429, 3204 HARRISON PIKE
-85.23047725,35.08763164, 4143 FOREST ACRES LN
-85.23027437,35.08769425, 4157 FOREST ACRES LN
-85.25835383,35.08961722, 3720 AMNICOLA HWY
-85.21658108,35.08681257, 3213 HARRISON PIKE
-85.25426824,35.09076552, 911 CREEKSIDE RD
-85.25580764,35.09045192, 910 CREEKSIDE RD
-85.24750704,35.09177746, 4130 S  CREEK RD
-85.2556475,35.09175914, 902 CREEKSIDE RD
-85.25456909,35.09166829, 907 CREEKSIDE RD
-85.25115376,35.09269522, 4116 S  CREEK RD
-85.21046716,35.07783915, 4273 KAYLA CIR
-85.26615842,35.08753671, 1110 JUDD RD
-85.25540769,35.09053897, 910 CREEKSIDE RD
-85.25873928,35.07743603, 3111 WOOD AVE
-85.25821758,35.0774329, 3114 WOOD AVE
-85.23010044,35.08779051, 4171 FOREST ACRES LN
-85.25737019,35.09043189, 3800 AMNICOLA HWY
-85.25487234,35.09275331, 3940 AMNICOLA HWY
-85.21749674,35.08713507, 4100 HAVEN ACRES LN
-85.21621045,35.08750477, 3221 HARRISON PIKE
-85.2299674,35.0795337, 2411 MEADE CIR
-85.21341113,35.07757339, 3916 CHICKAMAUGA AVE
-85.21384024,35.07776263, 3915 CHICKAMAUGA AVE
-85.22555873,35.07725864, 3140 LOOKAWAY TRL
-85.21673461,35.08746773, 4113 S  ACCESS RD
-85.22667496,35.07809758, 3107 LOOKAWAY TRL
-85.24593087,35.07837696, 3524 DODSON AVE
-85.24628102,35.07809137, 3518 DODSON AVE
-85.24649989,35.09175357, 4138 S  CREEK RD
-85.22928808,35.08099741, 4008 DENHAM RD
-85.22641463,35.07799094, 3109 LOOKAWAY TRL
-85.22703341,35.07766993, 3104 LOOKAWAY TRL
-85.22615155,35.0774479, 3120 LOOKAWAY TRL
-85.25797799,35.07784594, 3202 WOOD AVE
-85.24663242,35.07733165, 3502 DODSON AVE
-85.22987931,35.08101735, 2815 ADDISON RD
-85.23158665,35.08184747, 2742 HARRISON PIKE
-85.21073785,35.07739966, 4291 KAYLA CIR
-85.25849501,35.07787482, 3201 WOOD AVE
-85.24593322,35.07907873, 3533 DODSON AVE
-85.2578773,35.07800214, 3204 WOOD AVE
-85.21085638,35.07839924, 4230 KAYLA CIR
-85.2503484,35.09270493, 4115 S  CREEK RD
-85.22589065,35.0778019, 3123 LOOKAWAY TRL
-85.25137315,35.09322576, 4110 S  CREEK RD
-85.2581594,35.07844435, 3209 WOOD AVE
-85.22563127,35.07770638, 3129 LOOKAWAY TRL
-85.21021755,35.07851857, 4249 KAYLA CIR
-85.24782884,35.09254449, 4129 S  CREEK RD
-85.21671001,35.07897088, 3925 YOUNGSTOWN RD
-85.22273767,35.0781008, 3944 CHURCHILL RD
-85.25864133,35.07758818, 3113 WOOD AVE
-85.21110527,35.07849532, 4218 KAYLA CIR
-85.25459987,35.09203123, 903 CREEKSIDE RD
-85.23017266,35.07997971, 2408 MEADE CIR
-85.24827803,35.09161885, 4126 S  CREEK RD
-85.24508048,35.09185979, 4150 S  CREEK RD
-85.22377659,35.07794517, 3925 CHURCHILL RD
-85.23215521,35.07954975, 2431 MEADE CIR
-85.25940994,35.07748175, 3114 FREEMAN AVE
-85.23027988,35.07912769, 2415 MEADE CIR
-85.22310598,35.07743053, 3920 CHURCHILL RD
-85.25659269,35.09171877, 3806 AMNICOLA HWY
-85.25585012,35.09231962, 3808 AMNICOLA HWY
-85.24535497,35.07869945, 3530 DODSON AVE
-85.25832495,35.07815491, 3205 WOOD AVE
-85.26075544,35.07785836, 3115 FREEMAN AVE
-85.22233329,35.07885957, 3962 CHURCHILL RD
-85.22774654,35.08025957, 3009 ADDISON RD
-85.22969634,35.0799596, 2407 MEADE CIR
-85.23031099,35.07972389, 2410 MEADE CIR
-85.22984424,35.07974477, 2409 MEADE CIR
-85.22848893,35.07983695, 3004 ADDISON RD
-85.26512079,35.08046205, 3399 AMNICOLA HWY
-85.25900258,35.09275325, 32 LOST MOUND DR
-85.21085814,35.07817004, 4260 KAYLA CIR
-85.24446978,35.07939809, 3548 DODSON AVE
-85.23116337,35.07921152, 2421 MEADE CIR
-85.23178777,35.08023756, 2438 MEADE CIR
-85.21350022,35.07872464, 3929 CHICKAMAUGA AVE
-85.22194585,35.0791103, 3964 CHURCHILL RD
-85.2354705,35.08021596, 2606 HARRISON PIKE
-85.23177292,35.07997312, 2430 MEADE CIR
-85.22255625,35.07845486, 3956 CHURCHILL RD
-85.21128099,35.07884635, 4219 KAYLA CIR
-85.25855777,35.05183826, 1406 ARLINGTON AVE
-85.24047162,35.05448484, 1803 JOHNNY ST
-85.26119424,35.05147004, 1308 DODSON AVE
-85.26370088,35.05653017, 1613 N  ORCHARD KNOB AVE
-85.26657262,35.05053669, 1060 N  ORCHARD KNOB AVE
-85.22497501,35.05099213, 3830 JUANDALE TRL
-85.26233037,35.05605442, 1610 ROANOKE AVE
-85.22836381,35.05862986, 3607 SUMTER AVE
-85.22547895,35.05151989, 3815 JUANDALE TRL
-85.2633621,35.04448133, 807 ARLINGTON AVE
-85.25276907,35.05799507, 2004 N  CHAMBERLAIN AVE
-85.27048497,35.04833179, 902 SHERIDAN CT
-85.22919933,35.08184029, 4034 DENHAM RD
-85.2319304,35.08109252, 2445 MEADE CIR
-85.23228941,35.07975062, 2433 MEADE CIR
-85.24001992,35.09308264, 4186 S  CREEK RD
-85.24401291,35.08117478, 3701 GRACE AVE
-85.21257344,35.07876193, 3505 CADEN DR
-85.24492553,35.07906206, 3536 DODSON AVE
-85.24353055,35.08187221, 3713 GRACE AVE
-85.23179842,35.08132519, 2447 MEADE CIR
-85.23504714,35.08390458, 4027 MEADOW LN
-85.23232671,35.08136893, 2676 HARRISON PIKE
-85.23614337,35.08230039, 3936 GRACE AVE
-85.23168064,35.07939619, 2427 MEADE CIR
-85.22615829,35.077897, 3117 LOOKAWAY TRL
-85.24681174,35.07844159, 3519 DODSON AVE
-85.24720456,35.07813441, 3513 DODSON AVE
-85.25089611,35.08439354, 1451 MUELLER AVE
-85.24565807,35.07848208, 3526 DODSON AVE
-85.25841796,35.07801238, 3203 WOOD AVE
-85.22882856,35.07995932, 2932 ADDISON RD
-85.23002823,35.08022109, 2404 MEADE CIR
-85.2275469,35.08003027, 3015 ADDISON RD
-85.24307657,35.08081753, 2306 HARRISON PIKE
-85.22287999,35.07785284, 3936 CHURCHILL RD
-85.21366441,35.07834498, 3925 CHICKAMAUGA AVE
-85.24479313,35.09184662, 4156 S  CREEK RD
-85.27221611,35.07938434, 2651 RIVERPORT RD
-85.2571428,35.08438271, 1350 MUELLER AVE
-85.2417844,35.08305322, 3807 GRACE AVE
-85.22959014,35.08237288, 4052 DENHAM RD
-85.23754135,35.08108251, 2558 HARRISON PIKE
-85.23137633,35.07929518, 2425 MEADE CIR
-85.21035683,35.07798659, 4267 KAYLA CIR
-85.22921865,35.08072769, 4002 DENHAM RD
-85.23066714,35.08050291, 2812 ADDISON RD
-85.2437106,35.08149543, 3707 GRACE AVE
-85.23604075,35.08288184, 3933 GRACE AVE
-85.23534032,35.08415731, 4031 MEADOW LN
-85.23968158,35.08301634, 3830 GRACE AVE
-85.23246248,35.08023947, 2437 MEADE CIR
-85.24113501,35.08323827, 3813 GRACE AVE
-85.23710173,35.08162537, 2555 HARRISON PIKE
-85.23608133,35.08104031, 2601 HARRISON PIKE
-85.23508699,35.08367702, 4023 MEADOW LN
-85.23449477,35.08035892, 2614 HARRISON PIKE
-85.23839121,35.08331721, 3907 GRACE AVE
-85.25809564,35.07861262, 3211 WOOD AVE
-85.21050555,35.0819254, 4289 BONNY OAKS DR
-85.24394461,35.07989666, 3554 DODSON AVE
-85.24355159,35.08166287, 3711 GRACE AVE
-85.23662681,35.08265042, 3932 GRACE AVE
-85.24101381,35.08293064, 3814 GRACE AVE
-85.229947,35.08152654, 4021 DENHAM RD
-85.21008035,35.07134629, 3803 ARROWROCK RD
-85.23113897,35.0796631, 2426 MEADE CIR
-85.2121293,35.07112672, 3710 CHIEF VANN LN
-85.23670652,35.07207802, 2942 NEW YORK AVE
-85.23174839,35.08045592, 2442 MEADE CIR
-85.20789918,35.07135715, 3833 LIGHTFOOT MILL RD
-85.20773925,35.07227532, 3841 LIGHTFOOT MILL RD
-85.23259248,35.08184569, 2685 HARRISON PIKE
-85.24074492,35.08333906, 3819 GRACE AVE
-85.26298677,35.08458829, 3501 AMNICOLA HWY
-85.23704474,35.08316946, 3927 GRACE AVE
-85.2352277,35.08087397, 2609 HARRISON PIKE
-85.20928845,35.07164616, 3806 ARROWROCK RD
-85.23290133,35.08122937, 2674 HARRISON PIKE
-85.24649057,35.07857915, 3523 DODSON AVE
-85.21645729,35.07949751, 3929 YOUNGSTOWN RD
-85.20916335,35.07190517, 3808 ARROWROCK RD
-85.22853328,35.08050171, 2929 ADDISON RD
-85.24565122,35.07924699, 3537 DODSON AVE
-85.230877,35.08223779, 2760 HARRISON PIKE
-85.22880701,35.08058201, 2921 ADDISON RD
-85.21269166,35.07110455, 3709 CHIEF VANN LN
-85.26477713,35.0739259, 2709 BLISS AVE
-85.23700022,35.08275144, 3928 GRACE AVE
-85.24541078,35.07154496, 3100 N  CHAMBERLAIN AVE
-85.2505945,35.07183943, 2921 DODSON AVE
-85.21324475,35.07783575, 3920 CHICKAMAUGA AVE
-85.22238133,35.07867918, 3960 CHURCHILL RD
-85.21430579,35.08249484, 4045 S  ACCESS RD
-85.27548415,35.07290745, 401 RIVER TERMINAL RD
-85.26668014,35.07280911, 2603 BELLE ARBOR AVE
-85.23593327,35.08148225, 3905 MEADOW LN
-85.23533589,35.08252849, 4007 MEADOW LN
-85.22803425,35.0802498, 3003 ADDISON RD
-85.26161496,35.08326297, 3480 AMNICOLA HWY
-85.26253261,35.07253235, 2702 BENTON AVE
-85.2501668,35.07283648, 3025 DODSON AVE
-85.23532376,35.08145653, 3908 MEADOW LN
-85.26521396,35.07546852, 2809 BELLE ARBOR AVE
-85.20958581,35.07115103, 3802 ARROWROCK RD
-85.23160804,35.08067044, 2444 MEADE CIR
-85.20784482,35.07198202, 3839 LIGHTFOOT MILL RD
-85.24329145,35.08193815, 3715 GRACE AVE
-85.24592068,35.07411695, 3213 WHEELER AVE
-85.26433686,35.07392054, 2710 BLISS AVE
-85.26289487,35.07255747, 2701 BENTON AVE
-85.2090428,35.07212208, 3810 ARROWROCK RD
-85.23699662,35.08135495, 2563 HARRISON PIKE
-85.2323776,35.08195492, 2703 HARRISON PIKE
-85.23734996,35.08287575, 3924 GRACE AVE
-85.2500149,35.0721294, 3006 DODSON AVE
-85.23481203,35.08242122, 4006 MEADOW LN
-85.24602931,35.07130899, 3015 N  CHAMBERLAIN AVE
-85.24800096,35.07568364, 3306 DODSON AVE
-85.20581114,35.07576065, 4429 BYRD AVE
-85.2059652,35.07597077, 4425 BYRD AVE
-85.24862112,35.0744355, 3206 DODSON AVE
-85.26192056,35.07372053, 2812 BENTON AVE
-85.21821925,35.07385743, 3802 YOUNGSTOWN RD
-85.21953345,35.07394459, 3635 FAITH RD
-85.20510716,35.07456478, 3929 LIGHTFOOT MILL RD
-85.24926852,35.07449827, 3203 DODSON AVE
-85.23651467,35.07447822, 3811 COUNTRYSIDE RD
-85.26650917,35.07338994, 2611 BELLE ARBOR AVE
-85.25258591,35.073438, 3008 ROANOKE AVE
-85.20741953,35.07431812, 3905 MOSS RD
-85.24413281,35.0737478, 3300 N  CHAMBERLAIN AVE
-85.26107492,35.07257703, 2709 WOOD AVE
-85.26426802,35.07403297, 2712 BLISS AVE
-85.24682051,35.07270553, 3111 WHEELER AVE
-85.22254909,35.07833644, 3952 CHURCHILL RD
-85.26089948,35.07316136, 2801 WOOD AVE
-85.24092978,35.08326461, 3817 GRACE AVE
-85.2351934,35.08305938, 4015 MEADOW LN
-85.23052576,35.08277814, 2751 HARRISON PIKE
-85.21307315,35.08184966, 4030 S  ACCESS RD
-85.23581429,35.08170899, 3909 MEADOW LN
-85.26310189,35.07225653, 2611 BENTON AVE
-85.26507788,35.07569203, 2813 BELLE ARBOR AVE
-85.26563595,35.07491065, 2715 BELLE ARBOR AVE
-85.2626887,35.07309877, 2709 BENTON AVE
-85.24909693,35.07470879, 3207 DODSON AVE
-85.27325203,35.08342079, 3 RIVERSIDE LN
-85.24862235,35.07555047, 3301 DODSON AVE
-85.20667353,35.07560565, 3915 MOSS RD
-85.26680414,35.07308017, 2609 BELLE ARBOR AVE
-85.20640292,35.07495416, 3914 MOSS RD
-85.23589132,35.08219437, 3940 GRACE AVE
-85.24635229,35.07268381, 3116 WHEELER AVE
-85.26103249,35.07187375, 2700 WOOD AVE
-85.2227516,35.0752756, 3910 CHURCHILL RD
-85.24873429,35.07425606, 3202 DODSON AVE
-85.24762426,35.0764177, 3400 DODSON AVE
-85.21835054,35.07411424, 3804 YOUNGSTOWN RD
-85.20427965,35.0749086, 4004 LIGHTFOOT MILL RD
-85.24833017,35.07502016, 3216 DODSON AVE
-85.23529333,35.07433916, 4005 COUNTRYSIDE RD
-85.25947838,35.07618885, 3009 WOOD AVE
-85.2652914,35.07534849, 2807 BELLE ARBOR AVE
-85.21246016,35.07159436, 3713 CHIEF VANN LN
-85.26827281,35.07272956, 2514 AMNICOLA HWY
-85.23757159,35.08337012, 3917 GRACE AVE
-85.23229073,35.07562219, 2934 FORGOTTEN TRL
-85.22471371,35.07575738, 3831 CHURCHILL RD
-85.20872222,35.07261382, 3814 ARROWROCK RD
-85.24916013,35.07339333, 3106 DODSON AVE
-85.22770949,35.06755843, 3302 LIGHTFOOT MILL RD
-85.20742387,35.06880953, 3810 LIGHTFOOT MILL RD
-85.26473009,35.07530577, 2802 BELLE ARBOR AVE
-85.24886756,35.07511473, 3213 DODSON AVE
-85.20588536,35.07392617, 3903 LIGHTFOOT MILL RD
-85.23301435,35.07609009, 2918 FORGOTTEN TRL
-85.24896841,35.07495917, 3211 DODSON AVE
-85.250511,35.06694627, 2610 KOBLENTZ CIR
-85.25227167,35.06892215, 2707 DODSON AVE
-85.23611059,35.06972826, 2920 PENNSYLVANIA AVE
-85.25230414,35.06697964, 2512 DODSON AVE
-85.20999057,35.07155406, 3805 ARROWROCK RD
-85.24839313,35.07486069, 3212 DODSON AVE
-85.2077009,35.07628692, 4406 BYRD AVE
-85.25705859,35.06911569, 2601 N  ORCHARD KNOB AVE
-85.20860373,35.07283353, 3816 ARROWROCK RD
-85.23033427,35.08280221, 2759 HARRISON PIKE
-85.2323398,35.06827501, 3160 NEW YORK AVE
-85.26240664,35.07355239, 2807 BENTON AVE
-85.2071088,35.07487861, 3909 MOSS RD
-85.22884793,35.08244875, 2834 HARRISON PIKE
-85.23672786,35.06678275, 3022 LIGHTFOOT MILL RD
-85.24773984,35.07616874, 3314 DODSON AVE
-85.20690689,35.07645057, 4413 BYRD AVE
-85.24761907,35.06739666, 2712 N  CHAMBERLAIN AVE
-85.20499068,35.07495534, 4441 BYRD AVE
-85.20680174,35.07534314, 3913 MOSS RD
-85.22423346,35.07713352, 3901 CHURCHILL RD
-85.22458637,35.07686324, 3212 LOOKAWAY TRL
-85.22849798,35.0673839, 2859 TUNNEL BLVD
-85.24778776,35.06706821, 2706 N  CHAMBERLAIN AVE
-85.22404271,35.07668292, 3220 LOOKAWAY TRL
-85.25076039,35.06699628, 2603 KOBLENTZ CIR
-85.23416192,35.06825911, 3139 LIGHTFOOT MILL RD
-85.22495533,35.0769691, 3202 LOOKAWAY TRL
-85.23626005,35.06694109, 3026 LIGHTFOOT MILL RD
-85.23509171,35.06961361, 3034 NEW YORK AVE
-85.20781974,35.07678037, 4401 BYRD AVE
-85.23781157,35.06649749, 2927 LIGHTFOOT MILL RD
-85.22808858,35.0663727, 2826 TUNNEL BLVD
-85.24095556,35.06617864, 2401 N  CREST RD
-85.23585651,35.0743544, 4001 COUNTRYSIDE RD
-85.23907769,35.08334386, 3837 GRACE AVE
-85.26491001,35.07379769, 2705 BLISS AVE
-85.26260051,35.07322289, 2711 BENTON AVE
-85.21807219,35.07352815, 3800 YOUNGSTOWN RD
-85.2288142,35.06743739, 3260 LIGHTFOOT MILL RD
-85.2481771,35.07632527, 3315 DODSON AVE
-85.20727838,35.07455501, 3907 MOSS RD
-85.26094048,35.07210868, 2704 WOOD AVE
-85.23484681,35.08222866, 4004 MEADOW LN
-85.26136496,35.07233134, 2705 WOOD AVE
-85.24780704,35.07605817, 3312 DODSON AVE
-85.25827902,35.0772682, 3112 WOOD AVE
-85.23726093,35.0741221, 3805 COUNTRYSIDE RD
-85.23447778,35.0683497, 3135 LIGHTFOOT MILL RD
-85.20442965,35.07452653, 3922 LIGHTFOOT MILL RD
-85.20888686,35.07238996, 3812 ARROWROCK RD
-85.23071084,35.06843791, 3203 NEW YORK AVE
-85.25156561,35.07002072, 2805 DODSON AVE
-85.25889069,35.07715259, 3107 WOOD AVE
-85.24726379,35.07704676, 3410 DODSON AVE
-85.23232302,35.06801292, 3211 LIGHTFOOT MILL RD
-85.25158213,35.06910675, 2712 DODSON AVE
-85.25190287,35.06860841, 2700 DODSON AVE
-85.23334569,35.0699556, 2916 NEW JERSEY AVE
-85.23440128,35.06910939, 3104 NEW YORK AVE
-85.2062006,35.07614395, 4421 BYRD AVE
-85.24816365,35.07527735, 3300 DODSON AVE
-85.2589753,35.07700681, 3105 WOOD AVE
-85.25326262,35.06699031, 2509 DODSON AVE
-85.20704592,35.0725782, 3849 LIGHTFOOT MILL RD
-85.25852459,35.0768536, 3104 WOOD AVE
-85.20713806,35.07606065, 4414 BYRD AVE
-85.22670006,35.06770206, 3318 LIGHTFOOT MILL RD
-85.26076694,35.07230772, 2708 WOOD AVE
-85.246831,35.06859377, 2800 N  CHAMBERLAIN AVE
-85.27149278,35.06684322, 2138 AMNICOLA HWY
-85.20754267,35.07408255, 3903 MOSS RD
-85.23856287,35.06681845, 2718 DURAND AVE
-85.2377938,35.06817626, 2822 DURAND AVE
-85.24487629,35.06901493, 2605 LOCKWOOD ST
-85.24458083,35.06891078, 2609 LOCKWOOD ST
-85.26801436,35.07337471, 2604 AMNICOLA HWY
-85.21260746,35.07136421, 3711 CHIEF VANN LN
-85.2533028,35.06683997, 2507 DODSON AVE
-85.22806898,35.0672525, 2852 TUNNEL BLVD
-85.20944784,35.07137446, 3804 ARROWROCK RD
-85.26284235,35.07180005, 2608 BENTON AVE
-85.20662434,35.07636063, 4417 BYRD AVE
-85.24885284,35.06908376, 2805 WHEELER AVE
-85.2466239,35.06930145, 2902 N  CHAMBERLAIN AVE
-85.24452486,35.0728732, 3220 N  CHAMBERLAIN AVE
-85.25950552,35.0760137, 3007 WOOD AVE
-85.23632916,35.06778751, 2813 NEW JERSEY AVE
-85.24570515,35.07430233, 3217 WHEELER AVE
-85.26183863,35.07187892, 2613 WOOD AVE
-85.20694081,35.07509219, 3911 MOSS RD
-85.25244696,35.0764096, 3211 N  ORCHARD KNOB AVE
-85.24754038,35.06861667, 2805 N  CHAMBERLAIN AVE
-85.27114054,35.06743257, 2140 AMNICOLA HWY
-85.20810958,35.07642328, 4400 BYRD AVE
-85.23765105,35.06840681, 2826 DURAND AVE
-85.24749017,35.06769739, 2716 N  CHAMBERLAIN AVE
-85.24503891,35.06860978, 2606 LOCKWOOD ST
-85.26569442,35.07364803, 2700 BELLE ARBOR AVE
-85.25860732,35.07660032, 3100 WOOD AVE
-85.23316768,35.06846987, 3136 NEW YORK AVE
-85.20841056,35.07638059, 4399 BYRD AVE
-85.25291905,35.06758101, 2601 DODSON AVE
-85.24482713,35.06860972, 2608 LOCKWOOD ST
-85.25048647,35.07256742, 3019 DODSON AVE
-85.24788433,35.07681759, 3405 DODSON AVE
-85.2672078,35.06973682, 2314 BLISS AVE
-85.22365462,35.06858592, 3429 LIGHTFOOT MILL RD
-85.2103761,35.06950387, 3808 CHERWOOD LN
-85.2066122,35.07585018, 4420 BYRD AVE
-85.25273999,35.06847018, 2615 DODSON AVE
-85.24473365,35.06893198, 2607 LOCKWOOD ST
-85.24778924,35.06812904, 2717 N  CHAMBERLAIN AVE
-85.24743275,35.07665088, 3404 DODSON AVE
-85.23362545,35.06953523, 3113 NEW YORK AVE
-85.24705466,35.06947209, 2901 N  CHAMBERLAIN AVE
-85.24793131,35.06980834, 2900 WHEELER AVE
-85.24786003,35.06802673, 2715 N  CHAMBERLAIN AVE
-85.23515805,35.06744738, 3121 LIGHTFOOT MILL RD
-85.21870684,35.07354656, 3801 YOUNGSTOWN RD
-85.2046015,35.07413058, 3918 LIGHTFOOT MILL RD
-85.25082176,35.06688555, 2601 KOBLENTZ CIR
-85.23737477,35.06757978, 2805 NEW JERSEY AVE
-85.25253646,35.06723244, 2514 DODSON AVE
-85.25218631,35.06906176, 2709 DODSON AVE
-85.24670227,35.06919699, 2900 N  CHAMBERLAIN AVE
-85.24825308,35.06620856, 2510 N  CHAMBERLAIN AVE
-85.21048162,35.06905651, 3807 LIGHTFOOT MILL RD
-85.20861413,35.06979346, 3815 LIGHTFOOT MILL RD
-85.24648027,35.06939621, 2904 N  CHAMBERLAIN AVE
-85.23564467,35.06864181, 2841 NEW JERSEY AVE
-85.23576703,35.0685354, 2837 NEW JERSEY AVE
-85.20659969,35.07435094, 3910 MOSS RD
-85.2369365,35.06662817, 3020 LIGHTFOOT MILL RD
-85.25439897,35.07014861, 2712 ROANOKE AVE
-85.20987796,35.06913012, 3804 CHERWOOD LN
-85.2106129,35.06944503, 3810 CHERWOOD LN
-85.25529259,35.06941132, 2615 ROANOKE AVE
-85.23125658,35.06850694, 3185 NEW YORK AVE
-85.26579079,35.07714831, 2830 AMNICOLA HWY
-85.23804231,35.06657549, 2919 LIGHTFOOT MILL RD
-85.24720571,35.06820594, 2724 N  CHAMBERLAIN AVE
-85.2473225,35.07691916, 3408 DODSON AVE
-85.23551413,35.06829564, 2838 NEW JERSEY AVE
-85.25228508,35.06776414, 2604 DODSON AVE
-85.24732939,35.06794077, 2720 N  CHAMBERLAIN AVE
-85.26591962,35.07677344, 2826 AMNICOLA HWY
-85.24810139,35.0676537, 2707 N  CHAMBERLAIN AVE
-85.22893843,35.06635734, 2825 TUNNEL BLVD
-85.23597541,35.06687469, 3028 LIGHTFOOT MILL RD
-85.25947401,35.07643349, 3011 WOOD AVE
-85.24421627,35.06877674, 2615 LOCKWOOD ST
-85.25587748,35.07010245, 2702 N  ORCHARD KNOB AVE
-85.23748282,35.06877147, 2840 DURAND AVE
-85.23491627,35.06919281, 3052 NEW YORK AVE
-85.23341533,35.06855189, 3132 NEW YORK AVE
-85.24130757,35.06701467, 2419 N  CREST RD
-85.24644264,35.06968281, 2910 N  CHAMBERLAIN AVE
-85.2340309,35.06893734, 3114 NEW YORK AVE
-85.24733065,35.068983, 2811 N  CHAMBERLAIN AVE
-85.25198166,35.06943509, 2715 DODSON AVE
-85.24735017,35.07676897, 3406 DODSON AVE
-85.2353355,35.06845227, 2848 NEW JERSEY AVE
-85.24789635,35.0669599, 2704 N  CHAMBERLAIN AVE
-85.24626355,35.06991875, 2914 N  CHAMBERLAIN AVE
-85.23362733,35.0685312, 3128 NEW YORK AVE
-85.22776084,35.06809839, 3303 LIGHTFOOT MILL RD
-85.2590895,35.07684002, 3103 WOOD AVE
-85.21091387,35.06937117, 3812 CHERWOOD LN
-85.25918096,35.07671394, 3101 WOOD AVE
-85.25171557,35.06884626, 2708 DODSON AVE
-85.25479407,35.06919977, 2612 ROANOKE AVE
-85.26661142,35.07552788, 2800 AMNICOLA HWY
-85.22381962,35.07591366, 3912 CHURCHILL RD
-85.23424069,35.06897087, 3110 NEW YORK AVE
-85.25767259,35.06837032, 2505 N  ORCHARD KNOB AVE
-85.25285105,35.06662983, 2506 DODSON AVE
-85.24445943,35.06885724, 2611 LOCKWOOD ST
-85.24849031,35.06964837, 2825 WHEELER AVE
-85.21128923,35.06950328, 3814 CHERWOOD LN
-85.25515291,35.06969949, 2701 ROANOKE AVE
-85.24767762,35.0673288, 2710 N  CHAMBERLAIN AVE
-85.23213452,35.06857462, 3161 NEW YORK AVE
-85.24754327,35.06755584, 2714 N  CHAMBERLAIN AVE
-85.23635848,35.0695956, 2921 PENNSYLVANIA AVE
-85.25007982,35.06673523, 2319 APPLING ST
-85.2362429,35.06806345, 2821 NEW JERSEY AVE
-85.25210725,35.06812498, 2610 DODSON AVE
-85.20553351,35.07548494, 4433 BYRD AVE
-85.21366353,35.06915839, 3710 YOUNGSTOWN RD
-85.24839893,35.07614493, 3311 DODSON AVE
-85.24791995,35.06788024, 2713 N  CHAMBERLAIN AVE
-85.25488908,35.0700936, 2707 ROANOKE AVE
-85.23581101,35.06950481, 2916 PENNSYLVANIA AVE
-85.22842506,35.06801034, 3261 LIGHTFOOT MILL RD
-85.25469716,35.06955844, 2700 ROANOKE AVE
-85.2513658,35.06918454, 2716 DODSON AVE
-85.24677564,35.06997925, 2909 N  CHAMBERLAIN AVE
-85.26531084,35.0689105, 2311 BENTON AVE
-85.2568556,35.06949394, 2607 N  ORCHARD KNOB AVE
-85.24695217,35.06972831, 2905 N  CHAMBERLAIN AVE
-85.25192991,35.06956062, 2719 DODSON AVE
-85.24781423,35.07005631, 2904 WHEELER AVE
-85.2683435,35.0699058, 2307 BELLE ARBOR AVE
-85.26543072,35.06876158, 2309 BENTON AVE
-85.25656701,35.06894072, 2600 N  ORCHARD KNOB AVE
-85.2242122,35.04969078, 3836 MARK TWAIN CIR
-85.23690248,35.04863811, 1711 TUNNEL BLVD
-85.2292492,35.0465687, 3820 CONAHANEY TRL
-85.27250957,35.04874363, 904 SHOLAR CT
-85.22752919,35.05154103, 3714 JUANDALE TRL
-85.22648561,35.05003994, 3868 MARK TWAIN CIR
-85.23448178,35.05187891, 2022 TUNNEL BLVD
-85.23175374,35.04597489, 1621 JEANAGA TRL
-85.26624912,35.05113289, 1104 N  ORCHARD KNOB AVE
-85.22570915,35.05059923, 3809 MARK TWAIN CIR
-85.26346445,35.04429454, 805 ARLINGTON AVE
-85.22835809,35.046361, 3830 CONAHANEY TRL
-85.23010085,35.0458738, 1631 GANASITA TRL
-85.24727373,35.06807519, 2722 N  CHAMBERLAIN AVE
-85.25257062,35.06827594, 2613 DODSON AVE
-85.24622186,35.0700428, 2918 N  CHAMBERLAIN AVE
-85.25766357,35.06808262, 2501 N  ORCHARD KNOB AVE
-85.25644445,35.07018061, 2701 N  ORCHARD KNOB AVE
-85.2435017,35.0552625, 3055 DEE DR
-85.25616207,35.03840209, 521 LATIMORE ST
-85.2491135,35.06559629, 2501 N  CHAMBERLAIN AVE
-85.24249017,35.05549392, 2000 EMMA KATE DR
-85.26289298,35.05495816, 1510 ROANOKE AVE
-85.21235384,35.07736484, 4403 KAYLA CIR
-85.26847782,35.05519322, 1706 WILCOX BLVD
-85.27122702,35.05210127, 1201 SHOLAR AVE
-85.24899011,35.06581503, 2509 N  CHAMBERLAIN AVE
-85.2300837,35.08728354, 4148 FOREST ACRES LN
-85.26656548,35.05160198, 1111 N  ORCHARD KNOB AVE
-85.23583476,35.06972256, 2918 PENNSYLVANIA AVE
-85.23143085,35.06774747, 3226 LIGHTFOOT MILL RD
-85.25525404,35.05341573, 1612 N  CHAMBERLAIN AVE
-85.24905631,35.06576412, 2507 N  CHAMBERLAIN AVE
-85.24108671,35.06640213, 2411 N  CREST RD
-85.24799411,35.07666258, 3401 DODSON AVE
-85.2381612,35.06625456, 2924 LIGHTFOOT MILL RD
-85.2508328,35.06964448, 2209 BACHMAN ST
-85.24621673,35.09267864, 4135 S  CREEK RD
-85.24496561,35.09298692, 4139 S  CREEK RD
-85.26637662,35.08141218, 2900 RIVERPORT RD
-85.26123373,35.07159223, 2614 WOOD AVE
-85.23038551,35.08702469, 4114 FOREST ACRES LN
-85.21793109,35.08549788, 4120 MAPLE TERRACE LN
-85.26542616,35.07524857, 2805 BELLE ARBOR AVE
-85.26658656,35.08231791, 2901 RIVERPORT RD
-85.26635214,35.07359366, 2613 BELLE ARBOR AVE
-85.24435874,35.05562069, 3041 DEE DR
-85.24339396,35.05782933, 3002 DEE DR
-85.26432821,35.07311395, 2700 BLISS AVE
-85.2186772,35.07720974, 3861 YOUNGSTOWN RD
-85.21223511,35.07669668, 4378 KAYLA CIR
-85.21196574,35.07804486, 4429 KAYLA CIR
-85.22969572,35.08746974, 4176 FOREST ACRES LN
-85.21775504,35.08542024, 4120 MAPLE TERRACE LN
-85.21299273,35.07601581, 4355 KAYLA CIR
-85.21012518,35.07658294, 3933 ALEXIS CIR
-85.24292392,35.08160718, 3704 GRACE AVE
-85.21181511,35.07511621, 3931 ALLGOOD CT
-85.244679,35.07268135, 3202 N  CHAMBERLAIN AVE
-85.27022089,35.07222252, 767 RIVER TERMINAL RD
-85.23940803,35.08291635, 3836 GRACE AVE
-85.21198001,35.07699845, 4384 KAYLA CIR
-85.25623282,35.07052669, 2707 N  ORCHARD KNOB AVE
-85.25455376,35.05673715, 1904 WHEELER AVE
-85.21187684,35.07728904, 4402 KAYLA CIR
-85.21248665,35.07624776, 4360 KAYLA CIR
-85.21240335,35.07639742, 4366 KAYLA CIR
-85.24272681,35.08176293, 3706 GRACE AVE
-85.21302177,35.07619287, 4359 KAYLA CIR
-85.26492473,35.07484571, 2800 BELLE ARBOR AVE
-85.20903718,35.07618837, 3973 ALEXIS CIR
-85.21633727,35.07903972, 3927 YOUNGSTOWN RD
-85.22987747,35.08737513, 4160 FOREST ACRES LN
-85.20962912,35.0759464, 3956 ALEXIS CIR
-85.21215883,35.0777039, 4415 KAYLA CIR
-85.21842291,35.07787243, 3891 YOUNGSTOWN RD
-85.25092543,35.07164552, 2915 DODSON AVE
-85.21169488,35.0767081, 4306 KAYLA CIR
-85.25009956,35.06295307, 2304 N  CHAMBERLAIN AVE
-85.23740564,35.08057375, 2570 RIDGECREST CIR
-85.25631904,35.0704168, 2705 N  ORCHARD KNOB AVE
-85.23024575,35.05542013, 3549 GARNER RD
-85.22911634,35.05375166, 3592 GARNER RD
-85.24954316,35.07265903, 3030 DODSON AVE
-85.23671738,35.06998696, 2929 PENNSYLVANIA AVE
-85.20985024,35.07602438, 3948 ALEXIS CIR
-85.24175893,35.05892213, 1942 GREENWOOD RD
-85.24537321,35.07122235, 3016 N  CHAMBERLAIN AVE
-85.22905174,35.05404616, 3590 GARNER RD
-85.24049673,35.05708099, 3257 GENEAL LN
-85.24604491,35.07146017, 3017 N  CHAMBERLAIN AVE
-85.27022652,35.05341237, 1227 SHOLAR AVE
-85.21147084,35.07803749, 4432 KAYLA CIR
-85.25066241,35.07211624, 3001 DODSON AVE
-85.21155476,35.07788754, 4426 KAYLA CIR
-85.21157528,35.07504965, 3925 ALLGOOD CT
-85.25253444,35.07314995, 3004 ROANOKE AVE
-85.21194831,35.07622932, 4324 KAYLA CIR
-85.21231923,35.07654705, 4372 KAYLA CIR
-85.2129751,35.07640573, 4365 KAYLA CIR
-85.21648651,35.08702951, 3215 HARRISON PIKE
-85.20905752,35.07533827, 4096 ALEXIS CIR
-85.23557489,35.06927535, 2902 PENNSYLVANIA AVE
-85.26332533,35.0540344, 1402 ROANOKE AVE
-85.22937279,35.08145129, 4016 DENHAM RD
-85.25290818,35.05887005, 2015 N  CHAMBERLAIN AVE
-85.24711958,35.06964075, 2903 N  CHAMBERLAIN AVE
-85.21043922,35.07541943, 4040 ALEXIS CIR
-85.22346083,35.07811535, 3935 CHURCHILL RD
-85.25131607,35.06073746, 2122 N  CHAMBERLAIN AVE
-85.2105136,35.07625855, 3924 ALEXIS CIR
-85.2100087,35.07526622, 4056 ALEXIS CIR
-85.24638361,35.07099787, 3009 N  CHAMBERLAIN AVE
-85.2599985,35.05048007, 1301 ARLINGTON AVE
-85.26371487,35.05354155, 1324 ROANOKE AVE
-85.26294015,35.05374257, 2003 WILCOX BLVD
-85.23091725,35.06899654, 3187 NEW YORK AVE
-85.21029248,35.0761805, 3932 ALEXIS CIR
-85.23576083,35.0678556, 2816 NEW JERSEY AVE
-85.24908703,35.0656946, 2503 N  CHAMBERLAIN AVE
-85.22371423,35.05173461, 3819 WOODBROOK DR
-85.22876358,35.05393153, 3594 GARNER RD
-85.22870799,35.06571029, 2811 TUNNEL BLVD
-85.26341776,35.04696761, 953 DODSON AVE
-85.21073473,35.07633661, 3916 ALEXIS CIR
-85.23479231,35.0681415, 3131 LIGHTFOOT MILL RD
-85.22970812,35.05514602, 3565 GARNER RD
-85.23611168,35.06934324, 2903 PENNSYLVANIA AVE
-85.26258156,35.05876258, 1807 N  ORCHARD KNOB AVE
-85.25609161,35.05309362, 1603 N  CHAMBERLAIN AVE
-85.23344504,35.06810308, 3145 LIGHTFOOT MILL RD
-85.25199294,35.06050026, 2123 N  CHAMBERLAIN AVE
-85.23840175,35.06683247, 2915 LIGHTFOOT MILL RD
-85.26343264,35.05501691, 1505 ROANOKE AVE
-85.25500694,35.06893079, 2608 ROANOKE AVE
-85.25549805,35.05597328, 1805 WHEELER AVE
-85.26598348,35.0514392, 1110 N  ORCHARD KNOB AVE
-85.23088715,35.05735921, 2246 TUNNEL BLVD
-85.26474985,35.05369068, 1322 N  ORCHARD KNOB AVE
-85.25494318,35.0690479, 2610 ROANOKE AVE
-85.2642709,35.05453817, 1406 N  ORCHARD KNOB AVE
-85.24912405,35.06456838, 2408 N  CHAMBERLAIN AVE
-85.23505119,35.06868231, 2858 NEW JERSEY AVE
-85.25292236,35.0679801, 2607 DODSON AVE
-85.25075366,35.06396354, 2312 WHEELER AVE
-85.23108991,35.05696054, 2236 TUNNEL BLVD
-85.22868373,35.05834955, 3610 SUMTER AVE
-85.25660564,35.03946185, 613 FISHER AVE
-85.26813717,35.07038943, 2315 BELLE ARBOR AVE
-85.25259164,35.06174409, 2121 WHEELER AVE
-85.26726833,35.04701549, 908 ROANOKE AVE
-85.26150918,35.04622781, 908 ARLINGTON AVE
-85.2634614,35.04685046, 951 DODSON AVE
-85.25826399,35.04911858, 1215 N  CHAMBERLAIN AVE
-85.26739541,35.04678796, 902 ROANOKE AVE
-85.26164851,35.04597763, 902 ARLINGTON AVE
-85.25682989,35.03906263, 603 FISHER AVE
-85.26143951,35.0463529, 912 ARLINGTON AVE
-85.26219323,35.04627933, 907 ARLINGTON AVE
-85.25993852,35.04609113, 913 N  CHAMBERLAIN AVE
-85.25626659,35.04005917, 631 FISHER AVE
-85.23008698,35.05535613, 3555 GARNER RD
-85.27114638,35.05219846, 1203 SHOLAR AVE
-85.25196241,35.05954085, 2020 N  CHAMBERLAIN AVE
-85.20716945,35.07235823, 3843 LIGHTFOOT MILL RD
-85.23150247,35.06861438, 3181 NEW YORK AVE
-85.23584769,35.06732061, 3103 LIGHTFOOT MILL RD
-85.23335154,35.05802243, 2314 GREEN FOREST DR
-85.25971057,35.0559854, 2117 OCOEE ST
-85.25955392,35.05593207, 2121 OCOEE ST
-85.23838163,35.06619953, 2922 LIGHTFOOT MILL RD
-85.250939,35.07465394, 3115 CURTIS ST
-85.26458814,35.04639341, 2201 RAWLINGS ST
-85.26099472,35.04626077, 911 WHEELER AVE
-85.26070031,35.05584972, 2106 OCOEE ST
-85.23122581,35.04507825, 3723 WILCOX BLVD
-85.25492706,35.05260346, 2541 HIWASSEE ST
-85.25306828,35.0736782, 3007 ROANOKE AVE
-85.25305838,35.07359187, 3005 ROANOKE AVE
-85.23018935,35.05864706, 2318 TUNNEL BLVD
-85.23029412,35.05850233, 2314 TUNNEL BLVD
-85.25796125,35.04666115, 2518 JUDSON LN
-85.2567593,35.03819842, 500 FISHER AVE
-85.25712112,35.03868172, 513 FISHER AVE
-85.25711267,35.0466995, 2527 JUDSON LN
-85.26625267,35.0521116, 1201 N  ORCHARD KNOB AVE
-85.23837494,35.07468077, 3406 BIRCHWOOD DR
-85.24208196,35.05532497, 3107 DEE DR
-85.25626046,35.03824557, 513 LATIMORE ST
-85.26345895,35.08143309, 3404 AMNICOLA HWY
-85.23849077,35.07492573, 3414 BIRCHWOOD DR
-85.23841133,35.07475871, 3408 BIRCHWOOD DR
-85.27100291,35.05534351, 1281 N  HOLTZCLAW AVE
-85.25986771,35.05481481, 1625 DODSON AVE
-85.26666917,35.07837649, 2963 AMNICOLA HWY
-85.26193752,35.04474609, 855 WHEELER AVE
-85.23784586,35.08099513, 2552 HARRISON PIKE
-85.26016397,35.05565804, 2158 OCOEE ST
-85.23766397,35.08096674, 2554 HARRISON PIKE
-85.26585241,35.07981893, 3107 AMNICOLA HWY
-85.25964359,35.05521049, 1669 DODSON AVE
-85.26004158,35.05525135, 2185 CAMDEN OAKS DR
-85.25980573,35.05555029, 2182 OCOEE ST
-85.22172471,35.04488379, 3891 AGAWELA DR
-85.25957274,35.05534899, 1687 DODSON AVE
-85.26074885,35.05545558, 1655 MOSSY OAKS DR
-85.2595955,35.05530622, 1681 DODSON AVE
-85.26021464,35.05532187, 2173 CAMDEN OAKS DR
-85.26038211,35.05537707, 2161 CAMDEN OAKS DR
-85.26012321,35.05566468, 2162 OCOEE ST
-85.25978163,35.0549645, 1641 DODSON AVE
-85.26000382,35.05562551, 2170 OCOEE ST
-85.26042372,35.05516417, 2164 CAMDEN OAKS DR
-85.25967388,35.05515959, 1663 DODSON AVE
-85.25982882,35.05488696, 1631 DODSON AVE
-85.26019502,35.0550824, 2180 CAMDEN OAKS DR
-85.26001353,35.05529169, 2189 CAMDEN OAKS DR
-85.26009759,35.055276, 2181 CAMDEN OAKS DR
-85.26015448,35.05529802, 2177 CAMDEN OAKS DR
-85.26082383,35.05532225, 1639 MOSSY OAKS DR
-85.25973388,35.05552737, 2186 OCOEE ST
-85.26036242,35.05514392, 2168 CAMDEN OAKS DR
-85.26080065,35.05536706, 1643 MOSSY OAKS DR
-85.26013546,35.05505943, 2184 CAMDEN OAKS DR
-85.2595945,35.05541451, 1691 DODSON AVE
-85.2607716,35.05541281, 1647 MOSSY OAKS DR
-85.26032629,35.05535777, 2165 CAMDEN OAKS DR
-85.25961833,35.05525528, 1675 DODSON AVE
-85.25955241,35.0553979, 1695 DODSON AVE
-85.26015829,35.05502713, 2188 CAMDEN OAKS DR
-85.24907626,35.07758289, 3411 CURTIS ST
-85.22428019,35.07985333, 4067 BONNY OAKS DR
-85.24799157,35.07350322, 2216 ELMENDORF ST
-85.24714205,35.07432754, 3212 TAYLOR ST
-85.24253104,35.07180404, 3133 CAMPBELL ST
-85.20727078,35.07348326, 3900 MOSS RD
-85.25228065,35.06877843, 2705 DODSON AVE
-85.26217573,35.05641475, 2002 OCOEE ST
-85.21019836,35.07830028, 4255 KAYLA CIR
-85.22528105,35.07879217, 3127 DWIGHT ST
-85.21109189,35.07264174, 4304 THUNDERBIRD DR
-85.24665071,35.07670977, 2210 SIMS ST
-85.25085524,35.06062697, 2137 MUSEUM ST
-85.23331591,35.07998815, 2824 RIDGECREST DR
-85.25565801,35.05389613, 2414 OCOEE ST
-85.25092258,35.05599532, 1904 PEARL ST
-85.21276617,35.07666707, 4377 KAYLA CIR
-85.25462383,35.07520306, 3105 N  HAWTHORNE ST
-85.22972018,35.07459231, 3802 WAUCHULA ST
-85.26806447,35.06777398, 2124 ELENA DR
-85.23756496,35.07783803, 2701 RIDGECREST DR
-85.22808085,35.08131596, 4031 LOFTIS ST
-85.2531703,35.06346952, 2210 TAYLOR ST
-85.26693409,35.05313978, 1809 WILSON ST
-85.26587133,35.04935499, 2004 PORTLAND ST
-85.25104995,35.07005034, 2806 DODSON AVE
-85.21122714,35.08272819, 4250 BENTON DR
-85.23069663,35.06712437, 3053 TOWERWAY DR
-85.26483573,35.05749735, 1796 OCOEE ST
-85.23737861,35.07319949, 3500 BONNY OAKS DR
-85.25026824,35.07437538, 2102 ELMENDORF ST
-85.23211832,35.07542458, 3745 BONNY OAKS DR
-85.26831932,35.05414495, 1714 RUBIO ST
-85.25621225,35.0486346, 1210 GLENWOOD DR
-85.2519872,35.07840174, 3400 N  HAWTHORNE ST
-85.22655561,35.08248859, 4101 LOFTIS ST
-85.25554705,35.06949458, 1906 FAIRLEIGH ST
-85.26358778,35.05235981, 1312 BRADT ST
-85.23230691,35.04947159, 1701 DOGWOOD DR
-85.2348396,35.0783887, 2810 RIDGECREST DR
-85.22652179,35.0816917, 4070 LOFTIS ST
-85.24766848,35.07330193, 2300 ELMENDORF ST
-85.24740754,35.07189893, 2312 WILDER ST
-85.22819711,35.05872426, 2405 DOOLITTLE ST
-85.23531706,35.06622228, 3017 TOWERWAY DR
-85.25906018,35.05859235, 2029 RUBY ST
-85.22679518,35.07931502, 4004 BONNY OAKS DR
-85.24412092,35.06820948, 2612 FROST ST
-85.24571775,35.06912272, 2815 NOA ST
-85.26356765,35.04890708, 2115 PORTLAND ST
-85.27066822,35.04921993, 1704 MILNE ST
-85.25154806,35.06485465, 2403 GLASS ST
-85.23017191,35.07216957, 3634 SALUDA ST
-85.23292684,35.04719622, 1631 DOGWOOD DR
-85.23194104,35.04740725, 1652 DOGWOOD DR
-85.25767387,35.05575012, 1710 TAYLOR ST
-85.22322055,35.05377582, 3708 MCCOOL DR
-85.2471058,35.06582534, 2626 GLASS ST
-85.23544618,35.04773909, 1608 PARKWAY DR
-85.26352276,35.04944511, 2108 COOLEY ST
-85.26485138,35.04999711, 2010 COOLEY ST
-85.2655786,35.0492709, 2008 PORTLAND ST
-85.25281746,35.07086372, 2811 CURTIS ST
-85.22509947,35.05007995, 3818 MARK TWAIN CIR
-85.25057505,35.09389588, 4100 AMNICOLA HWY
-85.21768161,35.08687618, 4102 HAVEN ACRES LN
-85.25799967,35.04759006, 2507 JUDSON LN
-85.25721342,35.03846113, 505 FISHER AVE
-85.25660836,35.03847713, 514 FISHER AVE
-85.23232324,35.06149622, 2320 NORTHBRIER LN
-85.24115871,35.07935999, 2500 RIDGECREST DR
-85.24379149,35.07121434, 3106 NOA ST
-85.23164766,35.07437232, 3723 SAPULPA ST
-85.26496642,35.07674101, 1050 STUART ST
-85.23980945,35.07703139, 3504 E  CREST DR
-85.25560308,35.06863593, 1915 APPLING ST
-85.26615447,35.05960011, 1601 OLIVE ST
-85.26642442,35.04704717, 2011 RAWLINGS ST
-85.2376644,35.0753816, 2718 FAIRVIEW DR
-85.21716773,35.08666102, 4107 HAVEN ACRES LN
-85.24218796,35.09197459, 4170 S  CREEK RD
-85.26917135,35.07125052, 2402 AMNICOLA HWY
-85.24283925,35.08233734, 3747 GRACE AVE
-85.24193051,35.0829141, 3805 GRACE AVE
-85.21566859,35.08673228, 4075 S  ACCESS RD
-85.22820138,35.0797344, 3010 ADDISON RD
-85.23114928,35.08212805, 2756 HARRISON PIKE
-85.23593121,35.08134551, 3903 MEADOW LN
-85.25493856,35.09064466, 910 CREEKSIDE RD
-85.24740723,35.06783669, 2718 N  CHAMBERLAIN AVE
-85.26215713,35.07295039, 2712 BENTON AVE
-85.25038176,35.07218906, 3005 DODSON AVE
-85.22984757,35.08047515, 2402 MEADE CIR
-85.22964657,35.08225667, 4046 DENHAM RD
-85.22895994,35.0831485, 2845 HARRISON PIKE
-85.24320728,35.08141436, 3702 GRACE AVE
-85.25239866,35.06748805, 2600 DODSON AVE
-85.26135922,35.07197419, 2701 WOOD AVE
-85.24794437,35.06681454, 2702 N  CHAMBERLAIN AVE
-85.22440804,35.07616143, 3833 CHURCHILL RD
-85.24776363,35.0671811, 2708 N  CHAMBERLAIN AVE
-85.25287384,35.0677057, 2603 DODSON AVE
-85.24849658,35.0757233, 3305 DODSON AVE
-85.24829748,35.06728777, 2701 N  CHAMBERLAIN AVE
-85.24714285,35.07126577, 3002 WHEELER AVE
-85.24844647,35.07587212, 3307 DODSON AVE
-85.24749736,35.07654474, 3402 DODSON AVE
-85.24890109,35.07389802, 3120 DODSON AVE
-85.23656982,35.06749185, 2801 NEW JERSEY AVE
-85.24845466,35.07469983, 3210 DODSON AVE
-85.24685649,35.07715835, 3500 DODSON AVE
-85.24725561,35.06914167, 2813 N  CHAMBERLAIN AVE
-85.23592237,35.06843818, 2835 NEW JERSEY AVE
-85.24432896,35.06881799, 2613 LOCKWOOD ST
-85.2355364,35.07429023, 4003 COUNTRYSIDE RD
-85.20655657,35.07472812, 3912 MOSS RD
-85.24789618,35.06993144, 2902 WHEELER AVE
-85.25138378,35.06946633, 2720 DODSON AVE
-85.24772971,35.07711766, 3409 DODSON AVE
-85.23572687,35.06682326, 3030 LIGHTFOOT MILL RD
-85.2184762,35.07331909, 3765 YOUNGSTOWN RD
-85.20529341,35.07529545, 4437 BYRD AVE
-85.23654837,35.06967519, 2923 PENNSYLVANIA AVE
-85.24633344,35.06981026, 2912 N  CHAMBERLAIN AVE
-85.22810318,35.06803177, 3301 LIGHTFOOT MILL RD
-85.25740594,35.0687963, 2509 N  ORCHARD KNOB AVE
-85.25816352,35.04721095, 2508 JUDSON LN
-85.23404495,35.08166682, 2661 HARRISON PIKE
-85.2566947,35.03831209, 508 FISHER AVE
-85.25842942,35.04729454, 2504 JUDSON LN
-85.21354731,35.08261429, 4054 S  ACCESS RD
-85.25041777,35.09195604, 4120 S  CREEK RD
-85.25710178,35.03871908, 515 FISHER AVE
-85.23223639,35.08065927, 2441 MEADE CIR
-85.23256847,35.07595254, 2928 FORGOTTEN TRL
-85.21713865,35.07721587, 3910 YOUNGSTOWN RD
-85.22947749,35.08025018, 2906 ADDISON RD
-85.25339111,35.06673005, 2505 DODSON AVE
-85.24279959,35.09348349, 4167 S  CREEK RD
-85.23654135,35.06690948, 3024 LIGHTFOOT MILL RD
-85.23595026,35.08396095, 4029 MEADOW LN
-85.21313771,35.078117, 3924 CHICKAMAUGA AVE
-85.26118201,35.07698559, 3105 FREEMAN AVE
-85.24493207,35.07220463, 3110 N  CHAMBERLAIN AVE
-85.26419248,35.07338453, 2706 BLISS AVE
-85.21631548,35.08724521, 3219 HARRISON PIKE
-85.24963297,35.06206648, 2200 N  CHAMBERLAIN AVE
-85.21262175,35.0770432, 4383 KAYLA CIR
-85.26869875,35.07172608, 2464 AMNICOLA HWY
-85.20979545,35.07518243, 4064 ALEXIS CIR
-85.24844809,35.09261634, 4125 S  CREEK RD
-85.24902652,35.07484679, 3209 DODSON AVE
-85.23546837,35.06736721, 3117 LIGHTFOOT MILL RD
-85.23021102,35.05432836, 3566 GARNER RD
-85.25793633,35.05286711, 1506 ARLINGTON AVE
-85.24903048,35.0736313, 3114 DODSON AVE
-85.24997313,35.06693183, 2605 WHEELER AVE
-85.24799248,35.0677833, 2711 N  CHAMBERLAIN AVE
-85.25785541,35.04653457, 2522 JUDSON LN
-85.25778797,35.04648908, 2524 JUDSON LN
-85.25507337,35.0549551, 1717 N  CHAMBERLAIN AVE
-85.21206034,35.07787839, 4421 KAYLA CIR
-85.23098944,35.05715846, 2240 TUNNEL BLVD
-85.24006967,35.05434422, 1811 JOHNNY ST
-85.2564622,35.07805217, 1500 WISDOM ST
-85.23500184,35.07734683, 3619 PARKWAY DR
-85.23585167,35.07831388, 2805 RIDGECREST DR
-85.24962602,35.071814, 2209 STUART ST
-85.23398399,35.08325585, 2612 BOYCE ST
-85.23377015,35.0713674, 3607 SAPULPA ST
-85.25124664,35.07381404, 3101 CURTIS ST
-85.23681872,35.07576657, 2723 FAIRVIEW DR
-85.24709741,35.06629535, 2619 GLASS ST
-85.2308242,35.07625151, 3811 BONNY OAKS DR
-85.25778904,35.07671126, 3107 RIVERSIDE DR
-85.2455608,35.06636834, 2700 GLASS ST
-85.25066184,35.06880609, 2707 TAYLOR ST
-85.25041021,35.06771186, 2304 FAIRLEIGH ST
-85.26624184,35.06826748, 2129 DELANO DR
-85.24372862,35.07094575, 2605 WILDER ST
-85.25406412,35.06274967, 2109 TAYLOR ST
-85.2490951,35.07067362, 2906 TAYLOR ST
-85.25081762,35.06467444, 2410 GLASS ST
-85.26015255,35.05958342, 2002 SHERMAN ST
-85.2439669,35.0710318, 2601 WILDER ST
-85.23652515,35.0660468, 3005 TOWERWAY DR
-85.25310293,35.06207775, 2121 DAVENPORT ST
-85.26610601,35.05284078, 1819 WILSON ST
-85.22863518,35.06467548, 2643 ACUFF ST
-85.22508179,35.0523849, 3828 ROLLINGWOOD DR
-85.22384599,35.05250892, 3841 ROLLINGWOOD DR
-85.26373288,35.0554914, 1902 CAMDEN ST
-85.26525546,35.04793725, 961 N  WILLOW ST
-85.23338735,35.05880509, 2319 GREEN FOREST DR
-85.25791274,35.05618231, 1717 TAYLOR ST
-85.26705968,35.05575798, 1718 NEWTON ST
-85.2676527,35.04708529, 1910 RAWLINGS ST
-85.25913374,35.05822508, 2032 RUBY ST
-85.26437467,35.05727466, 1802 OCOEE ST
-85.26221105,35.05043124, 2117 LAURA ST
-85.27214567,35.04975841, 1614 MILNE ST
-85.26447433,35.05027106, 2013 COOLEY ST
-85.23575497,35.08611456, 2623 WATERHAVEN DR
-85.23288233,35.06824303, 3146 NEW YORK AVE
-85.24892571,35.06592813, 2513 N  CHAMBERLAIN AVE
-85.26445145,35.05911196, 1709 OLIVE ST
-85.2632097,35.08178328, 3410 AMNICOLA HWY
-85.260265,35.05533753, 2169 CAMDEN OAKS DR
-85.23845767,35.07485614, 3410 BIRCHWOOD DR
-85.26376408,35.08036896, 3167 ELMENDORF CIR
-85.26014267,35.05570343, 2154 OCOEE ST
-85.25986844,35.05557603, 2178 OCOEE ST
-85.21259805,35.07564132, 4343 KAYLA CIR
-85.21089909,35.07709454, 4297 KAYLA CIR
-85.2109333,35.07804029, 4266 KAYLA CIR
-85.26222584,35.0563256, 1620 ROANOKE AVE
-85.21153436,35.07562205, 3901 ALLGOOD CT
-85.21164609,35.07867074, 4207 KAYLA CIR
-85.21294972,35.07581538, 4351 KAYLA CIR
-85.21199737,35.07556125, 4331 KAYLA CIR
-85.21103671,35.0768884, 3901 ALEXIS CIR
-85.26664302,35.04666583, 2010 RAWLINGS ST
-85.25140887,35.06376821, 2305 WHEELER AVE
-85.26219825,35.04434734, 821 WHEELER AVE
-85.26168433,35.04406568, 830 WHEELER AVE
-85.24375355,35.07022977, 3003 CAMPBELL ST
-85.26203168,35.04459222, 849 WHEELER AVE
-85.26117422,35.04487568, 860 WHEELER AVE
-85.24802449,35.07724456, 2162 SIMS ST
-85.2617631,35.04508106, 861 WHEELER AVE
-85.26200177,35.04463751, 851 WHEELER AVE
-85.26158452,35.04537596, 875 WHEELER AVE
-85.26223779,35.04427741, 819 WHEELER AVE
-85.26115226,35.04491987, 862 WHEELER AVE
-85.2616497,35.04414389, 834 WHEELER AVE
-85.2616748,35.04524167, 869 WHEELER AVE
-85.26160803,35.04533088, 873 WHEELER AVE
-85.26183782,35.0437686, 812 WHEELER AVE
-85.24011137,35.05466679, 1684 GREENWOOD RD
-85.26170998,35.04401118, 828 WHEELER AVE
-85.2520876,35.05714268, 2514 MCRAE ST
-85.24054493,35.06456561, 702 N  CREST RD
-85.26550323,35.05458113, 1819 WILCOX BLVD
-85.23611894,35.05311521, 3432 PERSIMMON LN
-85.26813598,35.04762767, 900 N  ORCHARD KNOB AVE
-85.25848832,35.05640455, 1716 DODSON AVE
-85.25989364,35.04714534, 1102 WHEELER AVE
-85.232,35.05219444, 3549 COTTONWOOD LN
-85.22867979,35.05725106, 3611 E  GLEN CT
-85.25787238,35.04968126, 1301 N  CHAMBERLAIN AVE
-85.23619097,35.04873064, 1800 TUNNEL BLVD
-85.25602523,35.04496541, 1012 MISSION AVE
-85.26309618,35.0463837, 910 DODSON AVE
-85.21691449,35.08654465, 4109 HAVEN ACRES LN
-85.22228238,35.05251278, 3916 JUANDALE TRL
-85.22681951,35.04662976, 3850 CONAHANEY TRL
-85.24372834,35.09575811, 4303 N  CREEK RD
-85.26423506,35.08009837, 3208 AMNICOLA HWY
-85.23636503,35.08259054, 3934 GRACE AVE
-85.21434075,35.08208347, 4031 S  ACCESS RD
-85.26420606,35.07371888, 2708 BLISS AVE
-85.26522037,35.07442895, 2716 BELLE ARBOR AVE
-85.20805616,35.07104943, 3827 LIGHTFOOT MILL RD
-85.21360891,35.07730797, 3912 CHICKAMAUGA AVE
-85.2133591,35.07906961, 3931 CHICKAMAUGA AVE
-85.22991806,35.08694577, 4128 FOREST ACRES LN
-85.25517198,35.09143294, 900 CREEKSIDE RD
-85.26281122,35.07197128, 2610 BENTON AVE
-85.24862001,35.06704205, 2625 N  CHAMBERLAIN AVE
-85.2265042,35.06823401, 3315 LIGHTFOOT MILL RD
-85.2703907,35.06898057, 2156 AMNICOLA HWY
-85.22574759,35.06837928, 3405 LIGHTFOOT MILL RD
-85.23791905,35.08335565, 3909 GRACE AVE
-85.24141891,35.08318129, 3811 GRACE AVE
-85.24625501,35.07230863, 3110 WHEELER AVE
-85.25087768,35.07561913, 3278 ROANOKE AVE
-85.26676889,35.07471371, 2710 AMNICOLA HWY
-85.24929747,35.09170096, 4122 S  CREEK RD
-85.25781378,35.07814777, 3206 WOOD AVE
-85.24605715,35.07883063, 3529 DODSON AVE
-85.25824606,35.07829846, 3207 WOOD AVE
-85.22306131,35.07856794, 3953 CHURCHILL RD
-85.25800278,35.07874392, 3213 WOOD AVE
-85.23245256,35.07997918, 2435 MEADE CIR
-85.23524507,35.08281852, 4011 MEADOW LN
-85.23089056,35.07911175, 2419 MEADE CIR
-85.2444451,35.09518763, 4315 N  CREEK RD
-85.2274465,35.07777977, 3006 LOOKAWAY TRL
-85.23010039,35.07934104, 2413 MEADE CIR
-85.2189161,35.08459951, 3111 HARRISON PIKE
-85.2332987,35.0761457, 2908 FORGOTTEN TRL
-85.25021599,35.06728933, 2609 KOBLENTZ CIR
-85.24121164,35.06679378, 2415 N  CREST RD
-85.23379981,35.06820548, 3141 LIGHTFOOT MILL RD
-85.26449859,35.08164988, 3407 AMNICOLA HWY
-85.23140303,35.0798106, 2428 MEADE CIR
-85.23075513,35.07551114, 3002 TALATHA TRL
-85.2312996,35.08110395, 2448 MEADE CIR
-85.23705715,35.0663716, 3018 LIGHTFOOT MILL RD
-85.23513472,35.0833062, 4019 MEADOW LN
-85.24680092,35.06893227, 2806 N  CHAMBERLAIN AVE
-85.23578061,35.0680354, 2826 NEW JERSEY AVE
-85.20414855,35.07524179, 4008 LIGHTFOOT MILL RD
-85.2487232,35.06933812, 2817 WHEELER AVE
-85.26010093,35.0734123, 2820 WOOD AVE
-85.23611621,35.06818883, 2825 NEW JERSEY AVE
-85.26614354,35.07611449, 2880 AMNICOLA HWY
-85.24669688,35.09220131, 4131 S  CREEK RD
-85.22321141,35.07826817, 3939 CHURCHILL RD
-85.2110617,35.07886783, 4225 KAYLA CIR
-85.24785414,35.07695206, 3407 DODSON AVE
-85.25880832,35.07730706, 3109 WOOD AVE
-85.21387292,35.07688872, 3904 CHICKAMAUGA AVE
-85.2526817,35.06697173, 2510 DODSON AVE
-85.25839021,35.07713958, 3110 WOOD AVE
-85.24879947,35.07522772, 3215 DODSON AVE
-85.22270168,35.06866759, 3437 LIGHTFOOT MILL RD
-85.25702805,35.06925881, 2603 N  ORCHARD KNOB AVE
-85.25024708,35.06692099, 2604 KOBLENTZ CIR
-85.23207228,35.08088364, 2443 MEADE CIR
-85.2295355,35.08191355, 4038 DENHAM RD
-85.21289279,35.07840796, 3928 CHICKAMAUGA AVE
-85.23777685,35.08292108, 3916 GRACE AVE
-85.24539988,35.07476048, 3225 WHEELER AVE
-85.26405398,35.07412519, 2714 BLISS AVE
-85.22806446,35.06694066, 2830 TUNNEL BLVD
-85.26906162,35.0512769, 1105 SHERIDAN AVE
-85.24934927,35.07300182, 3100 DODSON AVE
-85.21095598,35.07641451, 3908 ALEXIS CIR
-85.27480243,35.06327273, 2011 CURTAIN POLE RD
-85.26501754,35.07598503, 2815 BELLE ARBOR AVE
-85.25169953,35.0702512, 2809 DODSON AVE
-85.21274785,35.07573791, 4347 KAYLA CIR
-85.21281488,35.07650853, 4371 KAYLA CIR
-85.26071056,35.05389185, 1505 DODSON AVE
-85.26023021,35.07407383, 2823 WOOD AVE
-85.21022531,35.07534331, 4048 ALEXIS CIR
-85.23707067,35.0689851, 2846 DURAND AVE
-85.25073781,35.0670922, 2605 KOBLENTZ CIR
-85.22985376,35.05526818, 3561 GARNER RD
-85.21225732,35.07752941, 4409 KAYLA CIR
-85.22831087,35.06316104, 2607 TUNNEL BLVD
-85.21349613,35.08325772, 4060 S  ACCESS RD
-85.23765003,35.0726156, 2932 NEW YORK AVE
-85.26591931,35.06035872, 1812 SHOLAR AVE
-85.2284264,35.05825088, 3614 SUMTER AVE
-85.23176642,35.06813724, 3176 NEW YORK AVE
-85.23988795,35.05633299, 3215 GENEAL LN
-85.2602519,35.05510442, 2176 CAMDEN OAKS DR
-85.25990522,35.05475015, 1619 DODSON AVE
-85.25746445,35.04742002, 2515 JUDSON LN
-85.25723934,35.03842068, 503 FISHER AVE
-85.21369879,35.0781336, 3921 CHICKAMAUGA AVE
-85.21488517,35.0821418, 4033 S  ACCESS RD
-85.2600708,35.05564754, 2166 OCOEE ST
-85.21181221,35.07743994, 4408 KAYLA CIR
-85.21692996,35.08694139, 4101 HAVEN ACRES LN
-85.23510577,35.08351109, 4021 MEADOW LN
-85.21199177,35.07606181, 4330 KAYLA CIR
-85.20872074,35.08339871, 4293 HWY 58
-85.23794329,35.06711908, 2730 DURAND AVE
-85.20729935,35.07655039, 4409 BYRD AVE
-85.24372109,35.09142263, 4162 S  CREEK RD
-85.26250557,35.05889923, 1809 N  ORCHARD KNOB AVE
-85.26173177,35.04513966, 865 WHEELER AVE
-85.26154337,35.04545134, 879 WHEELER AVE
-85.26226523,35.04422292, 815 WHEELER AVE
-85.26587679,35.05791924, 1726 OCOEE ST
-85.25145744,35.07197665, 2104 STUART ST
-85.24797424,35.0664115, 2600 ANDREWS ST
-85.25041044,35.0711521, 2914 DODSON AVE
-85.26378064,35.05343954, 1322 ROANOKE AVE
-85.24946329,35.06416573, 2400 N  CHAMBERLAIN AVE
-85.26683182,35.05460393, 1800 WILCOX BLVD
-85.26771184,35.05251486, 1210 SHERIDAN AVE
-85.23358012,35.05393726, 2103 TUNNEL BLVD
-85.25677717,35.05295105, 1514 WHEELER AVE
-85.26997743,35.05442431, 1300 N  HOLTZCLAW AVE
-85.23180886,35.0614977, 2321 NORTHBRIER LN
-85.23599184,35.05354257, 3428 PERSIMMON LN
-85.24962637,35.06473702, 2413 N  CHAMBERLAIN AVE
-85.2681083,35.05259356, 1209 SHERIDAN AVE
-85.22923511,35.06188094, 2537 TUNNEL BLVD
-85.23211658,35.05203749, 3547 COTTONWOOD LN
-85.26002855,35.05334604, 1500 DODSON AVE
-85.22565943,35.04825338, 3851 RAE TRL
-85.26599832,35.05478259, 1811 WILCOX BLVD
-85.22657532,35.05643409, 2435 LEANN CIR
-85.22906288,35.05856698, 3608 SUMTER AVE
-85.22688753,35.04897305, 3831 RAE TRL
-85.25818508,35.05131393, 1403 WHEELER AVE
-85.26302755,35.04908462, 1059 DODSON AVE
-85.25783192,35.05103429, 1400 WHEELER AVE
-85.25881781,35.05139302, 1400 ARLINGTON AVE
-85.26187422,35.04484666, 857 WHEELER AVE
-85.26230453,35.04410959, 813 WHEELER AVE
-85.23022078,35.04533032, 1619 GANASITA TRL
-85.23843207,35.07629538, 2710 FAIRVIEW DR
-85.23189562,35.05895604, 2308 GREEN FOREST LN
-85.24651381,35.07030989, 2917 N  CHAMBERLAIN AVE
-85.26620431,35.06002879, 1806 SHOLAR AVE
-85.25686523,35.05369994, 1605 WHEELER AVE
-85.25669457,35.05304828, 1516 WHEELER AVE
-85.26702384,35.05517117, 1725 WILCOX BLVD
-85.25056324,35.07076206, 2900 DODSON AVE
-85.25728395,35.05533065, 1707 ARLINGTON AVE
-85.27078238,35.05264227, 1211 SHOLAR AVE
-85.26053765,35.04705679, 1101 WHEELER AVE
-85.232096,35.05140123, 204 TUPELO CT
-85.26765518,35.04855854, 954 N  ORCHARD KNOB AVE
-85.25906373,35.04756497, 1115 N  CHAMBERLAIN AVE
-85.22437829,35.04990648, 3828 MARK TWAIN CIR
-85.22386508,35.05011872, 3831 MARK TWAIN CIR
-85.24524684,35.09428174, 4316 N  CREEK RD
-85.26280621,35.0858811, 3609 AMNICOLA HWY
-85.2166804,35.08645617, 4111 HAVEN ACRES LN
-85.24559119,35.09172947, 4146 S  CREEK RD
-85.2140488,35.07757453, 3909 CHICKAMAUGA AVE
-85.21061999,35.07754242, 4285 KAYLA CIR
-85.22589512,35.07734234, 3122 LOOKAWAY TRL
-85.2458084,35.07916874, 3535 DODSON AVE
-85.21495331,35.07740926, 3901 CHICKAMAUGA AVE
-85.23058947,35.0790243, 2417 MEADE CIR
-85.21052516,35.07768803, 4279 KAYLA CIR
-85.24507129,35.07896136, 3534 DODSON AVE
-85.24523255,35.07879862, 3532 DODSON AVE
-85.26487981,35.08108782, 3401 AMNICOLA HWY
-85.231454,35.0808798, 2446 MEADE CIR
-85.23234268,35.0804742, 2439 MEADE CIR
-85.23654319,35.08310467, 3931 GRACE AVE
-85.24002277,35.08302917, 3828 GRACE AVE
-85.23144069,35.08168867, 2735 ADDISON RD
-85.2129852,35.07971733, 3941 CHICKAMAUGA AVE
-85.2082978,35.08276795, 4295 HWY 58
-85.2308888,35.07956023, 2422 MEADE CIR
-85.22945893,35.08167493, 4026 DENHAM RD
-85.25987015,35.07381558, 2840 WOOD AVE
-85.20459148,35.07555566, 4009 LIGHTFOOT MILL RD
-85.24972605,35.0724352, 3008 DODSON AVE
-85.25291485,35.06644545, 2504 DODSON AVE
-85.23104825,35.0827203, 2741 HARRISON PIKE
-85.23503879,35.0745055, 4007 COUNTRYSIDE RD
-85.20790917,35.07634333, 4402 BYRD AVE
-85.23755309,35.07392138, 3803 COUNTRYSIDE RD
-85.23507101,35.0675691, 3123 LIGHTFOOT MILL RD
-85.2534399,35.06662129, 2503 DODSON AVE
-85.2480921,35.07554597, 3304 DODSON AVE
-85.26665904,35.06959012, 2311 BLISS AVE
-85.24715954,35.06832006, 2726 N  CHAMBERLAIN AVE
-85.22809414,35.06667155, 2828 TUNNEL BLVD
-85.25506295,35.0688116, 2606 ROANOKE AVE
-85.20980109,35.07177857, 3807 ARROWROCK RD
-85.25162368,35.06896625, 2710 DODSON AVE
-85.25030263,35.06682452, 2602 KOBLENTZ CIR
-85.24759225,35.06847872, 2803 N  CHAMBERLAIN AVE
-85.2491434,35.07353027, 3112 DODSON AVE
-85.26271602,35.0729643, 2707 BENTON AVE
-85.26003203,35.07643997, 3012 FREEMAN AVE
-85.25351159,35.06650795, 2501 DODSON AVE
-85.2569334,35.06939074, 2605 N  ORCHARD KNOB AVE
-85.20978898,35.06980193, 3807 CHERWOOD LN
-85.27075789,35.06785118, 2150 AMNICOLA HWY
-85.21144892,35.06969118, 3816 CHERWOOD LN
-85.22525091,35.0771381, 3148 LOOKAWAY TRL
-85.25286537,35.06782936, 2605 DODSON AVE
-85.25193184,35.06833855, 2614 DODSON AVE
-85.24738263,35.06885978, 2809 N  CHAMBERLAIN AVE
-85.23395284,35.06883167, 3118 NEW YORK AVE
-85.21242506,35.0760118, 4346 KAYLA CIR
-85.26666082,35.05141654, 1109 N  ORCHARD KNOB AVE
-85.21785961,35.08547524, 4120 MAPLE TERRACE LN
-85.21239979,35.07557688, 4339 KAYLA CIR
-85.24252836,35.08192498, 3708 GRACE AVE
-85.24943522,35.07439694, 3201 DODSON AVE
-85.23462817,35.06824946, 3133 LIGHTFOOT MILL RD
-85.24759286,35.06879617, 2807 N  CHAMBERLAIN AVE
-85.20886314,35.07569388, 3997 ALEXIS CIR
-85.25659061,35.05979129, 2008 DODSON AVE
-85.23494688,35.06802338, 3129 LIGHTFOOT MILL RD
-85.23881015,35.08150479, 2426 HARRISON PIKE
-85.23322976,35.06892413, 3129 NEW YORK AVE
-85.24896094,35.06586817, 2511 N  CHAMBERLAIN AVE
-85.22870161,35.05803728, 3612 SUMTER AVE
-85.24065478,35.05652897, 3243 GENEAL LN
-85.23797569,35.06611386, 2930 LIGHTFOOT MILL RD
-85.22503332,35.05752053, 2423 LEANN CIR
-85.22920893,35.05154238, 1887 DOGWOOD DR
-85.23306846,35.05167258, 3533 COTTONWOOD LN
-85.23854075,35.07507673, 3416 BIRCHWOOD DR
-85.25315767,35.07354332, 3003 ROANOKE AVE
-85.25972341,35.05517829, 1659 DODSON AVE
-85.25993366,35.05559937, 2174 OCOEE ST
-85.26196313,35.04470297, 853 WHEELER AVE
-85.25983767,35.05498446, 1637 DODSON AVE
-85.26047953,35.05518347, 2160 CAMDEN OAKS DR
-85.20716431,35.07336921, 3898 MOSS RD
-85.22751258,35.05920925, 2422 DOOLITTLE ST
-85.25127147,35.06603127, 2503 O REAR ST
-85.25803735,35.07769102, 3200 WOOD AVE
-85.25552875,35.09098273, 910 CREEKSIDE RD
-85.21082095,35.07725066, 4295 KAYLA CIR
-85.25273098,35.06677678, 2508 DODSON AVE
-85.25204497,35.06825187, 2612 DODSON AVE
-85.23259963,35.06794292, 3209 LIGHTFOOT MILL RD
-85.2196581,35.0681962, 3440 LIGHTFOOT MILL RD
-85.2324856,35.06862315, 3157 NEW YORK AVE
-85.21007136,35.07610244, 3940 ALEXIS CIR
-85.26031207,35.05512827, 2172 CAMDEN OAKS DR
-85.25994489,35.05468004, 1613 DODSON AVE
-85.21181083,35.07635354, 4318 KAYLA CIR
-85.26217079,35.0444033, 823 WHEELER AVE
-85.26162765,35.04419842, 836 WHEELER AVE
-85.22314665,35.081606, 3317 GRANADA ST
-85.25858722,35.05614556, 1712 DODSON AVE
-85.26264436,35.0585835, 1801 N  ORCHARD KNOB AVE
-85.21457402,35.07745129, 3905 CHICKAMAUGA AVE
-85.2351524,35.08163373, 3912 MEADOW LN
-85.26627014,35.07164163, 2507 BLISS AVE
-85.26857125,35.0721512, 2472 AMNICOLA HWY
-85.24765806,35.06834878, 2801 N  CHAMBERLAIN AVE
-85.22233416,35.068632, 3439 LIGHTFOOT MILL RD
-85.24673947,35.06909062, 2810 N  CHAMBERLAIN AVE
-85.26773581,35.06970848, 2310 BELLE ARBOR AVE
-85.25974951,35.05549889, 2190 OCOEE ST
-85.21713066,35.0785964, 3915 YOUNGSTOWN RD
-85.26534735,35.07409733, 2706 BELLE ARBOR AVE
-85.23602283,35.06831553, 2829 NEW JERSEY AVE
-85.23443452,35.07004082, 3041 NEW YORK AVE
-85.26203414,35.05668272, 2013 OCOEE ST
-85.26195016,35.05664804, 2023 OCOEE ST
-85.26181617,35.0566045, 2037 OCOEE ST
-85.26164238,35.05625887, 2072 OCOEE ST
-85.26155565,35.0560689, 1615 BRADT ST
-85.26733562,35.05002617, 1039 N  ORCHARD KNOB AVE
-85.23607932,35.08029653, 2598 RIDGECREST CIR
-85.25983664,35.05598434, 2115 OCOEE ST
-85.25860658,35.05545272, 2203 OCOEE ST
-85.25717699,35.05450436, 2310 OCOEE ST
-85.25549419,35.06817419, 1994 APPLING ST
-85.23398228,35.07056625, 2919 NEW JERSEY AVE
-85.26623317,35.05846465, 1629 OCOEE ST
-85.26594121,35.05838212, 1655 OCOEE ST
-85.266456,35.05804285, 1628 OCOEE ST
-85.26662401,35.05810123, 1616 OCOEE ST
-85.26676292,35.05816421, 1604 OCOEE ST
-85.26652918,35.05860359, 1605 OCOEE ST
-85.26636318,35.05852357, 1617 OCOEE ST
-85.2660675,35.058397, 1643 OCOEE ST
-85.26488752,35.05795582, 1777 OCOEE ST
-85.26472977,35.05789518, 1787 OCOEE ST
-85.26477643,35.05748055, 1798 OCOEE ST
-85.264941,35.05751682, 1788 OCOEE ST
-85.26550915,35.05778067, 1756 OCOEE ST
-85.26567013,35.05784946, 1742 OCOEE ST
-85.26581157,35.05789101, 1728 OCOEE ST
-85.20960437,35.08236144, 4291 HWY 58
-85.23656278,35.07665469, 3612 MOUNTAIN VIEW DR
-85.26544088,35.0779282, 3200 AMNICOLA HWY
-85.25547978,35.06174049, 2108 DODSON AVE
-85.26733659,35.06947663, 2308 BLISS AVE
-85.2331879,35.05337896, 2076 TUNNEL BLVD
-85.22253354,35.05075271, 1802 ARCIE DR
-85.25543013,35.06908369, 2605 ROANOKE AVE
-85.25568913,35.06932069, 2628 N  BEECH ST
-85.25572547,35.06919291, 2624 N  BEECH ST
-85.24749798,35.06617153, 2607 GLASS ST
-85.26458936,35.07218068, 1019 APPLING ST
-85.26532015,35.07301168, 1010 FAIRLEIGH ST
-85.23616196,35.07444794, 3987 COUNTRYSIDE RD
-85.26879984,35.05253308, 1132 N  HICKORY ST
-85.26228768,35.07380942, 2821 BENTON AVE
-85.27532333,35.06241149, 2009 CURTAIN POLE RD
-85.25099464,35.06039428, 2107 MUSEUM ST
-85.26374382,35.07928472, 3102 ELMENDORF CIR
-85.25756345,35.05243217, 1503 WHEELER AVE
-85.2775368,35.06147748, 2001 CURTAIN POLE RD
-85.25591403,35.07770884, 1508 WISDOM ST
-85.26705307,35.05843533, 1618 SHOLAR AVE
-85.25716842,35.06492277, 2002 CRUTCHFIELD ST
-85.26565623,35.05113459, 1904 LAURA ST
-85.25108974,35.07279585, 3008 CURTIS ST
-85.25561416,35.05428953, 2411 OCOEE ST
-85.25098938,35.06358743, 2306 WHEELER AVE
-85.26042472,35.07706974, 3111 FREEMAN AVE
-85.26657289,35.08079456, 3137 RIVER CENTRE RD
-85.244874,35.08424101, 3885 N  HAWTHORNE ST
-85.2621377,35.07310429, 2718 BENTON AVE
-85.2360993,35.09685336, 4563 AMNICOLA HWY
-85.22763512,35.0650881, 2804 TUNNEL BLVD
-85.27313202,35.05409347, 1203 N  HOLTZCLAW AVE
-85.26475705,35.07047688, 1223 LATTA ST
-85.2254869,35.04762153, 3853 CONAHANEY TRL
-85.24963282,35.08259397, 3544 N  HAWTHORNE ST
-85.28196404,35.05563538, 1493 RIVERSIDE DR
-85.25197768,35.06558668, 2436 TAYLOR ST
-85.23844932,35.08165023, 2420 HARRISON PIKE
-85.25135655,35.05974747, 2055 MUSEUM ST
-85.25126726,35.05973593, 2059 MUSEUM ST
-85.25124723,35.05976123, 2063 MUSEUM ST
-85.25142214,35.05961747, 2045 MUSEUM ST
-85.25138966,35.05951273, 2037 MUSEUM ST
-85.25141219,35.05948439, 2033 MUSEUM ST
-85.25102228,35.05916839, 2022 MUSEUM ST
-85.25049056,35.06022225, 2104 MUSEUM ST
-85.2797198,35.05813057, 1521 RIVERSIDE DR
-85.2621678,35.04555788, 892 ARLINGTON AVE
-85.23432918,35.08975932, 4183 PINE ST
-85.21754486,35.08344047, 4210 BENTON DR
-85.21493915,35.0832679, 4230 BENTON DR
-85.23727815,35.07305938, 2925 NEW YORK AVE
-85.21563633,35.08282864, 4224 BENTON DR
-85.26337718,35.09130976, 95 LOST MOUND DR
-85.21566284,35.08597866, 4073 S  ACCESS RD
-85.24413467,35.09958179, 4325 AMNICOLA HWY
-85.26369207,35.0559394, 1602 N  ORCHARD KNOB AVE
-85.25561722,35.05279389, 1598 N  CHAMBERLAIN AVE
-85.22309349,35.05408461, 3704 MCCOOL DR
-85.25297644,35.07355547, 3009 ROANOKE AVE
-85.2739038,35.06239807, 2092 AMNICOLA HWY
-85.28801633,35.05365061, 1001 RIVERSIDE DR
-85.26582854,35.05955007, 1607 OLIVE ST
-85.26000889,35.05604517, 1700 STANFIEL ST
-85.25995782,35.05616592, 1702 STANFIEL ST
-85.2598157,35.05634351, 1704 STANFIEL ST
-85.25970306,35.05629741, 1706 STANFIEL ST
-85.26675697,35.05761615, 1607 CAMDEN ST
-85.23225447,35.08358179, 2633 BOYCE ST
-85.22620312,35.0820198, 3104 GRANADA ST
-85.24288531,35.07059861, 3052 CAMPBELL ST
-85.24270958,35.07077743, 3100 CAMPBELL ST
-85.23497573,35.08957068, 2511 N  WILDER ST
-85.23429041,35.08879491, 4106 PINE ST
-85.23490768,35.08906558, 2516 N  WILDER ST
-85.21460314,35.08142634, 4027 S  ACCESS RD
-85.21287804,35.08415893, 4064 S  ACCESS RD
-85.20956883,35.08371888, 4279 BENTON DR
-85.26793465,35.05307861, 1724 WILSON ST
-85.26802477,35.05284334, 1213 SHERIDAN AVE
-85.27040716,35.05102499, 1003 N  HICKORY ST
-85.22000812,35.07398785, 3639 FAITH RD
-85.22005691,35.07445175, 3641 FAITH RD
-85.22043086,35.07389206, 3645 FAITH RD
-85.26167162,35.05842901, 1811 ROANOKE AVE
-85.22172457,35.07301055, 3698 FAITH RD
-85.2625936,35.09040282, 51 LOST MOUND DR
-85.26137076,35.09146899, 51 LOST MOUND DR
-85.2618497,35.09125039, 51 LOST MOUND DR
-85.26233892,35.09104038, 51 LOST MOUND DR
-85.26255284,35.0908299, 51 LOST MOUND DR
-85.24892539,35.06619254, 2601 N  CHAMBERLAIN AVE
-85.264581,35.07962832, 3204 AMNICOLA HWY
-85.24584238,35.07544414, 2317 ALLIN ST
-85.26239155,35.05380873, 1420 BRADT ST
-85.26236856,35.05386408, 1422 BRADT ST
-85.26223782,35.05404783, 1446 BRADT ST
-85.26220361,35.05410002, 1448 BRADT ST
-85.26254794,35.05436745, 1507 BRADT ST
-85.26251386,35.05440577, 1509 BRADT ST
-85.26248096,35.05449511, 1521 BRADT ST
-85.26245248,35.054535, 1523 BRADT ST
-85.26240332,35.05461491, 1537 BRADT ST
-85.26237861,35.05465175, 1539 BRADT ST
-85.21771056,35.08541539, 4120 MAPLE TERRACE LN
-85.21821675,35.08560136, 4116 MAPLE TERRACE LN
-85.21815667,35.08557832, 4116 MAPLE TERRACE LN
-85.21809811,35.08555101, 4116 MAPLE TERRACE LN
-85.21804837,35.08553538, 4116 MAPLE TERRACE LN
-85.2616398,35.05323368, 2279 WILCOX BLVD
-85.25854527,35.05280308, 1503 ARLINGTON AVE
-85.26712375,35.06994604, 1150 LATTA ST
-85.26376059,35.05872553, 1801 OLIVE ST
-85.26375397,35.0588335, 1809 N  HAWTHORNE ST
-85.26394186,35.05842035, 1800 OLIVE ST
-85.26364123,35.05868504, 1813 OLIVE ST
-85.26360197,35.05866937, 1815 OLIVE ST
-85.26333061,35.05819761, 1836 OLIVE ST
-85.26332993,35.05854313, 1829 OLIVE ST
-85.26342543,35.05872057, 1821 OLIVE ST
-85.26311864,35.05861529, 1837 OLIVE ST
-85.26380046,35.05839742, 1812 OLIVE ST
-85.26375929,35.05838482, 1814 OLIVE ST
-85.26364158,35.05834549, 1820 OLIVE ST
-85.26359487,35.0583236, 1822 OLIVE ST
-85.26349175,35.05828788, 1828 OLIVE ST
-85.26345062,35.05827065, 1830 OLIVE ST
-85.25738156,35.04173728, 2707 CITICO AVE
-85.26162944,35.05177884, 1305 DODSON AVE
-85.26203631,35.08142428, 3420 AMNICOLA HWY
-85.23768276,35.08301206, 3918 GRACE AVE
-85.25569474,35.0556799, 1803 WHEELER AVE
-85.24763182,35.07735852, 3503 DODSON AVE
-85.24759948,35.07740482, 3505 DODSON AVE
-85.24737862,35.07775528, 3507 DODSON AVE
-85.21365331,35.08068374, 4274 BONNY OAKS DR
-85.24471295,35.08004133, 3585 DODSON AVE
-85.2445192,35.08027446, 3591 DODSON AVE
-85.24545742,35.07930321, 3543 DODSON AVE
-85.24532679,35.07939066, 3553 DODSON AVE
-85.24478463,35.07990205, 3579 DODSON AVE
-85.24497379,35.07967623, 3567 DODSON AVE
-85.24489566,35.07978814, 3573 DODSON AVE
-85.25324147,35.0713992, 2008 CUSHMAN ST
-85.24515533,35.0795363, 3559 DODSON AVE
-85.22966565,35.0584587, 2321 NIMITZ ST
-85.22958611,35.05860144, 2327 NIMITZ ST
-85.22992457,35.05877391, 2322 TUNNEL BLVD
-85.25911139,35.05527714, 1668 DODSON AVE
-85.23025375,35.08198934, 4043 DENHAM RD
-85.23012437,35.08186688, 4041 DENHAM RD
-85.23064547,35.08133511, 2803 ADDISON RD
-85.23057818,35.08154574, 2801 ADDISON RD
-85.23040271,35.08123695, 2807 ADDISON RD
-85.23011657,35.08112421, 2813 ADDISON RD
-85.230748,35.08273598, 2747 HARRISON PIKE
-85.24755547,35.07783704, 3509 DODSON AVE
-85.24766317,35.07782195, 2163 SIMS ST
-85.2459671,35.06702106, 2626 ANDREWS ST
-85.24651089,35.07786403, 3508 DODSON AVE
-85.24662054,35.07790571, 3506 DODSON AVE
-85.24643256,35.07801698, 3512 DODSON AVE
-85.2465388,35.07805582, 3510 DODSON AVE
-85.24860475,35.06540324, 2508 GLASS ST
-85.2772739,35.05691001, 1556 RIVERSIDE DR
-85.25410672,35.07043546, 2010 BACHMAN ST
-85.25413965,35.07037947, 2012 BACHMAN ST
-85.25420115,35.0702748, 2718 ROANOKE AVE
-85.2534227,35.09508256, 4051 AMNICOLA HWY
-85.25389821,35.0702527, 2026 BACHMAN ST
-85.22175261,35.08640864, 4105 BIBLE LN
-85.22204409,35.08636335, 4112 BIBLE LN
-85.22266938,35.08647971, 4120 BIBLE LN
-85.22306618,35.08581476, 4134 BIBLE LN
-85.24645174,35.06512432, 2401 HARLEY ST
-85.20954037,35.07517092, 4072 ALEXIS CIR
-85.20931026,35.07523597, 4080 ALEXIS CIR
-85.20892048,35.07600243, 3981 ALEXIS CIR
-85.20885355,35.07582609, 3989 ALEXIS CIR
-85.21124465,35.07573056, 4008 ALEXIS CIR
-85.21106023,35.07566804, 4016 ALEXIS CIR
-85.21085863,35.07560435, 4024 ALEXIS CIR
-85.2106402,35.07551418, 4032 ALEXIS CIR
-85.26608372,35.07397887, 2701 BELLE ARBOR AVE
-85.25454291,35.06981787, 2704 ROANOKE AVE
-85.24679096,35.0654332, 2413 HARLEY ST
-85.25363082,35.07022199, 2790 ORTON ST
-85.26110996,35.043974, 817 N  CHAMBERLAIN AVE
-85.24623364,35.0728925, 3118 WHEELER AVE
-85.24290081,35.05996328, 2303 GREENWOOD RD
-85.25328806,35.06901494, 2700 CURTIS ST
-85.25298371,35.06890242, 2701 BROWNS ALY
-85.23316114,35.05129462, 3536 COTTONWOOD LN
-85.28080836,35.05664623, 1501 RIVERSIDE DR
-85.25701374,35.07828231, 3215 RIVERSIDE DR
-85.22175062,35.085286, 4141 BIBLE LN
-85.26289011,35.05598492, 1607 ROANOKE AVE
-85.26344769,35.05622262, 1610 N  ORCHARD KNOB AVE
-85.26279461,35.056097, 1609 ROANOKE AVE
-85.24631088,35.07062406, 3001 N  CHAMBERLAIN AVE
-85.23106302,35.09049033, 2624 FOREST RD
-85.23148897,35.09063341, 2618 FOREST RD
-85.23248084,35.09093056, 2606 FOREST RD
-85.23285292,35.09125835, 2602 FOREST RD
-85.23268,35.09165113, 2603 FOREST RD
-85.22995199,35.08912373, 2715 FOREST RD
-85.22999038,35.08833966, 2726 FOREST RD
-85.23047044,35.08901383, 2716 FOREST RD
-85.22954411,35.08859415, 2727 FOREST RD
-85.22833516,35.08685224, 2753 FOREST RD
-85.22751434,35.0862201, 2759 FOREST RD
-85.21340585,35.08206483, 4036 S  ACCESS RD
-85.23153474,35.09125739, 2609 FOREST RD
-85.22860483,35.08626167, 2756 FOREST RD
-85.2284958,35.08614497, 2762 FOREST RD
-85.2349907,35.08628716, 2647 WATERHAVEN DR
-85.23445518,35.08583554, 2655 WATERHAVEN DR
-85.2351523,35.08502722, 2626 WATERHAVEN DR
-85.22972031,35.08799981, 4199 FOREST ACRES LN
-85.22990188,35.08788058, 4185 FOREST ACRES LN
-85.23065029,35.08749595, 4129 FOREST ACRES LN
-85.23072051,35.08732746, 4115 FOREST ACRES LN
-85.2305986,35.08713692, 4100 FOREST ACRES LN
-85.26134729,35.07129844, 2610 WOOD AVE
-85.23630727,35.07295024, 3506 BONNY OAKS DR
-85.22948175,35.08762622, 2730 FOREST RD
-85.22935241,35.08738754, 2736 FOREST RD
-85.22938769,35.08744243, 2734 FOREST RD
-85.22912302,35.08695908, 2746 FOREST RD
-85.22918502,35.08707301, 2744 FOREST RD
-85.22920462,35.08698484, 2748 FOREST RD
-85.22261318,35.07252231, 3710 FAITH RD
-85.24033255,35.05641197, 3233 GENEAL LN
-85.23121726,35.08294446, 2737 HARRISON PIKE
-85.23123253,35.08268738, 2735 HARRISON PIKE
-85.23083752,35.08149176, 2747 ADDISON RD
-85.23134592,35.08204346, 2750 HARRISON PIKE
-85.23064058,35.08227691, 2766 HARRISON PIKE
-85.25599852,35.07002738, 2700 N  ORCHARD KNOB AVE
-85.2564685,35.06916624, 2604 N  ORCHARD KNOB AVE
-85.25669571,35.0697212, 2613 N  ORCHARD KNOB AVE
-85.25617769,35.0697719, 2636 N  ORCHARD KNOB AVE
-85.25660308,35.06986216, 2615 N  ORCHARD KNOB AVE
-85.25653833,35.06995575, 2617 N  ORCHARD KNOB AVE
-85.260995,35.07282448, 2713 WOOD AVE
-85.25912654,35.08633086, 903 MUELLER AVE
-85.21848448,35.08369236, 3103 QUIET CREEK TRL
-85.25635974,35.06931138, 2616 N  ORCHARD KNOB AVE
-85.25629439,35.06943571, 2622 N  ORCHARD KNOB AVE
-85.25623495,35.06955369, 2628 N  ORCHARD KNOB AVE
-85.25626921,35.06951257, 2626 N  ORCHARD KNOB AVE
-85.25632586,35.06938322, 2620 N  ORCHARD KNOB AVE
-85.25638102,35.06926998, 2614 N  ORCHARD KNOB AVE
-85.22875372,35.08743237, 2737 FOREST RD
-85.25344433,35.05688696, 2025 MAPLE HILLS WAY
-85.25339009,35.05687171, 2021 MAPLE HILLS WAY
-85.25333951,35.05685351, 2017 MAPLE HILLS WAY
-85.25329977,35.05683835, 2013 MAPLE HILLS WAY
-85.25324918,35.05682015, 2009 MAPLE HILLS WAY
-85.25319865,35.05679598, 2005 MAPLE HILLS WAY
-85.25314803,35.05678076, 2001 MAPLE HILLS WAY
-85.25310113,35.05675662, 1997 MAPLE HILLS WAY
-85.25301131,35.05671617, 1993 MAPLE HILLS WAY
-85.25296075,35.05669499, 1989 MAPLE HILLS WAY
-85.25291736,35.05668279, 1985 MAPLE HILLS WAY
-85.2528668,35.0566616, 1981 MAPLE HILLS WAY
-85.25282711,35.05664049, 1977 MAPLE HILLS WAY
-85.25277644,35.05663123, 1973 MAPLE HILLS WAY
-85.25282114,35.05650332, 1969 MAPLE HILLS WAY
-85.25283597,35.05646764, 1965 MAPLE HILLS WAY
-85.25307952,35.0560071, 1921 MAPLE HILLS WAY
-85.26778982,35.07378429, 2610 AMNICOLA HWY
-85.26761935,35.07399642, 2612 AMNICOLA HWY
-85.26756772,35.07363731, 2606 AMNICOLA HWY
-85.27207584,35.05451338, 1271 N  HOLTZCLAW AVE
-85.2726128,35.05423649, 1271 N  HOLTZCLAW AVE
-85.21829388,35.08360168, 3104 QUIET CREEK TRL
-85.2178857,35.08395673, 3131 QUIET CREEK TRL
-85.25186236,35.05605967, 1901 PEARL ST
-85.25190036,35.05826415, 2517 MCRAE ST
-85.25352564,35.05672557, 1952 ACER CIR
-85.25347871,35.05670441, 1948 ACER CIR
-85.25344259,35.05668928, 1944 ACER CIR
-85.25339569,35.05666513, 1940 ACER CIR
-85.25365301,35.05650307, 1968 ACER CIR
-85.25360608,35.05648191, 1964 ACER CIR
-85.25356997,35.05646677, 1960 ACER CIR
-85.25352306,35.05644263, 1956 ACER CIR
-85.25374189,35.05632957, 1984 ACER CIR
-85.25369495,35.0563084, 1980 ACER CIR
-85.25365884,35.05629327, 1976 ACER CIR
-85.25361194,35.05626913, 1972 ACER CIR
-85.25385868,35.05612095, 2000 ACER CIR
-85.25381175,35.05609979, 1996 ACER CIR
-85.25377564,35.05608466, 1992 ACER CIR
-85.25372873,35.05606052, 1988 ACER CIR
-85.25293706,35.05623705, 1941 MAPLE HILLS WAY
-85.25295923,35.05619247, 1937 MAPLE HILLS WAY
-85.25290966,35.05631249, 1949 MAPLE HILLS WAY
-85.25292455,35.05627085, 1945 MAPLE HILLS WAY
-85.25289353,35.05635507, 1953 MAPLE HILLS WAY
-85.25285799,35.05642029, 1961 MAPLE HILLS WAY
-85.25286914,35.05639055, 1957 MAPLE HILLS WAY
-85.25298872,35.056098, 1933 MAPLE HILLS WAY
-85.25300356,35.05606232, 1929 MAPLE HILLS WAY
-85.25301108,35.05603255, 1925 MAPLE HILLS WAY
-85.25313325,35.05583779, 1905 MAPLE HILLS WAY
-85.25315542,35.05579322, 1901 MAPLE HILLS WAY
-85.2531105,35.05592702, 1913 MAPLE HILLS WAY
-85.25312539,35.05588537, 1909 MAPLE HILLS WAY
-85.25308961,35.0559676, 1917 MAPLE HILLS WAY
-85.24969506,35.07387297, 3115 DODSON AVE
-85.22894669,35.0865444, 2752 FOREST RD
-85.24222358,35.08138126, 2320 HARRISON PIKE
-85.24200139,35.08157178, 2324 HARRISON PIKE
-85.24258317,35.08119546, 2316 HARRISON PIKE
-85.24276937,35.08102311, 2312 HARRISON PIKE
-85.2431891,35.08072881, 2300 HARRISON PIKE
-85.27277069,35.07058604, 600 RIVER TERMINAL RD
-85.26425852,35.08218201, 3411 AMNICOLA HWY
-85.26407501,35.08227312, 3413 AMNICOLA HWY
-85.26340136,35.08355566, 3459 AMNICOLA HWY
-85.24346976,35.08044008, 3596 DODSON AVE
-85.24180607,35.08256192, 3806 GRACE AVE
-85.24166274,35.08264698, 3808 GRACE AVE
-85.24256063,35.08253642, 3759 GRACE AVE
-85.2424245,35.08262745, 3771 GRACE AVE
-85.23959609,35.08357099, 3835 GRACE AVE
-85.23976694,35.08242714, 2416 HARRISON PIKE
-85.26366293,35.04637896, 909 DODSON AVE
-85.26367706,35.04659727, 911 DODSON AVE
-85.2304922,35.08216012, 2768 HARRISON PIKE
-85.23175736,35.08268336, 2715 HARRISON PIKE
-85.23145075,35.08252202, 2727 HARRISON PIKE
-85.23148221,35.08282815, 2721 HARRISON PIKE
-85.23180467,35.08238741, 2709 HARRISON PIKE
-85.22978502,35.08279421, 2771 HARRISON PIKE
-85.22959116,35.08206507, 4040 DENHAM RD
-85.22886774,35.08131295, 4020 DENHAM RD
-85.22786235,35.0826086, 2836 HARRISON PIKE
-85.22818703,35.08273768, 2838 HARRISON PIKE
-85.22755344,35.08244606, 4091 LOFTIS ST
-85.22764969,35.0822133, 4081 LOFTIS ST
-85.22689941,35.0820444, 4061 LOFTIS ST
-85.22727158,35.08161694, 4047 LOFTIS ST
-85.22914669,35.08442577, 2867 WATERHAVEN DR
-85.22977025,35.08457196, 2843 WATERHAVEN DR
-85.22893196,35.08438752, 2879 WATERHAVEN DR
-85.22832364,35.08443028, 2891 WATERHAVEN DR
-85.22953625,35.08453356, 2851 WATERHAVEN DR
-85.22930989,35.08448907, 2859 WATERHAVEN DR
-85.23030844,35.08472818, 2831 WATERHAVEN DR
-85.23164243,35.08491101, 2774 WATERHAVEN DR
-85.23056195,35.08475588, 2815 WATERHAVEN DR
-85.23080841,35.08482172, 2807 WATERHAVEN DR
-85.23097123,35.08494244, 2799 WATERHAVEN DR
-85.23112298,35.08506914, 2791 WATERHAVEN DR
-85.23130105,35.08520599, 2783 WATERHAVEN DR
-85.23146566,35.08531767, 2775 WATERHAVEN DR
-85.23229712,35.08554123, 2743 WATERHAVEN DR
-85.23306944,35.08572256, 2711 WATERHAVEN DR
-85.23248641,35.08559829, 2735 WATERHAVEN DR
-85.23285998,35.08563914, 2719 WATERHAVEN DR
-85.23265219,35.08560785, 2727 WATERHAVEN DR
-85.23325843,35.08574141, 2703 WATERHAVEN DR
-85.23344149,35.08576968, 2695 WATERHAVEN DR
-85.23363736,35.08580538, 2687 WATERHAVEN DR
-85.23382076,35.08585734, 2679 WATERHAVEN DR
-85.23405792,35.08585587, 2671 WATERHAVEN DR
-85.23303878,35.08527612, 2718 WATERHAVEN DR
-85.23325422,35.08529507, 2710 WATERHAVEN DR
-85.23284457,35.08523604, 2726 WATERHAVEN DR
-85.23179819,35.08501017, 2766 WATERHAVEN DR
-85.23256875,35.085197, 2734 WATERHAVEN DR
-85.23237426,35.08515684, 2742 WATERHAVEN DR
-85.23198828,35.08507194, 2758 WATERHAVEN DR
-85.23217985,35.08511454, 2750 WATERHAVEN DR
-85.23342141,35.08534561, 2702 WATERHAVEN DR
-85.23361596,35.08538576, 2694 WATERHAVEN DR
-85.23166256,35.08539786, 2767 WATERHAVEN DR
-85.23188656,35.08542493, 2759 WATERHAVEN DR
-85.23208267,35.08548774, 2751 WATERHAVEN DR
-85.23400104,35.08544671, 2678 WATERHAVEN DR
-85.23379123,35.08541568, 2686 WATERHAVEN DR
-85.23472657,35.08509641, 2642 WATERHAVEN DR
-85.23498843,35.08504216, 2634 WATERHAVEN DR
-85.23423121,35.08656049, 2663 WATERHAVEN DR
-85.23495551,35.08551286, 2639 WATERHAVEN DR
-85.23660425,35.08583705, 2300 WATERHAVEN DR
-85.23672816,35.08630157, 2312 WATERHAVEN DR
-85.23669968,35.08613739, 2308 WATERHAVEN DR
-85.23668185,35.08596212, 2304 WATERHAVEN DR
-85.23666376,35.08671671, 2320 WATERHAVEN DR
-85.23679694,35.08688033, 2324 WATERHAVEN DR
-85.23721881,35.0862092, 2311 WATERHAVEN DR
-85.23683613,35.08550645, 2600 WATERHAVEN DR
-85.23724814,35.0854593, 2572 WATERHAVEN DR
-85.23764859,35.08544889, 2560 WATERHAVEN DR
-85.23704981,35.08549146, 2578 WATERHAVEN DR
-85.23744815,35.08545405, 2566 WATERHAVEN DR
-85.23850629,35.08622379, 4118 SAFEHAVEN CT
-85.23831179,35.08624317, 4126 SAFEHAVEN CT
-85.23872004,35.08621339, 4110 SAFEHAVEN CT
-85.23807726,35.08627879, 4134 SAFEHAVEN CT
-85.2377381,35.08637998, 4142 SAFEHAVEN CT
-85.2372067,35.08638783, 2315 WATERHAVEN DR
-85.2382463,35.08543952, 2542 WATERHAVEN DR
-85.23904804,35.0854189, 2518 WATERHAVEN DR
-85.23864717,35.08542921, 2530 WATERHAVEN DR
-85.23804586,35.08544468, 2548 WATERHAVEN DR
-85.23844673,35.08543437, 2536 WATERHAVEN DR
-85.23924848,35.08541374, 2512 WATERHAVEN DR
-85.23884761,35.08542405, 2524 WATERHAVEN DR
-85.23784234,35.08544338, 2554 WATERHAVEN DR
-85.23941574,35.085431, 2506 WATERHAVEN DR
-85.23961618,35.08542584, 2500 WATERHAVEN DR
-85.2398767,35.08542302, 2496 WATERHAVEN DR
-85.24038996,35.08621876, 2472 WATERHAVEN DR
-85.24045677,35.08603967, 2476 WATERHAVEN DR
-85.24043316,35.08586481, 2480 WATERHAVEN DR
-85.24038384,35.08569917, 2484 WATERHAVEN DR
-85.24031899,35.08551747, 2488 WATERHAVEN DR
-85.24011328,35.08542952, 2492 WATERHAVEN DR
-85.24029549,35.0863817, 2468 WATERHAVEN DR
-85.24001794,35.08682061, 2456 WATERHAVEN DR
-85.24011044,35.0866743, 2460 WATERHAVEN DR
-85.23993034,35.08696889, 2452 WATERHAVEN DR
-85.24020296,35.08652801, 2464 WATERHAVEN DR
-85.23984289,35.08710098, 2448 WATERHAVEN DR
-85.2397467,35.08724738, 2444 WATERHAVEN DR
-85.23943302,35.08692053, 2447 WATERHAVEN DR
-85.23950759,35.08676073, 2451 WATERHAVEN DR
-85.23979658,35.08632416, 2463 WATERHAVEN DR
-85.23986785,35.08617278, 2467 WATERHAVEN DR
-85.23999129,35.08603464, 2477 WATERHAVEN DR
-85.23982242,35.08578841, 2489 WATERHAVEN DR
-85.23938718,35.08580335, 2505 WATERHAVEN DR
-85.23958762,35.08579821, 2499 WATERHAVEN DR
-85.23897946,35.08581337, 2517 WATERHAVEN DR
-85.23919386,35.08581627, 2511 WATERHAVEN DR
-85.2381852,35.08585366, 2541 WATERHAVEN DR
-85.23838493,35.08584852, 2535 WATERHAVEN DR
-85.23878641,35.08583098, 2523 WATERHAVEN DR
-85.23858573,35.0858297, 2529 WATERHAVEN DR
-85.23759336,35.08586544, 2559 WATERHAVEN DR
-85.23799423,35.08585516, 2547 WATERHAVEN DR
-85.23779379,35.08586032, 2553 WATERHAVEN DR
-85.23737314,35.08587862, 2565 WATERHAVEN DR
-85.2371276,35.08588491, 2571 WATERHAVEN DR
-85.23758145,35.08681827, 2337 WATERHAVEN DR
-85.23737444,35.08675529, 2331 WATERHAVEN DR
-85.23718301,35.08661023, 2319 WATERHAVEN DR
-85.23929224,35.08710532, 2441 WATERHAVEN DR
-85.23906237,35.08709622, 2431 WATERHAVEN DR
-85.23887492,35.08711619, 2425 WATERHAVEN DR
-85.23866804,35.0871078, 2419 WATERHAVEN DR
-85.2384658,35.08711556, 2415 WATERHAVEN DR
-85.23823276,35.08705453, 2407 WATERHAVEN DR
-85.23804713,35.08698068, 2403 WATERHAVEN DR
-85.2389567,35.08669882, 4109 SAFEHAVEN CT
-85.23869391,35.08677628, 4115 SAFEHAVEN CT
-85.23910572,35.08648492, 4101 SAFEHAVEN CT
-85.2389712,35.0862585, 4102 SAFEHAVEN CT
-85.23841896,35.0867017, 4125 SAFEHAVEN CT
-85.23815713,35.08670035, 4137 SAFEHAVEN CT
-85.23961853,35.08739329, 2440 WATERHAVEN DR
-85.23943676,35.08750702, 2436 WATERHAVEN DR
-85.23921351,35.08752846, 2432 WATERHAVEN DR
-85.23902808,35.08752967, 2428 WATERHAVEN DR
-85.23882818,35.08753786, 2424 WATERHAVEN DR
-85.23861162,35.08754329, 2420 WATERHAVEN DR
-85.23839975,35.08755268, 2416 WATERHAVEN DR
-85.23819393,35.08754225, 2412 WATERHAVEN DR
-85.23778497,35.08740136, 2404 WATERHAVEN DR
-85.2379709,35.08746401, 2408 WATERHAVEN DR
-85.23742074,35.08726319, 2340 WATERHAVEN DR
-85.23760574,35.08732739, 2400 WATERHAVEN DR
-85.23704872,35.08711196, 2332 WATERHAVEN DR
-85.23725468,35.08719313, 2336 WATERHAVEN DR
-85.23600411,35.08522829, 2620 WATERHAVEN DR
-85.24151868,35.07193599, 3208 CAMPBELL ST
-85.22050009,35.07277046, 3650 FAITH RD
-85.21876142,35.07595102, 3821 YOUNGSTOWN RD
-85.25208511,35.06928084, 2713 DODSON AVE
-85.2174512,35.0725573, 3749 YOUNGSTOWN RD
-85.2524351,35.06944063, 2730 BROWNS ALY
-85.2061892,35.07550852, 4428 BYRD AVE
-85.20631775,35.07525644, 3926 MOSS RD
-85.20589669,35.07515224, 4434 BYRD AVE
-85.24965451,35.08135773, 3500 N  HAWTHORNE ST
-85.2501025,35.0812239, 3500 N  HAWTHORNE ST
-85.25052131,35.08086, 3500 N  HAWTHORNE ST
-85.24951184,35.0800025, 3500 N  HAWTHORNE ST
-85.2641089,35.05887584, 1715 OLIVE ST
-85.22433375,35.0768208, 3214 LOOKAWAY TRL
-85.21212055,35.07860235, 3513 CADEN DR
-85.21228608,35.07871781, 3509 CADEN DR
-85.27221507,35.06323772, 2100 AMNICOLA HWY
-85.25665867,35.06099155, 2181 CURTIS ST
-85.25246738,35.06540778, 2419 TAYLOR ST
-85.25349882,35.09329214, 4000 AMNICOLA HWY
-85.22268178,35.08529189, 4148 BIBLE LN
-85.22147793,35.0852751, 4163 BIBLE LN
-85.22117658,35.08517124, 4175 BIBLE LN
-85.23970772,35.08646374, 2459 WATERHAVEN DR
-85.24966645,35.0706164, 2901 TAYLOR ST
-85.23960915,35.08661482, 2455 WATERHAVEN DR
-85.26653953,35.05306647, 1813 WILSON ST
-85.2638662,35.0515561, 2014 WILSON ST
-85.26200229,35.05087673, 2118 WILSON ST
-85.21079914,35.08513157, 4267 BENTON DR
-85.24161763,35.05702847, 1870 GREENWOOD RD
-85.2415781,35.05690993, 1860 GREENWOOD RD
-85.24148427,35.05679972, 1850 GREENWOOD RD
-85.2536494,35.05561817, 2506 GILBERT ST
-85.24503615,35.06748835, 2404 FROST ST
-85.25608267,35.06839035, 1912 APPLING ST
-85.25594247,35.06833761, 1914 APPLING ST
-85.2240026,35.07895333, 3970 BRYANT ST
-85.24090415,35.0534765, 1610 GREENWOOD RD
-85.22702057,35.05818515, 2400 LEANN CIR
-85.22693715,35.05811306, 3709 SUMTER AVE
-85.23382143,35.09069188, 4301 PINE ST
-85.26610502,35.06013715, 1808 SHOLAR AVE
-85.25591011,35.06746231, 2001 DAISY ST
-85.25572934,35.06739272, 2005 DAISY ST
-85.25536332,35.06725809, 2013 DAISY ST
-85.2551793,35.06719235, 2017 DAISY ST
-85.25551466,35.06727482, 2009 DAISY ST
-85.24572975,35.07172019, 2417 WILDER ST
-85.24569999,35.07177366, 2417 WILDER ST
-85.2574342,35.05770353, 2203 GILBERT ST
-85.25750637,35.05773976, 2201 GILBERT ST
-85.25595703,35.05677274, 2314 GILBERT ST
-85.25651612,35.05699233, 2306 GILBERT ST
-85.25665104,35.05741439, 2301 GILBERT ST
-85.25567416,35.05666869, 2318 GILBERT ST
-85.25589078,35.05716913, 2311 GILBERT ST
-85.25624489,35.05688346, 2310 GILBERT ST
-85.256361,35.0573085, 2305 GILBERT ST
-85.25608118,35.05718752, 2309 GILBERT ST
-85.2557248,35.0571159, 2313 GILBERT ST
-85.25727442,35.05727653, 1817 TAYLOR ST
-85.25657065,35.04554701, 1004 GLENWOOD DR
-85.25648094,35.04571052, 1008 GLENWOOD DR
-85.25655808,35.04559352, 1006 GLENWOOD DR
-85.25645204,35.04577357, 1010 GLENWOOD DR
-85.25713713,35.04626385, 1101 GLENWOOD DR
-85.24306678,35.05565353, 3056 DEE DR
-85.26582909,35.05280587, 1301 N  ORCHARD KNOB AVE
-85.2658673,35.05275125, 1823 WILSON ST
-85.23443123,35.08092138, 2623 HARRISON PIKE
-85.23539124,35.08131161, 3906 MEADOW LN
-85.23653578,35.08188181, 3907 MEADOW LN
-85.23546019,35.08201897, 3915 MEADOW LN
-85.23572368,35.08182526, 3911 MEADOW LN
-85.23449897,35.08194487, 3930 MEADOW LN
-85.23490047,35.08197049, 3924 MEADOW LN
-85.23714231,35.0808824, 2568 HARRISON PIKE
-85.23751628,35.08161872, 2547 HARRISON PIKE
-85.23720734,35.08217626, 3926 GRACE AVE
-85.23686855,35.08210364, 3930 GRACE AVE
-85.23476564,35.08258459, 4010 MEADOW LN
-85.2347432,35.08272959, 4014 MEADOW LN
-85.23462273,35.08287158, 4018 MEADOW LN
-85.23466247,35.08305334, 4022 MEADOW LN
-85.2272401,35.06746471, 3310 LIGHTFOOT MILL RD
-85.22611279,35.0676893, 3320 LIGHTFOOT MILL RD
-85.23425316,35.08190461, 3918 MEADOW LN
-85.2534014,35.05594112, 2515 GILBERT ST
-85.22677965,35.0691905, 2911 HIGGS ST
-85.25789488,35.07924028, 1387 WISDOM ST
-85.25720619,35.07888005, 1403 WISDOM ST
-85.25740914,35.07894958, 1401 WISDOM ST
-85.23456108,35.09093909, 2507 MAPLE ST
-85.23421222,35.09082667, 2511 MAPLE ST
-85.21464746,35.08009861, 4260 BONNY OAKS DR
-85.2146315,35.08051381, 4266 BONNY OAKS DR
-85.21429928,35.08043034, 4270 BONNY OAKS DR
-85.2139137,35.08048341, 4272 BONNY OAKS DR
-85.26619093,35.04653524, 2016 RAWLINGS ST
-85.26614005,35.04651814, 2018 RAWLINGS ST
-85.26179345,35.04390257, 822 WHEELER AVE
-85.27636249,35.07172988, 359 RIVER TERMINAL RD
-85.27131846,35.07060711, 700 RIVER TERMINAL RD
-85.26144823,35.04798489, 1103 ARLINGTON AVE
-85.23052682,35.0766176, 3821 BONNY OAKS DR
-85.230271,35.07688941, 3841 BONNY OAKS DR
-85.23039128,35.07674541, 3831 BONNY OAKS DR
-85.23010937,35.07704409, 3851 BONNY OAKS DR
-85.22984332,35.07737611, 3863 BONNY OAKS DR
-85.25171937,35.05880385, 2005 MUSEUM ST
-85.25149105,35.0587353, 2004 MUSEUM ST
-85.25628788,35.06063394, 2024 DODSON AVE
-85.26806679,35.05000838, 998 N  HAWTHORNE ST
-85.26800975,35.04998728, 1813 PORTLAND ST
-85.25409292,35.060587, 2339 INFANTRY RD
-85.25015821,35.06586021, 2508 WHEELER AVE
-85.25118796,35.0661776, 2505 O REAR ST
-85.25026353,35.06767585, 2306 FAIRLEIGH ST
-85.25138332,35.06741025, 2605 TAYLOR ST
-85.2531587,35.06721837, 2511 DODSON AVE
-85.25236531,35.06765071, 2602 DODSON AVE
-85.23516429,35.07058712, 3015 NEW YORK AVE
-85.23539565,35.0706611, 3003 NEW YORK AVE
-85.26984114,35.05380549, 1610 WILSON ST
-85.25067834,35.05556523, 2611 REVINGTON ST
-85.24169485,35.07171198, 3206 CAMPBELL ST
-85.27147784,35.05744937, 1564 WILCOX BLVD
-85.2554367,35.06026813, 2300 INFANTRY RD
-85.25459919,35.06005154, 2344 INFANTRY RD
-85.22343092,35.07676945, 3916 CHURCHILL RD
-85.26157966,35.07095456, 2602 WOOD AVE
-85.26152948,35.07111261, 2606 WOOD AVE
-85.26466344,35.05188981, 2000 WILSON ST
-85.26892705,35.06144705, 2008 RIVERSIDE DR
-85.22757019,35.0669613, 3306 LIGHTFOOT MILL RD
-85.25949604,35.05312587, 2203 MONROE ST
-85.25779346,35.04562318, 2675 ROBBINS ST
-85.26553684,35.08650979, 1120 JUDD RD
-85.25604344,35.04492592, 1010 MISSION AVE
-85.25596772,35.04507083, 1018 MISSION AVE
-85.25583462,35.04532797, 1034 MISSION AVE
-85.25589936,35.04519964, 1026 MISSION AVE
-85.25645778,35.04602153, 1014 GLENWOOD DR
-85.25645969,35.04633349, 1018 GLENWOOD DR
-85.25646685,35.0459518, 1012 GLENWOOD DR
-85.25646875,35.04626376, 1016 GLENWOOD DR
-85.25788378,35.04874103, 2486 LAURA ST
-85.25785914,35.04876611, 2484 LAURA ST
-85.25794644,35.04866077, 2490 LAURA ST
-85.2579712,35.04862364, 2492 LAURA ST
-85.25800257,35.04853515, 2496 LAURA ST
-85.25803633,35.04850382, 2498 LAURA ST
-85.26174148,35.05031864, 1200 DODSON AVE
-85.22976189,35.06264978, 2557 TUNNEL BLVD
-85.26123232,35.04579019, 903 WHEELER AVE
-85.26120056,35.04583865, 903 WHEELER AVE
-85.26116066,35.0459102, 905 WHEELER AVE
-85.26113064,35.04595866, 905 WHEELER AVE
-85.26085009,35.04647886, 915 WHEELER AVE
-85.26080231,35.04656584, 915 WHEELER AVE
-85.26072408,35.04669667, 917 WHEELER AVE
-85.26069029,35.04677517, 917 WHEELER AVE
-85.25666208,35.04091321, 2710 CITICO AVE
-85.25657897,35.04086977, 2712 CITICO AVE
-85.25639662,35.04080469, 2714 CITICO AVE
-85.25629957,35.04076402, 2716 CITICO AVE
-85.25717204,35.041077, 2702 CITICO AVE
-85.2298097,35.06152272, 2501 TUNNEL BLVD
-85.22963435,35.09449134, 4603 AMNICOLA HWY
-85.24114998,35.07123712, 14 MOON ST
-85.26320565,35.04874007, 1053 DODSON AVE
-85.2558201,35.04535575, 1036 MISSION AVE
-85.25565284,35.04550495, 1042 MISSION AVE
-85.23398452,35.08399429, 2609 BOYCE ST
-85.23024069,35.09558249, 4601 AMNICOLA HWY
-85.26937812,35.05605029, 1617 WILCOX BLVD
-85.25054207,35.09318705, 4111 S  CREEK RD
-85.25047831,35.0930082, 4113 S  CREEK RD
-85.25587601,35.0816612, 1369 WISDOM ST
-85.26802148,35.05855274, 1615 SHOLAR AVE
-85.25179819,35.07878376, 3402 N  HAWTHORNE ST
-85.25154749,35.07820421, 1815 ALLIN ST
-85.26518043,35.07861983, 3202 AMNICOLA HWY
-85.25947454,35.06649954, 1803 CRUTCHFIELD ST
-85.2677001,35.06986788, 2312 BELLE ARBOR AVE
-85.27012067,35.05928652, 1601 WILCOX BLVD
-85.22909459,35.06197743, 2541 TUNNEL BLVD
-85.26025728,35.06123281, 2225 ROANOKE AVE
-85.22532952,35.08117437, 4058 HOMER ST
-85.26537366,35.08532081, 1121 JUDD RD
-85.26557356,35.06932742, 1220 LATTA ST
-85.2553031,35.07681856, 1609 ELMENDORF ST
-85.25499455,35.07746102, 1606 WISDOM ST
-85.25076584,35.07963279, 3480 N  HAWTHORNE ST
-85.24593728,35.08698569, 4001 N  HAWTHORNE ST
-85.26849295,35.06902733, 1004 CRUTCHFIELD ST
-85.25095011,35.06053026, 2129 MUSEUM ST
-85.25269422,35.09744775, 4101 AMNICOLA HWY
-85.23894006,35.06133728, 2013 GREENWOOD RD
-85.26085338,35.07218313, 2706 WOOD AVE
-85.22741275,35.0528575, 3710 HEMINGWAY DR
-85.27207279,35.07423473, 2623 RIVERPORT RD
-85.27444587,35.05226541, 1108 N  HOLTZCLAW AVE
-85.26694936,35.0555017, 1720 NEWTON ST
-85.25470603,35.05352303, 2506 OCOEE ST
-85.25479254,35.05357604, 2502 OCOEE ST
-85.22167088,35.05106534, 3910 JUANDALE TRL
-85.26348949,35.06863717, 1424 LATTA ST
-85.28258728,35.05477649, 1490 RIVERSIDE DR
-85.25200544,35.09659986, 4079 AMNICOLA HWY
-85.25121884,35.0599989, 2073 MUSEUM ST
-85.25475229,35.0673399, 2507 CURTIS ST
-85.25478886,35.06727478, 2505 CURTIS ST
-85.2499927,35.07353323, 3103 DODSON AVE
-85.26431291,35.08188888, 3409 AMNICOLA HWY
-85.23432213,35.0833521, 2608 BOYCE ST
-85.24748208,35.07801945, 3511 DODSON AVE
-85.23336151,35.08327549, 2620 BOYCE ST
-85.263334,35.05286605, 1320 BRADT ST
-85.2600173,35.05533531, 2191 CAMDEN OAKS DR
-85.26100721,35.07149765, 2611 RIVERSIDE DR
-85.26517632,35.07434798, 2714 BELLE ARBOR AVE
-85.27221131,35.06548466, 2132 AMNICOLA HWY
-85.27197,35.06613217, 2134 AMNICOLA HWY
-85.26280707,35.08107709, 909 WISDOM ST
-85.25659223,35.04540502, 998 GLENWOOD DR
-85.25660866,35.04535385, 996 GLENWOOD DR
-85.25661973,35.04527296, 992 GLENWOOD DR
-85.25663471,35.04522178, 1005 MISSION AVE
-85.24503325,35.0675497, 2406 FROST ST
-85.25919051,35.0494277, 1231 WHEELER AVE
-85.25878242,35.04911259, 1228 WHEELER AVE
-85.25904171,35.04964602, 1237 WHEELER AVE
-85.2557893,35.05264732, 1518 N  CHAMBERLAIN AVE
-85.25867857,35.04939823, 1240 WHEELER AVE
-85.25967009,35.04855097, 1183 WHEELER AVE
-85.25874414,35.04926581, 1234 WHEELER AVE
-85.25952359,35.04871026, 1187 WHEELER AVE
-85.25883378,35.04902508, 1222 WHEELER AVE
-85.25852703,35.04963325, 1246 WHEELER AVE
-85.2589866,35.04977599, 1245 WHEELER AVE
-85.25925802,35.04926828, 1223 WHEELER AVE
-85.25947891,35.04879896, 1189 WHEELER AVE
-85.25922619,35.04932341, 1225 WHEELER AVE
-85.25901218,35.04970308, 1239 WHEELER AVE
-85.25896079,35.04982553, 2392 WILSON ST
-85.25885574,35.0489691, 1220 WHEELER AVE
-85.25567894,35.05266333, 1520 N  CHAMBERLAIN AVE
-85.25776925,35.0421464, 796 GLENWOOD DR
-85.25779729,35.04209291, 794 GLENWOOD DR
-85.25782185,35.04201633, 790 GLENWOOD DR
-85.25784559,35.04195805, 788 GLENWOOD DR
-85.22284341,35.08140327, 4078 GLENCOE ST
-85.26683552,35.06901071, 1105 CRUTCHFIELD ST
-85.23431889,35.07353185, 3510 MARPORT DR
-85.21918041,35.07350601, 3630 FAITH RD
-85.21931396,35.0735541, 3632 FAITH RD
-85.21902513,35.07404719, 3623 FAITH RD
-85.26415659,35.07848974, 3211 BELLE ARBOR AVE
-85.21499007,35.08449453, 4155 RANDOLPH CIR
-85.2477097,35.07589721, 3310 DODSON AVE
-85.24780027,35.07582862, 3308 DODSON AVE
-85.25851695,35.07411552, 2902 RIVERSIDE DR
-85.25798417,35.04184271, 2601 CITICO AVE
-85.25798417,35.04184271, 2601 CITICO AVE
-85.25798417,35.04184271, 2601 CITICO AVE
-85.25798417,35.04184271, 2601 CITICO AVE
-85.25798417,35.04184271, 2601 CITICO AVE
-85.25798417,35.04184271, 2601 CITICO AVE
-85.26593016,35.06864293, 1201 CRUTCHFIELD ST
-85.24753946,35.07786259, 3509 DODSON AVE
-85.24763208,35.07789002, 3509 DODSON AVE
-85.2414799,35.06658933, 2440 YORK ST
-85.2116563,35.08159182, 4287 BONNY OAKS DR
-85.25000177,35.06526155, 2435 GLASS ST
-85.24990751,35.06528669, 2437 GLASS ST
-85.24983606,35.06533656, 2439 GLASS ST
-85.24955872,35.06548175, 2445 GLASS ST
-85.2496144,35.06546586, 2443 GLASS ST
-85.22935234,35.08307192, 2841 HARRISON PIKE
-85.25688791,35.04142755, 2709 CITICO AVE
-85.25688791,35.04142755, 2709 CITICO AVE
-85.25688791,35.04142755, 2709 CITICO AVE
-85.25686902,35.04158913, 2709 CITICO AVE
-85.25686902,35.04158913, 2709 CITICO AVE
-85.25686902,35.04158913, 2709 CITICO AVE
-85.25700027,35.04150695, 2709 CITICO AVE
-85.25700027,35.04150695, 2709 CITICO AVE
-85.25700027,35.04150695, 2709 CITICO AVE
-85.25684401,35.04194977, 2709 CITICO AVE
-85.25684401,35.04194977, 2709 CITICO AVE
-85.25684401,35.04194977, 2709 CITICO AVE
-85.25687392,35.04210163, 2709 CITICO AVE
-85.25687392,35.04210163, 2709 CITICO AVE
-85.25687392,35.04210163, 2709 CITICO AVE
-85.2568096,35.04234435, 2709 CITICO AVE
-85.2568096,35.04234435, 2709 CITICO AVE
-85.2568096,35.04234435, 2709 CITICO AVE
-85.25689171,35.04249654, 2709 CITICO AVE
-85.25689171,35.04249654, 2709 CITICO AVE
-85.25689171,35.04249654, 2709 CITICO AVE
-85.25694321,35.04238382, 2709 CITICO AVE
-85.25694321,35.04238382, 2709 CITICO AVE
-85.25694321,35.04238382, 2709 CITICO AVE
-85.25689016,35.04267301, 2709 CITICO AVE
-85.25689016,35.04267301, 2709 CITICO AVE
-85.25689016,35.04267301, 2709 CITICO AVE
-85.25683467,35.04284151, 2709 CITICO AVE
-85.25683467,35.04284151, 2709 CITICO AVE
-85.25683467,35.04284151, 2709 CITICO AVE
-85.2569588,35.04277646, 2709 CITICO AVE
-85.2569588,35.04277646, 2709 CITICO AVE
-85.2569588,35.04277646, 2709 CITICO AVE
-85.25669062,35.0430415, 2709 CITICO AVE
-85.25669062,35.0430415, 2709 CITICO AVE
-85.25669062,35.0430415, 2709 CITICO AVE
-85.25662636,35.0432171, 2709 CITICO AVE
-85.25662636,35.0432171, 2709 CITICO AVE
-85.25662636,35.0432171, 2709 CITICO AVE
-85.25651818,35.04340462, 2709 CITICO AVE
-85.25651818,35.04340462, 2709 CITICO AVE
-85.25651818,35.04340462, 2709 CITICO AVE
-85.25643009,35.04352284, 2709 CITICO AVE
-85.25643009,35.04352284, 2709 CITICO AVE
-85.25643009,35.04352284, 2709 CITICO AVE
-85.25553275,35.04375188, 2709 CITICO AVE
-85.25553275,35.04375188, 2709 CITICO AVE
-85.25553275,35.04375188, 2709 CITICO AVE
-85.25535517,35.04382708, 2709 CITICO AVE
-85.25535517,35.04382708, 2709 CITICO AVE
-85.25535517,35.04382708, 2709 CITICO AVE
-85.25581701,35.04352171, 2709 CITICO AVE
-85.25581701,35.04352171, 2709 CITICO AVE
-85.25581701,35.04352171, 2709 CITICO AVE
-85.25570012,35.04361876, 2709 CITICO AVE
-85.25570012,35.04361876, 2709 CITICO AVE
-85.25570012,35.04361876, 2709 CITICO AVE
-85.25599336,35.04322025, 2709 CITICO AVE
-85.25599336,35.04322025, 2709 CITICO AVE
-85.25599336,35.04322025, 2709 CITICO AVE
-85.25591078,35.04336998, 2709 CITICO AVE
-85.25591078,35.04336998, 2709 CITICO AVE
-85.25591078,35.04336998, 2709 CITICO AVE
-85.25606202,35.04293039, 2709 CITICO AVE
-85.25606202,35.04293039, 2709 CITICO AVE
-85.25606202,35.04293039, 2709 CITICO AVE
-85.2560353,35.04305996, 2709 CITICO AVE
-85.2560353,35.04305996, 2709 CITICO AVE
-85.2560353,35.04305996, 2709 CITICO AVE
-85.25604307,35.04257678, 2709 CITICO AVE
-85.25604307,35.04257678, 2709 CITICO AVE
-85.25604307,35.04257678, 2709 CITICO AVE
-85.25606031,35.04271998, 2709 CITICO AVE
-85.25606031,35.04271998, 2709 CITICO AVE
-85.25606031,35.04271998, 2709 CITICO AVE
-85.25594782,35.04225075, 2709 CITICO AVE
-85.25594782,35.04225075, 2709 CITICO AVE
-85.25594782,35.04225075, 2709 CITICO AVE
-85.25598115,35.04240932, 2709 CITICO AVE
-85.25598115,35.04240932, 2709 CITICO AVE
-85.25598115,35.04240932, 2709 CITICO AVE
-85.25574482,35.04196688, 2709 CITICO AVE
-85.25574482,35.04196688, 2709 CITICO AVE
-85.25574482,35.04196688, 2709 CITICO AVE
-85.25589458,35.04207847, 2709 CITICO AVE
-85.25589458,35.04207847, 2709 CITICO AVE
-85.25589458,35.04207847, 2709 CITICO AVE
-85.25626629,35.04141539, 2709 CITICO AVE
-85.25626629,35.04141539, 2709 CITICO AVE
-85.25626629,35.04141539, 2709 CITICO AVE
-85.25613628,35.04155195, 2709 CITICO AVE
-85.25613628,35.04155195, 2709 CITICO AVE
-85.25613628,35.04155195, 2709 CITICO AVE
-85.25629304,35.04153289, 2709 CITICO AVE
-85.25629304,35.04153289, 2709 CITICO AVE
-85.25629304,35.04153289, 2709 CITICO AVE
-85.25627264,35.0411454, 2709 CITICO AVE
-85.25627264,35.0411454, 2709 CITICO AVE
-85.25627264,35.0411454, 2709 CITICO AVE
-85.25636889,35.04127383, 2709 CITICO AVE
-85.25636889,35.04127383, 2709 CITICO AVE
-85.25636889,35.04127383, 2709 CITICO AVE
-85.2564046,35.04117484, 2709 CITICO AVE
-85.2564046,35.04117484, 2709 CITICO AVE
-85.2564046,35.04117484, 2709 CITICO AVE
-85.25558971,35.04134918, 2709 CITICO AVE
-85.25558971,35.04134918, 2709 CITICO AVE
-85.25558971,35.04134918, 2709 CITICO AVE
-85.25551647,35.04149181, 2709 CITICO AVE
-85.25551647,35.04149181, 2709 CITICO AVE
-85.25551647,35.04149181, 2709 CITICO AVE
-85.25565137,35.0414545, 2709 CITICO AVE
-85.25565137,35.0414545, 2709 CITICO AVE
-85.25565137,35.0414545, 2709 CITICO AVE
-85.25562979,35.0410264, 2709 CITICO AVE
-85.25562979,35.0410264, 2709 CITICO AVE
-85.25562979,35.0410264, 2709 CITICO AVE
-85.255633,35.04118096, 2709 CITICO AVE
-85.255633,35.04118096, 2709 CITICO AVE
-85.255633,35.04118096, 2709 CITICO AVE
-85.25572654,35.04109951, 2709 CITICO AVE
-85.25572654,35.04109951, 2709 CITICO AVE
-85.25572654,35.04109951, 2709 CITICO AVE
-85.25493084,35.04073909, 2709 CITICO AVE
-85.25493084,35.04073909, 2709 CITICO AVE
-85.25493084,35.04073909, 2709 CITICO AVE
-85.25483733,35.04081673, 2709 CITICO AVE
-85.25483733,35.04081673, 2709 CITICO AVE
-85.25483733,35.04081673, 2709 CITICO AVE
-85.25484784,35.04068325, 2709 CITICO AVE
-85.25484784,35.04068325, 2709 CITICO AVE
-85.25484784,35.04068325, 2709 CITICO AVE
-85.25554861,35.04085093, 2709 CITICO AVE
-85.25554861,35.04085093, 2709 CITICO AVE
-85.25554861,35.04085093, 2709 CITICO AVE
-85.25542407,35.04077193, 2709 CITICO AVE
-85.25542407,35.04077193, 2709 CITICO AVE
-85.25542407,35.04077193, 2709 CITICO AVE
-85.25505361,35.04139444, 2709 CITICO AVE
-85.25505361,35.04139444, 2709 CITICO AVE
-85.25505361,35.04139444, 2709 CITICO AVE
-85.25510581,35.04126885, 2709 CITICO AVE
-85.25510581,35.04126885, 2709 CITICO AVE
-85.25510581,35.04126885, 2709 CITICO AVE
-85.25505063,35.04108267, 2709 CITICO AVE
-85.25505063,35.04108267, 2709 CITICO AVE
-85.25505063,35.04108267, 2709 CITICO AVE
-85.25495409,35.04098667, 2709 CITICO AVE
-85.25495409,35.04098667, 2709 CITICO AVE
-85.25495409,35.04098667, 2709 CITICO AVE
-85.25420487,35.09025243, 915 CREEKSIDE RD
-85.25401687,35.09116723, 909 CREEKSIDE RD
-85.25301633,35.06392495, 2301 CRUTCHFIELD ST
-85.24672337,35.07010455, 2911 N  CHAMBERLAIN AVE
-85.24772343,35.0701815, 2906 WHEELER AVE
-85.24657016,35.07016757, 2913 N  CHAMBERLAIN AVE
-85.24653088,35.0702244, 2915 N  CHAMBERLAIN AVE
-85.25727184,35.07538161, 1506 WILDER ST
-85.25208529,35.06526094, 2416 TAYLOR ST
-85.25213865,35.06518398, 2414 TAYLOR ST
-85.2682657,35.05244573, 1209 SHERIDAN AVE
-85.26824014,35.05250053, 1209 SHERIDAN AVE
-85.25007773,35.07288381, 3029 DODSON AVE
-85.2503567,35.07300462, 2114 WILDER ST
-85.25024083,35.07296629, 2116 WILDER ST
-85.26305668,35.04407864, 840 ARLINGTON AVE
-85.26302259,35.04411994, 842 ARLINGTON AVE
-85.26290614,35.04431838, 850 ARLINGTON AVE
-85.26288881,35.0443687, 852 ARLINGTON AVE
-85.26264783,35.04453914, 860 ARLINGTON AVE
-85.26275166,35.04456986, 858 ARLINGTON AVE
-85.26253641,35.04478908, 864 ARLINGTON AVE
-85.26262821,35.04484129, 866 ARLINGTON AVE
-85.2624872,35.04505231, 874 ARLINGTON AVE
-85.26245725,35.04509813, 876 ARLINGTON AVE
-85.26242188,35.04518575, 878 ARLINGTON AVE
-85.26239529,35.0452364, 880 ARLINGTON AVE
-85.26234762,35.04530685, 882 ARLINGTON AVE
-85.2623133,35.04535237, 884 ARLINGTON AVE
-85.26227763,35.04543324, 886 ARLINGTON AVE
-85.26224809,35.04547676, 888 ARLINGTON AVE
-85.26212609,35.04570832, 2368 MILNE ST
-85.26200019,35.04566657, 2372 MILNE ST
-85.2632417,35.04459731, 853 ARLINGTON AVE
-85.26322347,35.04464531, 855 ARLINGTON AVE
-85.26317617,35.04473271, 859 ARLINGTON AVE
-85.26297773,35.04511119, 869 ARLINGTON AVE
-85.26282506,35.045489, 883 ARLINGTON AVE
-85.26280728,35.04553846, 885 ARLINGTON AVE
-85.26275483,35.04561431, 889 ARLINGTON AVE
-85.26273198,35.04566001, 891 ARLINGTON AVE
-85.26148902,35.04328464, 809 N  CHAMBERLAIN AVE
-85.26074812,35.0503807, 2300 WILSON ST
-85.26112361,35.05017465, 2300 WILSON ST
-85.26097676,35.05043221, 2300 WILSON ST
-85.26118042,35.04998898, 2300 WILSON ST
-85.26112955,35.04974534, 2300 WILSON ST
-85.26050317,35.04955121, 2300 WILSON ST
-85.26029295,35.04951556, 2300 WILSON ST
-85.26071194,35.04929317, 2300 WILSON ST
-85.26049526,35.04920359, 2300 WILSON ST
-85.2611824,35.0492151, 2300 WILSON ST
-85.26121702,35.04904504, 2300 WILSON ST
-85.26119649,35.04877247, 2300 WILSON ST
-85.26130392,35.0486329, 2300 WILSON ST
-85.26136839,35.04824757, 1105 ARLINGTON AVE
-85.26116466,35.04832679, 1105 ARLINGTON AVE
-85.26097676,35.05043221, 2300 WILSON ST
-85.26097676,35.05043221, 2300 WILSON ST
-85.26097676,35.05043221, 2300 WILSON ST
-85.26097676,35.05043221, 2300 WILSON ST
-85.26097676,35.05043221, 2300 WILSON ST
-85.26074812,35.0503807, 2300 WILSON ST
-85.26074812,35.0503807, 2300 WILSON ST
-85.26074812,35.0503807, 2300 WILSON ST
-85.26074812,35.0503807, 2300 WILSON ST
-85.26074812,35.0503807, 2300 WILSON ST
-85.26074812,35.0503807, 2300 WILSON ST
-85.26118042,35.04998898, 2300 WILSON ST
-85.26118042,35.04998898, 2300 WILSON ST
-85.26118042,35.04998898, 2300 WILSON ST
-85.26118042,35.04998898, 2300 WILSON ST
-85.26118042,35.04998898, 2300 WILSON ST
-85.26112361,35.05017465, 2300 WILSON ST
-85.26112361,35.05017465, 2300 WILSON ST
-85.26112361,35.05017465, 2300 WILSON ST
-85.26112361,35.05017465, 2300 WILSON ST
-85.26112361,35.05017465, 2300 WILSON ST
-85.26112361,35.05017465, 2300 WILSON ST
-85.26112955,35.04974534, 2300 WILSON ST
-85.26112955,35.04974534, 2300 WILSON ST
-85.26112955,35.04974534, 2300 WILSON ST
-85.26112955,35.04974534, 2300 WILSON ST
-85.26112955,35.04974534, 2300 WILSON ST
-85.26112955,35.04974534, 2300 WILSON ST
-85.26089817,35.04967713, 2300 WILSON ST
-85.26089817,35.04967713, 2300 WILSON ST
-85.26089817,35.04967713, 2300 WILSON ST
-85.26089817,35.04967713, 2300 WILSON ST
-85.26089817,35.04967713, 2300 WILSON ST
-85.26089817,35.04967713, 2300 WILSON ST
-85.26050317,35.04955121, 2300 WILSON ST
-85.26050317,35.04955121, 2300 WILSON ST
-85.26050317,35.04955121, 2300 WILSON ST
-85.26050317,35.04955121, 2300 WILSON ST
-85.26050317,35.04955121, 2300 WILSON ST
-85.26050317,35.04955121, 2300 WILSON ST
-85.26050317,35.04955121, 2300 WILSON ST
-85.26029295,35.04951556, 2300 WILSON ST
-85.26029295,35.04951556, 2300 WILSON ST
-85.26029295,35.04951556, 2300 WILSON ST
-85.26029295,35.04951556, 2300 WILSON ST
-85.26029295,35.04951556, 2300 WILSON ST
-85.26071194,35.04929317, 2300 WILSON ST
-85.26071194,35.04929317, 2300 WILSON ST
-85.26071194,35.04929317, 2300 WILSON ST
-85.26071194,35.04929317, 2300 WILSON ST
-85.26071194,35.04929317, 2300 WILSON ST
-85.26071194,35.04929317, 2300 WILSON ST
-85.26071194,35.04929317, 2300 WILSON ST
-85.26049526,35.04920359, 2300 WILSON ST
-85.26049526,35.04920359, 2300 WILSON ST
-85.26049526,35.04920359, 2300 WILSON ST
-85.26049526,35.04920359, 2300 WILSON ST
-85.26049526,35.04920359, 2300 WILSON ST
-85.26049526,35.04920359, 2300 WILSON ST
-85.2611824,35.0492151, 2300 WILSON ST
-85.2611824,35.0492151, 2300 WILSON ST
-85.2611824,35.0492151, 2300 WILSON ST
-85.2611824,35.0492151, 2300 WILSON ST
-85.2611824,35.0492151, 2300 WILSON ST
-85.2611824,35.0492151, 2300 WILSON ST
-85.2611824,35.0492151, 2300 WILSON ST
-85.2611824,35.0492151, 2300 WILSON ST
-85.26121702,35.04904504, 2300 WILSON ST
-85.26121702,35.04904504, 2300 WILSON ST
-85.26121702,35.04904504, 2300 WILSON ST
-85.26121702,35.04904504, 2300 WILSON ST
-85.26121702,35.04904504, 2300 WILSON ST
-85.26119649,35.04877247, 2300 WILSON ST
-85.26119649,35.04877247, 2300 WILSON ST
-85.26119649,35.04877247, 2300 WILSON ST
-85.26119649,35.04877247, 2300 WILSON ST
-85.26119649,35.04877247, 2300 WILSON ST
-85.26119649,35.04877247, 2300 WILSON ST
-85.26119649,35.04877247, 2300 WILSON ST
-85.26130392,35.0486329, 2300 WILSON ST
-85.26130392,35.0486329, 2300 WILSON ST
-85.26130392,35.0486329, 2300 WILSON ST
-85.26130392,35.0486329, 2300 WILSON ST
-85.26130392,35.0486329, 2300 WILSON ST
-85.26089101,35.04861028, 2300 WILSON ST
-85.26089101,35.04861028, 2300 WILSON ST
-85.26089101,35.04861028, 2300 WILSON ST
-85.26089101,35.04861028, 2300 WILSON ST
-85.26089101,35.04861028, 2300 WILSON ST
-85.26089101,35.04861028, 2300 WILSON ST
-85.26089101,35.04861028, 2300 WILSON ST
-85.26089101,35.04861028, 2300 WILSON ST
-85.26089101,35.04861028, 2300 WILSON ST
-85.26089101,35.04861028, 2300 WILSON ST
-85.26116466,35.04832679, 1105 ARLINGTON AVE
-85.26116466,35.04832679, 1105 ARLINGTON AVE
-85.26116466,35.04832679, 1105 ARLINGTON AVE
-85.26116466,35.04832679, 1105 ARLINGTON AVE
-85.26116466,35.04832679, 1105 ARLINGTON AVE
-85.26136839,35.04824757, 1105 ARLINGTON AVE
-85.26136839,35.04824757, 1105 ARLINGTON AVE
-85.26136839,35.04824757, 1105 ARLINGTON AVE
-85.26136839,35.04824757, 1105 ARLINGTON AVE
-85.26136839,35.04824757, 1105 ARLINGTON AVE
-85.26136839,35.04824757, 1105 ARLINGTON AVE
-85.26144823,35.04798489, 1103 ARLINGTON AVE
-85.26144823,35.04798489, 1103 ARLINGTON AVE
-85.26144823,35.04798489, 1103 ARLINGTON AVE
-85.26144823,35.04798489, 1103 ARLINGTON AVE
-85.26144823,35.04798489, 1103 ARLINGTON AVE
-85.2614312,35.04750209, 1101 ARLINGTON AVE
-85.2614312,35.04750209, 1101 ARLINGTON AVE
-85.2614312,35.04750209, 1101 ARLINGTON AVE
-85.2614312,35.04750209, 1101 ARLINGTON AVE
-85.2614312,35.04750209, 1101 ARLINGTON AVE
-85.26151056,35.04770291, 1101 ARLINGTON AVE
-85.2614312,35.04750209, 1101 ARLINGTON AVE
-85.26151056,35.04770291, 1101 ARLINGTON AVE
-85.26151056,35.04770291, 1101 ARLINGTON AVE
-85.26151056,35.04770291, 1101 ARLINGTON AVE
-85.26151056,35.04770291, 1101 ARLINGTON AVE
-85.26151056,35.04770291, 1101 ARLINGTON AVE
-85.26029295,35.04951556, 2300 WILSON ST
-85.26130392,35.0486329, 2300 WILSON ST
-85.26748369,35.07237979, 900 APPLING ST
-85.2669671,35.07231964, 906 APPLING ST
-85.23741757,35.0906442, 2413 N  WILDER ST
-85.23742155,35.08992413, 2424 N  WILDER ST
-85.26868125,35.07045012, 1000 LATTA ST
-85.24172553,35.07245257, 3215 CAMPBELL ST
-85.25096487,35.07154023, 2911 DODSON AVE
-85.25099869,35.07147468, 2909 DODSON AVE
-85.26615559,35.07878536, 3001 AMNICOLA HWY
-85.26070024,35.04474283, 869 N  CHAMBERLAIN AVE
-85.26063654,35.04486423, 875 N  CHAMBERLAIN AVE
-85.25915159,35.04638551, 950 N  CHAMBERLAIN AVE
-85.26067642,35.04383762, 856 N  CHAMBERLAIN AVE
-85.23176807,35.06856994, 3177 NEW YORK AVE
-85.24960631,35.05484027, 2820 OCOEE ST
-85.25541095,35.07623942, 3113 N  HICKORY ST
-85.28114498,35.0553004, 1516 RIVERSIDE DR
-85.26531819,35.04914152, 2012 PORTLAND ST
-85.2652405,35.04911492, 2012 PORTLAND ST
-85.26501454,35.04902514, 2016 PORTLAND ST
-85.26493899,35.04899588, 2016 PORTLAND ST
-85.2652468,35.04959805, 2009 PORTLAND ST
-85.26517685,35.0495725, 2009 PORTLAND ST
-85.23070049,35.06768265, 3238 LIGHTFOOT MILL RD
-85.26489512,35.05450007, 1405 N  ORCHARD KNOB AVE
-85.26794239,35.07284638, 826 APPLING ST
-85.27085613,35.0817351, 1 RIVERSIDE LN
-85.2709957,35.08375119, 6 RIVERSIDE LN
-85.27245678,35.07633183, 2641 RIVERPORT RD
-85.23362556,35.08371446, 2619 BOYCE ST
-85.2334816,35.0842072, 2619 BOYCE ST
-85.23333419,35.08414901, 2619 BOYCE ST
-85.23317764,35.08413608, 2619 BOYCE ST
-85.23299505,35.08411582, 2619 BOYCE ST
-85.23299376,35.08394649, 2619 BOYCE ST
-85.23306802,35.08376572, 2619 BOYCE ST
-85.23309015,35.08357507, 2619 BOYCE ST
-85.23332764,35.08392241, 2619 BOYCE ST
-85.23325134,35.08370966, 2619 BOYCE ST
-85.23336965,35.0830299, 2620 BOYCE ST
-85.23346771,35.08278728, 2620 BOYCE ST
-85.23352195,35.08257537, 2620 BOYCE ST
-85.23373214,35.0824384, 2620 BOYCE ST
-85.23363863,35.08311749, 2620 BOYCE ST
-85.23377418,35.08289895, 2620 BOYCE ST
-85.23381706,35.08266074, 2620 BOYCE ST
-85.23360504,35.08329375, 2620 BOYCE ST
-85.23303149,35.08319944, 2620 BOYCE ST
-85.23309777,35.0829423, 2620 BOYCE ST
-85.23309094,35.08304957, 2620 BOYCE ST
-85.2331339,35.08280421, 2620 BOYCE ST
-85.2331822,35.08260657, 2620 BOYCE ST
-85.23320061,35.08250176, 2620 BOYCE ST
-85.23323364,35.08238511, 2620 BOYCE ST
-85.23329951,35.0821709, 2620 BOYCE ST
-85.23332947,35.08207092, 2620 BOYCE ST
-85.23330717,35.08197538, 2620 BOYCE ST
-85.23335166,35.08187312, 2620 BOYCE ST
-85.2334079,35.08175663, 2620 BOYCE ST
-85.26596845,35.07287363, 2604 BELLE ARBOR AVE
-85.25376969,35.06248506, 2106 TAYLOR ST
-85.25383167,35.06236954, 2104 TAYLOR ST
-85.25389903,35.06223689, 2102 TAYLOR ST
-85.25395938,35.06210992, 2100 TAYLOR ST
-85.2519278,35.0570898, 2522 MCRAE ST
-85.25940189,35.05690428, 1720 STANFIEL ST
-85.25957777,35.05672802, 1716 STANFIEL ST
-85.25988834,35.05688462, 1715 STANFIEL ST
-85.22416347,35.07724634, 3213 LOOKAWAY TRL
-85.25770977,35.06309027, 2121 GLASS ST
-85.25666298,35.05092519, 1400 N  CHAMBERLAIN AVE
-85.25690459,35.05038318, 1400 N  CHAMBERLAIN AVE
-85.25679015,35.05065792, 1400 N  CHAMBERLAIN AVE
-85.25703136,35.05009636, 1400 N  CHAMBERLAIN AVE
-85.2566996,35.05085339, 1400 N  CHAMBERLAIN AVE
-85.25693483,35.05031182, 1400 N  CHAMBERLAIN AVE
-85.25699867,35.05018201, 1400 N  CHAMBERLAIN AVE
-85.25671204,35.05082533, 1400 N  CHAMBERLAIN AVE
-85.25695257,35.05027473, 1400 N  CHAMBERLAIN AVE
-85.25662704,35.05098506, 1400 N  CHAMBERLAIN AVE
-85.25686919,35.05044735, 1400 N  CHAMBERLAIN AVE
-85.25676274,35.05073741, 1400 N  CHAMBERLAIN AVE
-85.25706952,35.05004651, 1400 N  CHAMBERLAIN AVE
-85.25677825,35.05069076, 1400 N  CHAMBERLAIN AVE
-85.25667311,35.05089568, 1400 N  CHAMBERLAIN AVE
-85.2570165,35.0501349, 1400 N  CHAMBERLAIN AVE
-85.2566505,35.05095802, 1400 N  CHAMBERLAIN AVE
-85.25691532,35.05035177, 1400 N  CHAMBERLAIN AVE
-85.25683769,35.05059765, 1400 N  CHAMBERLAIN AVE
-85.25660761,35.0510169, 1400 N  CHAMBERLAIN AVE
-85.25685154,35.05047443, 1400 N  CHAMBERLAIN AVE
-85.25673909,35.05078591, 1400 N  CHAMBERLAIN AVE
-85.25697733,35.05023196, 1400 N  CHAMBERLAIN AVE
-85.25688858,35.05042028, 1400 N  CHAMBERLAIN AVE
-85.2561511,35.05070687, 1400 N  CHAMBERLAIN AVE
-85.2561511,35.05070687, 1400 N  CHAMBERLAIN AVE
-85.2561511,35.05070687, 1400 N  CHAMBERLAIN AVE
-85.2561511,35.05070687, 1400 N  CHAMBERLAIN AVE
-85.2561511,35.05070687, 1400 N  CHAMBERLAIN AVE
-85.2561511,35.05070687, 1400 N  CHAMBERLAIN AVE
-85.2561511,35.05070687, 1400 N  CHAMBERLAIN AVE
-85.2561511,35.05070687, 1400 N  CHAMBERLAIN AVE
-85.2561511,35.05070687, 1400 N  CHAMBERLAIN AVE
-85.2561511,35.05070687, 1400 N  CHAMBERLAIN AVE
-85.2561511,35.05070687, 1400 N  CHAMBERLAIN AVE
-85.2561511,35.05070687, 1400 N  CHAMBERLAIN AVE
-85.25644219,35.05033856, 1400 N  CHAMBERLAIN AVE
-85.25644219,35.05033856, 1400 N  CHAMBERLAIN AVE
-85.25644219,35.05033856, 1400 N  CHAMBERLAIN AVE
-85.25644219,35.05033856, 1400 N  CHAMBERLAIN AVE
-85.25644219,35.05033856, 1400 N  CHAMBERLAIN AVE
-85.25644219,35.05033856, 1400 N  CHAMBERLAIN AVE
-85.25644219,35.05033856, 1400 N  CHAMBERLAIN AVE
-85.25644219,35.05033856, 1400 N  CHAMBERLAIN AVE
-85.25644219,35.05033856, 1400 N  CHAMBERLAIN AVE
-85.25644219,35.05033856, 1400 N  CHAMBERLAIN AVE
-85.25644219,35.05033856, 1400 N  CHAMBERLAIN AVE
-85.25644219,35.05033856, 1400 N  CHAMBERLAIN AVE
-85.25666441,35.04963975, 1400 N  CHAMBERLAIN AVE
-85.25666441,35.04963975, 1400 N  CHAMBERLAIN AVE
-85.25666441,35.04963975, 1400 N  CHAMBERLAIN AVE
-85.25666441,35.04963975, 1400 N  CHAMBERLAIN AVE
-85.25666441,35.04963975, 1400 N  CHAMBERLAIN AVE
-85.25666441,35.04963975, 1400 N  CHAMBERLAIN AVE
-85.25666441,35.04963975, 1400 N  CHAMBERLAIN AVE
-85.25666441,35.04963975, 1400 N  CHAMBERLAIN AVE
-85.25666441,35.04963975, 1400 N  CHAMBERLAIN AVE
-85.25666441,35.04963975, 1400 N  CHAMBERLAIN AVE
-85.25666441,35.04963975, 1400 N  CHAMBERLAIN AVE
-85.25666441,35.04963975, 1400 N  CHAMBERLAIN AVE
-85.24123976,35.0728983, 3401 CAMPBELL ST
-85.24120339,35.07294099, 3401 CAMPBELL ST
-85.24116798,35.07295782, 3401 CAMPBELL ST
-85.24114088,35.072971, 3401 CAMPBELL ST
-85.24110548,35.07298783, 3401 CAMPBELL ST
-85.24104582,35.07299258, 3401 CAMPBELL ST
-85.24101041,35.0730094, 3401 CAMPBELL ST
-85.24098239,35.07302795, 3401 CAMPBELL ST
-85.24094699,35.07304477, 3401 CAMPBELL ST
-85.24075592,35.07314133, 3401 CAMPBELL ST
-85.24072051,35.07315816, 3401 CAMPBELL ST
-85.24081743,35.07307876, 3401 CAMPBELL ST
-85.24078202,35.07309559, 3401 CAMPBELL ST
-85.2408852,35.07304378, 3401 CAMPBELL ST
-85.2408498,35.07306061, 3401 CAMPBELL ST
-85.24126773,35.07288608, 3401 CAMPBELL ST
-85.24057717,35.0733526, 3401 CAMPBELL ST
-85.2405703,35.07338341, 3401 CAMPBELL ST
-85.24053489,35.07340023, 3401 CAMPBELL ST
-85.24050779,35.07341341, 3401 CAMPBELL ST
-85.24047238,35.07343024, 3401 CAMPBELL ST
-85.24060513,35.07334038, 3401 CAMPBELL ST
-85.24045635,35.07348487, 3401 CAMPBELL ST
-85.24042094,35.0735017, 3401 CAMPBELL ST
-85.24039292,35.07352024, 3401 CAMPBELL ST
-85.24035751,35.07353707, 3401 CAMPBELL ST
-85.24027159,35.07361999, 3401 CAMPBELL ST
-85.24023618,35.07363681, 3401 CAMPBELL ST
-85.24033937,35.07358501, 3401 CAMPBELL ST
-85.24030396,35.07360183, 3401 CAMPBELL ST
-85.24015951,35.07363072, 3401 CAMPBELL ST
-85.24012411,35.07364754, 3401 CAMPBELL ST
-85.24100028,35.0733146, 3401 CAMPBELL ST
-85.24102824,35.07330238, 3401 CAMPBELL ST
-85.24062658,35.07362893, 3401 CAMPBELL ST
-85.24066198,35.0736121, 3401 CAMPBELL ST
-85.24080962,35.0734907, 3401 CAMPBELL ST
-85.24077422,35.07350753, 3401 CAMPBELL ST
-85.2407462,35.07352607, 3401 CAMPBELL ST
-85.24071079,35.0735429, 3401 CAMPBELL ST
-85.24094716,35.07338009, 3401 CAMPBELL ST
-85.24091175,35.07339691, 3401 CAMPBELL ST
-85.24088465,35.07341009, 3401 CAMPBELL ST
-85.24084924,35.07342692, 3401 CAMPBELL ST
-85.26181691,35.04709457, 2304 WINDSOR ST
-85.26181691,35.04709457, 2304 WINDSOR ST
-85.26181691,35.04709457, 2304 WINDSOR ST
-85.26181691,35.04709457, 2304 WINDSOR ST
-85.26181691,35.04709457, 2304 WINDSOR ST
-85.26181691,35.04709457, 2304 WINDSOR ST
-85.26192037,35.04694449, 2304 WINDSOR ST
-85.26192037,35.04694449, 2304 WINDSOR ST
-85.26192037,35.04694449, 2304 WINDSOR ST
-85.26192037,35.04694449, 2304 WINDSOR ST
-85.26192037,35.04694449, 2304 WINDSOR ST
-85.26192037,35.04694449, 2304 WINDSOR ST
-85.26128675,35.04669429, 2300 WINDSOR ST
-85.26128675,35.04669429, 2300 WINDSOR ST
-85.26128675,35.04669429, 2300 WINDSOR ST
-85.26128675,35.04669429, 2300 WINDSOR ST
-85.26128675,35.04669429, 2300 WINDSOR ST
-85.26128675,35.04669429, 2300 WINDSOR ST
-85.26166399,35.04679393, 2300 WINDSOR ST
-85.26166399,35.04679393, 2300 WINDSOR ST
-85.26166399,35.04679393, 2300 WINDSOR ST
-85.26166399,35.04679393, 2300 WINDSOR ST
-85.26166399,35.04679393, 2300 WINDSOR ST
-85.26166399,35.04679393, 2300 WINDSOR ST
-85.26115026,35.04689436, 2302 WINDSOR ST
-85.26132588,35.04696986, 2302 WINDSOR ST
-85.26132588,35.04696986, 2302 WINDSOR ST
-85.26132588,35.04696986, 2302 WINDSOR ST
-85.26132588,35.04696986, 2302 WINDSOR ST
-85.26115026,35.04689436, 2302 WINDSOR ST
-85.26115026,35.04689436, 2302 WINDSOR ST
-85.26115026,35.04689436, 2302 WINDSOR ST
-85.23967577,35.0737402, 3401 CAMPBELL ST
-85.23964036,35.07375702, 3401 CAMPBELL ST
-85.23977777,35.07370543, 3401 CAMPBELL ST
-85.23974237,35.07372226, 3401 CAMPBELL ST
-85.23985587,35.07366801, 3401 CAMPBELL ST
-85.23982046,35.07368484, 3401 CAMPBELL ST
-85.23996924,35.0736276, 3401 CAMPBELL ST
-85.23993384,35.07364442, 3401 CAMPBELL ST
-85.23964036,35.07375702, 3401 CAMPBELL ST
-85.23967577,35.0737402, 3401 CAMPBELL ST
-85.23974237,35.07372226, 3401 CAMPBELL ST
-85.23977777,35.07370543, 3401 CAMPBELL ST
-85.23982046,35.07368484, 3401 CAMPBELL ST
-85.23985587,35.07366801, 3401 CAMPBELL ST
-85.23993384,35.07364442, 3401 CAMPBELL ST
-85.23996924,35.0736276, 3401 CAMPBELL ST
-85.23946294,35.0737603, 3401 CAMPBELL ST
-85.2394909,35.07374808, 3401 CAMPBELL ST
-85.23940165,35.07376849, 3401 CAMPBELL ST
-85.23930374,35.07381533, 3401 CAMPBELL ST
-85.23933914,35.0737985, 3401 CAMPBELL ST
-85.23936624,35.07378532, 3401 CAMPBELL ST
-85.23913974,35.07387152, 3401 CAMPBELL ST
-85.23917514,35.07385469, 3401 CAMPBELL ST
-85.23920317,35.07383615, 3401 CAMPBELL ST
-85.23923857,35.07381932, 3401 CAMPBELL ST
-85.23908036,35.07393863, 3401 CAMPBELL ST
-85.23911576,35.0739218, 3401 CAMPBELL ST
-85.23943201,35.07397856, 3401 CAMPBELL ST
-85.23942086,35.07396132, 3401 CAMPBELL ST
-85.23946161,35.07403861, 3401 CAMPBELL ST
-85.23947836,35.07406173, 3401 CAMPBELL ST
-85.23949756,35.07408713, 3401 CAMPBELL ST
-85.23951866,35.07411028, 3401 CAMPBELL ST
-85.23958528,35.07413658, 3401 CAMPBELL ST
-85.23960638,35.07415973, 3401 CAMPBELL ST
-85.23962325,35.07418572, 3401 CAMPBELL ST
-85.23965162,35.07420772, 3401 CAMPBELL ST
-85.23971198,35.07423589, 3401 CAMPBELL ST
-85.23972587,35.07425541, 3401 CAMPBELL ST
-85.24107175,35.0739337, 3401 CAMPBELL ST
-85.2411125,35.07401099, 3401 CAMPBELL ST
-85.24108371,35.073942, 3401 CAMPBELL ST
-85.2411337,35.0740246, 3401 CAMPBELL ST
-85.24115947,35.07404468, 3401 CAMPBELL ST
-85.24118643,35.0740619, 3401 CAMPBELL ST
-85.24126116,35.07407454, 3401 CAMPBELL ST
-85.24128226,35.07409769, 3401 CAMPBELL ST
-85.24131155,35.07411421, 3401 CAMPBELL ST
-85.24133991,35.07413621, 3401 CAMPBELL ST
-85.24140044,35.07414709, 3401 CAMPBELL ST
-85.24142233,35.07416369, 3401 CAMPBELL ST
-85.24152827,35.07402031, 3401 CAMPBELL ST
-85.24149286,35.07403714, 3401 CAMPBELL ST
-85.24167662,35.07393147, 3401 CAMPBELL ST
-85.24175757,35.07380606, 3401 CAMPBELL ST
-85.24183835,35.07368411, 3401 CAMPBELL ST
-85.24187713,35.07344826, 3401 CAMPBELL ST
-85.24184172,35.07346508, 3401 CAMPBELL ST
-85.24189594,35.07339943, 3401 CAMPBELL ST
-85.24191978,35.07337806, 3401 CAMPBELL ST
-85.2419446,35.07335359, 3401 CAMPBELL ST
-85.24196592,35.07332982, 3401 CAMPBELL ST
-85.24199748,35.07328286, 3401 CAMPBELL ST
-85.24201295,35.07326501, 3401 CAMPBELL ST
-85.24203409,35.07324553, 3401 CAMPBELL ST
-85.24206233,35.07321942, 3401 CAMPBELL ST
-85.24208678,35.07312632, 3401 CAMPBELL ST
-85.24205137,35.07314315, 3401 CAMPBELL ST
-85.24210195,35.07310919, 3401 CAMPBELL ST
-85.24212942,35.07308814, 3401 CAMPBELL ST
-85.24217255,35.07301311, 3401 CAMPBELL ST
-85.24215033,35.07303103, 3401 CAMPBELL ST
-85.24230947,35.07292602, 3401 CAMPBELL ST
-85.24227407,35.07294285, 3401 CAMPBELL ST
-85.24243022,35.07271817, 3401 CAMPBELL ST
-85.24244569,35.07270033, 3401 CAMPBELL ST
-85.24232611,35.07286096, 3401 CAMPBELL ST
-85.24234995,35.07283959, 3401 CAMPBELL ST
-85.24237477,35.07281512, 3401 CAMPBELL ST
-85.2423961,35.07279135, 3401 CAMPBELL ST
-85.24211446,35.07256419, 3401 CAMPBELL ST
-85.24207906,35.07258102, 3401 CAMPBELL ST
-85.24193279,35.07267244, 3401 CAMPBELL ST
-85.24195663,35.07265107, 3401 CAMPBELL ST
-85.24198144,35.0726266, 3401 CAMPBELL ST
-85.24200277,35.07260283, 3401 CAMPBELL ST
-85.24182106,35.07271573, 3401 CAMPBELL ST
-85.24183653,35.07269788, 3401 CAMPBELL ST
-85.24183147,35.07361431, 3401 CAMPBELL ST
-85.24185943,35.07360209, 3401 CAMPBELL ST
-85.24181014,35.07370695, 3401 CAMPBELL ST
-85.24179094,35.07372853, 3401 CAMPBELL ST
-85.24175553,35.07374535, 3401 CAMPBELL ST
-85.24173154,35.07382891, 3401 CAMPBELL ST
-85.2417028,35.07384685, 3401 CAMPBELL ST
-85.24167609,35.07386433, 3401 CAMPBELL ST
-85.24161963,35.07397606, 3401 CAMPBELL ST
-85.241652,35.0739579, 3401 CAMPBELL ST
-85.24159072,35.07399591, 3401 CAMPBELL ST
-85.26851178,35.08090171, 2800 RIVERPORT RD
-85.26391585,35.08313088, 3435 AMNICOLA HWY
-85.26397637,35.08255686, 3423 AMNICOLA HWY
-85.22485521,35.07667153, 3206 LOOKAWAY TRL
-85.26808721,35.04910179, 951 N  ORCHARD KNOB AVE
-85.26001607,35.05451864, 2195 CAMDEN ST
-85.26009476,35.05449848, 2185 CAMDEN ST
-85.26015462,35.0545184, 2177 CAMDEN ST
-85.2602157,35.05454141, 2169 CAMDEN ST
-85.26032917,35.05458017, 2153 CAMDEN ST
-85.26042006,35.05465898, 2135 CAMDEN ST
-85.26038153,35.05460004, 2145 CAMDEN ST
-85.26043915,35.05462127, 2139 CAMDEN ST
-85.26026556,35.05456023, 2161 CAMDEN ST
-85.26003516,35.05448093, 2191 CAMDEN ST
-85.25997487,35.05466741, 1605 DODSON AVE
-85.25992959,35.05464467, 1609 DODSON AVE
-85.26051559,35.05519969, 2156 CAMDEN OAKS DR
-85.26041239,35.05539039, 2157 CAMDEN OAKS DR
-85.25409331,35.05908908, 2001 N  CHAMBERLAIN AVE
-85.25189259,35.05907189, 2009 MUSEUM ST
-85.24013139,35.05631086, 3225 GENEAL LN
-85.21852161,35.07482937, 3850 YOUNGSTOWN RD
-85.24833077,35.07735892, 2108 SIMS ST
-85.24851441,35.07742511, 2104 SIMS ST
-85.25018048,35.07610504, 3301 CURTIS ST
-85.25179699,35.07177909, 2912 CURTIS ST
-85.25204583,35.07142486, 2902 CURTIS ST
-85.25226716,35.07087937, 2810 CURTIS ST
-85.25240066,35.06866262, 2701 DODSON AVE
-85.25410581,35.06845866, 2605 CURTIS ST
-85.25368586,35.06792497, 2105 APPLING ST
-85.25173392,35.06565407, 2300 DAISY ST
-85.20985318,35.08239395, 4291 HWY 58
-85.21850333,35.07489029, 3852 YOUNGSTOWN RD
-85.21845076,35.07434244, 3836 YOUNGSTOWN RD
-85.21847647,35.07444278, 3838 YOUNGSTOWN RD
-85.21849657,35.07458255, 3842 YOUNGSTOWN RD
-85.21849801,35.07467318, 3844 YOUNGSTOWN RD
-85.21835521,35.07514447, 3856 YOUNGSTOWN RD
-85.21838653,35.07506469, 3854 YOUNGSTOWN RD
-85.21821713,35.07528458, 3860 YOUNGSTOWN RD
-85.2181491,35.07532897, 3862 YOUNGSTOWN RD
-85.21801578,35.07548425, 3866 YOUNGSTOWN RD
-85.21796479,35.07553638, 3868 YOUNGSTOWN RD
-85.21781114,35.0756991, 3872 YOUNGSTOWN RD
-85.21779558,35.07573298, 3874 YOUNGSTOWN RD
-85.21763082,35.0758734, 3878 YOUNGSTOWN RD
-85.2176063,35.07593406, 3880 YOUNGSTOWN RD
-85.21754525,35.0760972, 3884 YOUNGSTOWN RD
-85.21752929,35.07617222, 3886 YOUNGSTOWN RD
-85.21747931,35.07638653, 3890 YOUNGSTOWN RD
-85.21747223,35.07644372, 3892 YOUNGSTOWN RD
-85.21744088,35.07661676, 3896 YOUNGSTOWN RD
-85.21743061,35.07670374, 3898 YOUNGSTOWN RD
-85.21738556,35.07695024, 3904 YOUNGSTOWN RD
-85.2173904,35.07690019, 3902 YOUNGSTOWN RD
-85.23738566,35.0833353, 3919 GRACE AVE
-85.21085341,35.07678147, 3909 ALEXIS CIR
-85.21065741,35.0767002, 3917 ALEXIS CIR
-85.21043367,35.07662484, 3925 ALEXIS CIR
-85.20964238,35.07635523, 3949 ALEXIS CIR
-85.2092447,35.07621845, 3965 ALEXIS CIR
-85.20984162,35.07642607, 3941 ALEXIS CIR
-85.20944711,35.07628755, 3957 ALEXIS CIR
-85.20902915,35.0755207, 4099 ALEXIS CIR
-85.21153284,35.07584096, 4317 KAYLA CIR
-85.21140183,35.07621231, 4309 KAYLA CIR
-85.21127989,35.07643746, 4301 KAYLA CIR
-85.21093613,35.07603013, 4025 ALEXIS CIR
-85.21071506,35.07595197, 4033 ALEXIS CIR
-85.210494,35.0758738, 4041 ALEXIS CIR
-85.21115724,35.0761081, 4017 ALEXIS CIR
-85.20983707,35.07562421, 4065 ALEXIS CIR
-85.21027926,35.07578045, 4049 ALEXIS CIR
-85.21005819,35.07570228, 4057 ALEXIS CIR
-85.20954475,35.07557956, 4073 ALEXIS CIR
-85.20944707,35.07577486, 3964 ALEXIS CIR
-85.21148657,35.07693883, 4298 KAYLA CIR
-85.21155532,35.07682189, 4300 KAYLA CIR
-85.21169786,35.07650922, 4312 KAYLA CIR
-85.21223328,35.07594237, 4336 KAYLA CIR
-85.2122087,35.07550926, 4335 KAYLA CIR
-85.2119941,35.07523735, 3937 ALLGOOD CT
-85.21141736,35.07514181, 3919 ALLGOOD CT
-85.21133193,35.07535571, 3911 ALLGOOD CT
-85.25748592,35.062245, 2100 GLASS ST
-85.23746417,35.10023392, 4501 AMNICOLA HWY
-85.23974937,35.09848171, 4501 AMNICOLA HWY
-85.23687734,35.09850771, 4501 AMNICOLA HWY
-85.23504599,35.09972391, 4501 AMNICOLA HWY
-85.23503281,35.10099664, 4501 AMNICOLA HWY
-85.23640379,35.10058813, 4501 AMNICOLA HWY
-85.23581562,35.10141439, 4501 AMNICOLA HWY
-85.23859279,35.10041412, 4501 AMNICOLA HWY
-85.23854385,35.10086781, 4501 AMNICOLA HWY
-85.23712215,35.10191803, 4501 AMNICOLA HWY
-85.23771862,35.10198147, 4501 AMNICOLA HWY
-85.23891909,35.10190201, 4501 AMNICOLA HWY
-85.23956184,35.10179148, 4501 AMNICOLA HWY
-85.24050631,35.1014189, 4501 AMNICOLA HWY
-85.24078207,35.10079955, 4501 AMNICOLA HWY
-85.23746417,35.10023392, 4501 AMNICOLA HWY
-85.24131051,35.09586229, 4191 S  CREEK RD
-85.24172416,35.09507553, 4191 S  CREEK RD
-85.27961304,35.05701462, 1501 RIVERSIDE DR
-85.27961304,35.05701462, 1501 RIVERSIDE DR
-85.27961304,35.05701462, 1501 RIVERSIDE DR
-85.27961304,35.05701462, 1501 RIVERSIDE DR
-85.27961304,35.05701462, 1501 RIVERSIDE DR
-85.27961304,35.05701462, 1501 RIVERSIDE DR
-85.27961304,35.05701462, 1501 RIVERSIDE DR
-85.27961304,35.05701462, 1501 RIVERSIDE DR
-85.27961304,35.05701462, 1501 RIVERSIDE DR
-85.27961304,35.05701462, 1501 RIVERSIDE DR
-85.27961304,35.05701462, 1501 RIVERSIDE DR
-85.27961304,35.05701462, 1501 RIVERSIDE DR
-85.27961304,35.05701462, 1501 RIVERSIDE DR
-85.2721226,35.08052531, 2685 RIVERPORT RD
-85.24993176,35.05377527, 2814 OCOEE ST
-85.25012327,35.05353657, 2810 OCOEE ST
-85.24088312,35.08294471, 3820 GRACE AVE
-85.26284504,35.05161205, 2075 WILSON ST
-85.22943772,35.10254356, 4631 AMNICOLA HWY
-85.25028109,35.07226977, 3009 DODSON AVE
-85.25023134,35.0723224, 3013 DODSON AVE
-85.24610567,35.07389674, 3205 WHEELER AVE
-85.25332421,35.06997985, 2715 CURTIS ST
-85.24961676,35.06506856, 2436 GLASS ST
-85.24808484,35.07824535, 2001 SIMS ST
-85.24686889,35.07956798, 2037 SIMS ST
-85.23093147,35.10220043, 4627 AMNICOLA HWY
-85.23944444,35.10194445, 4501 AMNICOLA HWY
-85.24946989,35.09882996, 4301 AMNICOLA HWY
-85.25008759,35.09891652, 4301 AMNICOLA HWY
-85.25431516,35.09602339, 4055 AMNICOLA HWY
-85.26236132,35.08918236, 17 LOST MOUND DR
-85.2675,35.08972222, 21 LOST MOUND DR
-85.27052796,35.07630866, 2851 AMNICOLA HWY
-85.27416665,35.06555555, 2127 AMNICOLA HWY
-85.28611111,35.05444445, 1447 RIVERSIDE DR
-85.2454338,35.08925885, 4095 N  HAWTHORNE ST
-85.24118579,35.08885314, 4097 N  HAWTHORNE ST
-85.24019797,35.086931, 2454 WATERHAVEN DR
-85.23878806,35.08500728, 2526 WATERHAVEN DR
-85.23412456,35.08547387, 2658 WATERHAVEN DR
-85.23458268,35.08460102, 2624 WATERHAVEN DR
-85.23026066,35.08411413, 2842 WATERHAVEN DR
-85.22715645,35.08354807, 2882 HARRISON PIKE
-85.22660393,35.08395001, 2886 HARRISON PIKE
-85.22102097,35.08020953, 4165 BONNY OAKS DR
-85.2226374,35.08264453, 2888 HARRISON PIKE
-85.21989084,35.08024104, 4231 BONNY OAKS DR
-85.21943302,35.08031675, 4239 BONNY OAKS DR
-85.21875284,35.08106623, 4245 BONNY OAKS DR
-85.21949876,35.07817845, 3887 YOUNGSTOWN RD
-85.22565443,35.07252945, 3699 FAITH RD
-85.2209591,35.07484686, 3728 FAITH RD
-85.22502419,35.0743102, 3726 FAITH RD
-85.22813288,35.07211019, 3724 FAITH RD
-85.22459384,35.07028393, 3722 FAITH RD
-85.24825682,35.07134381, 2307 STUART ST
-85.24991483,35.07868427, 3510 N  ORCHARD KNOB AVE
-85.24935405,35.06553003, 2451 GLASS ST
-85.2495254,35.06549224, 2447 GLASS ST
-85.24947018,35.06550334, 2449 GLASS ST
-85.24971762,35.06504976, 2432 GLASS ST
-85.24981506,35.06502056, 2430 GLASS ST
-85.25978206,35.083502, 3386 BELLE ARBOR AVE
-85.25047956,35.08035367, 3500 N  HAWTHORNE ST
-85.24997666,35.08102036, 3500 N  HAWTHORNE ST
-85.25000292,35.08020859, 3500 N  HAWTHORNE ST
-85.25002537,35.0808361, 3500 N  HAWTHORNE ST
-85.24962054,35.08065828, 3500 N  HAWTHORNE ST
-85.24942758,35.08047884, 3500 N  HAWTHORNE ST
-85.25019878,35.08052242, 3500 N  HAWTHORNE ST
-85.26079242,35.073258, 2819 WOOD AVE
-85.25426078,35.06681498, 2105 DAISY ST
-85.25420447,35.06679838, 2105 DAISY ST
-85.20517335,35.07428054, 3917 LIGHTFOOT MILL RD
-85.20550466,35.07475463, 4452 BYRD AVE
-85.20569563,35.07494913, 4440 BYRD AVE
-85.26614111,35.07264397, 2600 BELLE ARBOR AVE
-85.26529403,35.07248845, 1007 APPLING ST
-85.26328757,35.07200736, 2605 BENTON AVE
-85.26424482,35.07119559, 1070 APPLING ST
-85.26268971,35.07134952, 2600 BENTON AVE
-85.26295918,35.07062844, 1320 APPLING ST
-85.26326787,35.07075054, 1320 APPLING ST
-85.28338892,35.05458435, 1466 RIVERSIDE DR
-85.28330901,35.05445154, 1466 RIVERSIDE DR
-85.28324669,35.05433551, 1466 RIVERSIDE DR
-85.28320922,35.05427486, 1466 RIVERSIDE DR
-85.28329033,35.05413052, 1466 RIVERSIDE DR
-85.26670105,35.05457634, 1802 WILCOX BLVD
-85.2666581,35.05456253, 1802 WILCOX BLVD
-85.26654894,35.05451642, 1804 WILCOX BLVD
-85.26639708,35.0544615, 1806 WILCOX BLVD
-85.26650728,35.05449949, 1804 WILCOX BLVD
-85.26634526,35.05444659, 1806 WILCOX BLVD
-85.23831971,35.08234968, 2425 HARRISON PIKE
-85.26181539,35.05126725, 2121 WILSON ST
-85.27046528,35.05233849, 1208 SHOLAR AVE
-85.27044538,35.05237603, 1208 SHOLAR AVE
-85.26804328,35.05193333, 1122 SHERIDAN AVE
-85.26802705,35.05196363, 1124 SHERIDAN AVE
-85.2237897,35.07830356, 3936 BRYANT ST
-85.26459003,35.05784023, 1795 OCOEE ST
-85.26272904,35.07207739, 2618 BENTON AVE
-85.25129693,35.07405811, 3109 CURTIS ST
-85.2658801,35.07317182, 2608 BELLE ARBOR AVE
-85.25124391,35.06491665, 2407 GLASS ST
-85.24562003,35.08830632, 4063 N  HAWTHORNE ST
-85.2679636,35.05204847, 1128 SHERIDAN AVE
-85.26794066,35.05208411, 1130 SHERIDAN AVE
-85.2678937,35.05216556, 1134 SHERIDAN AVE
-85.26787422,35.05220265, 1136 SHERIDAN AVE
-85.26782928,35.05227528, 1140 SHERIDAN AVE
-85.26780282,35.05231518, 1142 SHERIDAN AVE
-85.26318791,35.04581331, 830 DODSON AVE
-85.22400966,35.07864955, 3946 BRYANT ST
-85.22725343,35.08176868, 4051 LOFTIS ST
-85.22728625,35.0821054, 4071 LOFTIS ST
-85.22480631,35.08200813, 3201 GRANADA ST
-85.22503209,35.08206206, 3201 GRANADA ST
-85.26846792,35.04978341, 1812 PORTLAND ST
-85.25443615,35.06319031, 2207 CHEEK ST
-85.22394234,35.0774198, 3911 CHURCHILL RD
-85.22797562,35.06748991, 3300 LIGHTFOOT MILL RD
-85.26121161,35.09073512, 51 LOST MOUND DR
-85.26026396,35.09108339, 41 LOST MOUND DR
-85.23995616,35.09039854, 4176 S  CREEK RD
-85.25748271,35.04800075, 2510 LAURA ST
-85.25742919,35.0479861, 2514 LAURA ST
-85.25753715,35.04791523, 2516 LAURA ST
-85.2366754,35.04787373, 1704 TUNNEL BLVD
-85.24694552,35.07552682, 3313 TAYLOR ST
-85.20871698,35.07493795, 3907 PEACH ST
-85.25576637,35.07038427, 2706 N  ORCHARD KNOB AVE
-85.25495472,35.0707163, 1910 BACHMAN ST
-85.2554948,35.07072788, 2712 N  ORCHARD KNOB AVE
-85.25447621,35.07099641, 1987 BACHMAN ST
-85.24611884,35.06701894, 2624 ANDREWS ST
-85.20775096,35.07366474, 3899 MOSS RD
-85.25043311,35.07345496, 2109 WILDER ST
-85.20689519,35.07300527, 3853 LIGHTFOOT MILL RD
-85.22833918,35.0859469, 2768 FOREST RD
-85.2281964,35.085815, 2774 FOREST RD
-85.22805475,35.08569649, 2780 FOREST RD
-85.22786073,35.08558992, 2786 FOREST RD
-85.22767583,35.08553388, 2792 FOREST RD
-85.22748754,35.08547339, 2798 FOREST RD
-85.22728416,35.08536613, 2804 FOREST RD
-85.26403569,35.04451458, 810 DODSON AVE
-85.28552791,35.05229446, 251 WATERWALK PL
-85.28539928,35.0520487, 251 WATERWALK PL
-85.28546036,35.05216608, 251 WATERWALK PL
-85.2853404,35.05232844, 251 WATERWALK PL
-85.28544028,35.05230543, 251 WATERWALK PL
-85.28559353,35.05228342, 251 WATERWALK PL
-85.28592777,35.05222268, 251 WATERWALK PL
-85.28601626,35.05220507, 251 WATERWALK PL
-85.28614397,35.0521718, 251 WATERWALK PL
-85.28626046,35.05213895, 251 WATERWALK PL
-85.2855383,35.05216554, 251 WATERWALK PL
-85.28561829,35.05214482, 251 WATERWALK PL
-85.28602331,35.05206207, 251 WATERWALK PL
-85.28607391,35.052019, 251 WATERWALK PL
-85.28603998,35.05192753, 251 WATERWALK PL
-85.28620165,35.05199641, 251 WATERWALK PL
-85.28616852,35.05190606, 251 WATERWALK PL
-85.28622843,35.05206657, 251 WATERWALK PL
-85.28552791,35.05229446, 251 WATERWALK PL
-85.28530605,35.05213997, 251 WATERWALK PL
-85.28528162,35.05207161, 251 WATERWALK PL
-85.28539928,35.0520487, 251 WATERWALK PL
-85.28532115,35.05225127, 251 WATERWALK PL
-85.2853404,35.05232844, 251 WATERWALK PL
-85.28544028,35.05230543, 251 WATERWALK PL
-85.28559353,35.05228342, 251 WATERWALK PL
-85.28566264,35.05226687, 251 WATERWALK PL
-85.28582716,35.05223705, 251 WATERWALK PL
-85.28592777,35.05222268, 251 WATERWALK PL
-85.28601626,35.05220507, 251 WATERWALK PL
-85.28614397,35.0521718, 251 WATERWALK PL
-85.28626046,35.05213895, 251 WATERWALK PL
-85.28620165,35.05199641, 251 WATERWALK PL
-85.28616852,35.05190606, 251 WATERWALK PL
-85.28546036,35.05216608, 251 WATERWALK PL
-85.28622843,35.05206657, 251 WATERWALK PL
-85.28603998,35.05192753, 251 WATERWALK PL
-85.2855383,35.05216554, 251 WATERWALK PL
-85.28607391,35.052019, 251 WATERWALK PL
-85.28602331,35.05206207, 251 WATERWALK PL
-85.28552791,35.05229446, 251 WATERWALK PL
-85.28530605,35.05213997, 251 WATERWALK PL
-85.28528162,35.05207161, 251 WATERWALK PL
-85.28539928,35.0520487, 251 WATERWALK PL
-85.28532115,35.05225127, 251 WATERWALK PL
-85.2853404,35.05232844, 251 WATERWALK PL
-85.28544028,35.05230543, 251 WATERWALK PL
-85.28559353,35.05228342, 251 WATERWALK PL
-85.28566264,35.05226687, 251 WATERWALK PL
-85.28582716,35.05223705, 251 WATERWALK PL
-85.28592777,35.05222268, 251 WATERWALK PL
-85.28601626,35.05220507, 251 WATERWALK PL
-85.28614397,35.0521718, 251 WATERWALK PL
-85.28626046,35.05213895, 251 WATERWALK PL
-85.28620165,35.05199641, 251 WATERWALK PL
-85.28616852,35.05190606, 251 WATERWALK PL
-85.28546036,35.05216608, 251 WATERWALK PL
-85.28622843,35.05206657, 251 WATERWALK PL
-85.28603998,35.05192753, 251 WATERWALK PL
-85.28561829,35.05214482, 251 WATERWALK PL
-85.2855383,35.05216554, 251 WATERWALK PL
-85.28607391,35.052019, 251 WATERWALK PL
-85.28602331,35.05206207, 251 WATERWALK PL
-85.28552791,35.05229446, 251 WATERWALK PL
-85.28530605,35.05213997, 251 WATERWALK PL
-85.28528162,35.05207161, 251 WATERWALK PL
-85.28539928,35.0520487, 251 WATERWALK PL
-85.28532115,35.05225127, 251 WATERWALK PL
-85.2853404,35.05232844, 251 WATERWALK PL
-85.28544028,35.05230543, 251 WATERWALK PL
-85.28559353,35.05228342, 251 WATERWALK PL
-85.28566264,35.05226687, 251 WATERWALK PL
-85.28582716,35.05223705, 251 WATERWALK PL
-85.28592777,35.05222268, 251 WATERWALK PL
-85.28601626,35.05220507, 251 WATERWALK PL
-85.28614397,35.0521718, 251 WATERWALK PL
-85.28626046,35.05213895, 251 WATERWALK PL
-85.28620165,35.05199641, 251 WATERWALK PL
-85.28616852,35.05190606, 251 WATERWALK PL
-85.28546036,35.05216608, 251 WATERWALK PL
-85.28622843,35.05206657, 251 WATERWALK PL
-85.28603998,35.05192753, 251 WATERWALK PL
-85.28561829,35.05214482, 251 WATERWALK PL
-85.2855383,35.05216554, 251 WATERWALK PL
-85.28607391,35.052019, 251 WATERWALK PL
-85.28602331,35.05206207, 251 WATERWALK PL
-85.28574057,35.05225549, 251 WATERWALK PL
-85.28574057,35.05225549, 251 WATERWALK PL
-85.28542883,35.05212854, 251 WATERWALK PL
-85.28542883,35.05212854, 251 WATERWALK PL
-85.28542883,35.05212854, 251 WATERWALK PL
-85.28542883,35.05212854, 251 WATERWALK PL
-85.28379897,35.0524076, 289 WATERWALK PL
-85.28379897,35.0524076, 289 WATERWALK PL
-85.28379897,35.0524076, 289 WATERWALK PL
-85.28396226,35.0523939, 289 WATERWALK PL
-85.28396226,35.0523939, 289 WATERWALK PL
-85.28393325,35.05230327, 289 WATERWALK PL
-85.28393325,35.05230327, 289 WATERWALK PL
-85.28319418,35.05230259, 289 WATERWALK PL
-85.28319418,35.05230259, 289 WATERWALK PL
-85.28332203,35.05228771, 289 WATERWALK PL
-85.28332203,35.05228771, 289 WATERWALK PL
-85.28342971,35.05219039, 289 WATERWALK PL
-85.28342971,35.05219039, 289 WATERWALK PL
-85.28342971,35.05219039, 289 WATERWALK PL
-85.28343683,35.05227493, 289 WATERWALK PL
-85.28343683,35.05227493, 289 WATERWALK PL
-85.28354215,35.05217927, 289 WATERWALK PL
-85.28354215,35.05217927, 289 WATERWALK PL
-85.28354215,35.05217927, 289 WATERWALK PL
-85.28356024,35.05226193, 289 WATERWALK PL
-85.28356024,35.05226193, 289 WATERWALK PL
-85.2836413,35.05216743, 289 WATERWALK PL
-85.2836413,35.05216743, 289 WATERWALK PL
-85.2836413,35.05216743, 289 WATERWALK PL
-85.28380946,35.05215026, 289 WATERWALK PL
-85.28380946,35.05215026, 289 WATERWALK PL
-85.28380946,35.05215026, 289 WATERWALK PL
-85.28378785,35.05231975, 289 WATERWALK PL
-85.28378785,35.05231975, 289 WATERWALK PL
-85.28378785,35.05231975, 289 WATERWALK PL
-85.28374584,35.05227038, 289 WATERWALK PL
-85.28374584,35.05227038, 289 WATERWALK PL
-85.28374584,35.05227038, 289 WATERWALK PL
-85.28366094,35.05225211, 289 WATERWALK PL
-85.28366094,35.05225211, 289 WATERWALK PL
-85.28372086,35.05216011, 289 WATERWALK PL
-85.28372086,35.05216011, 289 WATERWALK PL
-85.28372086,35.05216011, 289 WATERWALK PL
-85.28300079,35.05224986, 311 WATERWALK PL
-85.28226928,35.05231128, 311 WATERWALK PL
-85.28237568,35.05230224, 311 WATERWALK PL
-85.28246124,35.05229538, 311 WATERWALK PL
-85.28254444,35.0522881, 311 WATERWALK PL
-85.28266589,35.05227844, 311 WATERWALK PL
-85.28277646,35.05227046, 311 WATERWALK PL
-85.28287881,35.05225971, 311 WATERWALK PL
-85.28300079,35.05224986, 311 WATERWALK PL
-85.28226928,35.05231128, 311 WATERWALK PL
-85.28237568,35.05230224, 311 WATERWALK PL
-85.28254444,35.0522881, 311 WATERWALK PL
-85.28277646,35.05227046, 311 WATERWALK PL
-85.28287881,35.05225971, 311 WATERWALK PL
-85.28266589,35.05227844, 311 WATERWALK PL
-85.28246124,35.05229538, 311 WATERWALK PL
-85.28300079,35.05224986, 311 WATERWALK PL
-85.28226928,35.05231128, 311 WATERWALK PL
-85.28237568,35.05230224, 311 WATERWALK PL
-85.28254444,35.0522881, 311 WATERWALK PL
-85.28277646,35.05227046, 311 WATERWALK PL
-85.28287881,35.05225971, 311 WATERWALK PL
-85.28266589,35.05227844, 311 WATERWALK PL
-85.28246124,35.05229538, 311 WATERWALK PL
-85.28228584,35.05238167, 311 WATERWALK PL
-85.28228584,35.05238167, 311 WATERWALK PL
-85.28300673,35.05232086, 311 WATERWALK PL
-85.28300673,35.05232086, 311 WATERWALK PL
-85.28288968,35.05233026, 311 WATERWALK PL
-85.28288968,35.05233026, 311 WATERWALK PL
-85.28276944,35.05234148, 311 WATERWALK PL
-85.28276944,35.05234148, 311 WATERWALK PL
-85.28266108,35.052351, 311 WATERWALK PL
-85.28266108,35.052351, 311 WATERWALK PL
-85.28254759,35.05235946, 311 WATERWALK PL
-85.28254759,35.05235946, 311 WATERWALK PL
-85.28247428,35.05238204, 311 WATERWALK PL
-85.28247428,35.05238204, 311 WATERWALK PL
-85.28247428,35.05238204, 311 WATERWALK PL
-85.28245017,35.05243552, 311 WATERWALK PL
-85.28245017,35.05243552, 311 WATERWALK PL
-85.28245017,35.05243552, 311 WATERWALK PL
-85.28229469,35.05245308, 311 WATERWALK PL
-85.28229469,35.05245308, 311 WATERWALK PL
-85.28246678,35.05252758, 311 WATERWALK PL
-85.28246678,35.05252758, 311 WATERWALK PL
-85.28246678,35.05252758, 311 WATERWALK PL
-85.2823054,35.0525501, 311 WATERWALK PL
-85.2823054,35.0525501, 311 WATERWALK PL
-85.28215519,35.05303463, 332 WATERWALK PL
-85.28215519,35.05303463, 332 WATERWALK PL
-85.28215519,35.05303463, 332 WATERWALK PL
-85.28182609,35.05306786, 332 WATERWALK PL
-85.28182609,35.05306786, 332 WATERWALK PL
-85.28182609,35.05306786, 332 WATERWALK PL
-85.28192194,35.05305796, 332 WATERWALK PL
-85.28192194,35.05305796, 332 WATERWALK PL
-85.28192194,35.05305796, 332 WATERWALK PL
-85.28203343,35.05304563, 332 WATERWALK PL
-85.28203343,35.05304563, 332 WATERWALK PL
-85.28203343,35.05304563, 332 WATERWALK PL
-85.28164208,35.05297645, 332 WATERWALK PL
-85.28164208,35.05297645, 332 WATERWALK PL
-85.28164208,35.05297645, 332 WATERWALK PL
-85.28159964,35.0528195, 332 WATERWALK PL
-85.28159964,35.0528195, 332 WATERWALK PL
-85.28159964,35.0528195, 332 WATERWALK PL
-85.28162888,35.05291912, 332 WATERWALK PL
-85.28162888,35.05291912, 332 WATERWALK PL
-85.28162888,35.05291912, 332 WATERWALK PL
-85.28175796,35.05307333, 332 WATERWALK PL
-85.28175796,35.05307333, 332 WATERWALK PL
-85.28175796,35.05307333, 332 WATERWALK PL
-85.28175882,35.05290212, 332 WATERWALK PL
-85.28175882,35.05290212, 332 WATERWALK PL
-85.28175882,35.05290212, 332 WATERWALK PL
-85.281798,35.0529626, 332 WATERWALK PL
-85.281798,35.0529626, 332 WATERWALK PL
-85.281798,35.0529626, 332 WATERWALK PL
-85.28174171,35.05280104, 332 WATERWALK PL
-85.28174171,35.05280104, 332 WATERWALK PL
-85.28174171,35.05280104, 332 WATERWALK PL
-85.28214792,35.0529266, 332 WATERWALK PL
-85.28214792,35.0529266, 332 WATERWALK PL
-85.28202165,35.05293883, 332 WATERWALK PL
-85.28202165,35.05293883, 332 WATERWALK PL
-85.28190347,35.05295051, 332 WATERWALK PL
-85.28190347,35.05295051, 332 WATERWALK PL
-85.2812734,35.05303721, 350 WATERWALK PL
-85.2812734,35.05303721, 350 WATERWALK PL
-85.2812734,35.05303721, 350 WATERWALK PL
-85.28115037,35.05305141, 350 WATERWALK PL
-85.28115037,35.05305141, 350 WATERWALK PL
-85.28115037,35.05305141, 350 WATERWALK PL
-85.28105468,35.05306468, 350 WATERWALK PL
-85.28105468,35.05306468, 350 WATERWALK PL
-85.28105468,35.05306468, 350 WATERWALK PL
-85.28096291,35.05307637, 350 WATERWALK PL
-85.28096291,35.05307637, 350 WATERWALK PL
-85.28096291,35.05307637, 350 WATERWALK PL
-85.28087116,35.0530871, 350 WATERWALK PL
-85.28087116,35.0530871, 350 WATERWALK PL
-85.28087116,35.0530871, 350 WATERWALK PL
-85.28076703,35.05310244, 350 WATERWALK PL
-85.28076703,35.05310244, 350 WATERWALK PL
-85.28076703,35.05310244, 350 WATERWALK PL
-85.28124946,35.05293379, 350 WATERWALK PL
-85.28124946,35.05293379, 350 WATERWALK PL
-85.28124946,35.05293379, 350 WATERWALK PL
-85.28125171,35.05288069, 350 WATERWALK PL
-85.28125171,35.05288069, 350 WATERWALK PL
-85.28125171,35.05288069, 350 WATERWALK PL
-85.2812278,35.05279437, 350 WATERWALK PL
-85.2812278,35.05279437, 350 WATERWALK PL
-85.2812278,35.05279437, 350 WATERWALK PL
-85.2810848,35.05295215, 350 WATERWALK PL
-85.2810848,35.05295215, 350 WATERWALK PL
-85.2810848,35.05295215, 350 WATERWALK PL
-85.28111135,35.05290013, 350 WATERWALK PL
-85.28111135,35.05290013, 350 WATERWALK PL
-85.28111135,35.05290013, 350 WATERWALK PL
-85.28109275,35.05280792, 350 WATERWALK PL
-85.28109275,35.05280792, 350 WATERWALK PL
-85.28109275,35.05280792, 350 WATERWALK PL
-85.28073554,35.05299623, 350 WATERWALK PL
-85.28073554,35.05299623, 350 WATERWALK PL
-85.28390612,35.05214042, 289 WATERWALK PL
-85.28390612,35.05214042, 289 WATERWALK PL
-85.28390612,35.05214042, 289 WATERWALK PL
-85.28392227,35.05222348, 289 WATERWALK PL
-85.28392227,35.05222348, 289 WATERWALK PL
-85.28318247,35.05221605, 289 WATERWALK PL
-85.28329123,35.05220619, 289 WATERWALK PL
-85.28318247,35.05221605, 289 WATERWALK PL
-85.28329123,35.05220619, 289 WATERWALK PL
-85.28318247,35.05221605, 289 WATERWALK PL
-85.28329123,35.05220619, 289 WATERWALK PL
-85.28164197,35.05308479, 332 WATERWALK PL
-85.28164197,35.05308479, 332 WATERWALK PL
-85.28164197,35.05308479, 332 WATERWALK PL
-85.2809503,35.05297091, 350 WATERWALK PL
-85.2809503,35.05297091, 350 WATERWALK PL
-85.28084061,35.05298279, 350 WATERWALK PL
-85.28084061,35.05298279, 350 WATERWALK PL
-85.23283052,35.07604429, 2922 FORGOTTEN TRL
-85.24889124,35.06530759, 2428 N  CHAMBERLAIN AVE
-85.24890965,35.08087148, 3500 N  HAWTHORNE ST
-85.24541971,35.06401575, 2618 ARNO ST
-85.24555532,35.0639379, 2616 ARNO ST
-85.25236248,35.05729574, 2510 MCRAE ST
-85.25236248,35.05729574, 2510 MCRAE ST
-85.25883943,35.04793962, 1121 N  CHAMBERLAIN AVE
-85.25596564,35.05319152, 1605 N  CHAMBERLAIN AVE
-85.26326578,35.04379684, 2301 CITICO AVE
-85.26331434,35.04381359, 2301 CITICO AVE
-85.26327016,35.04388845, 2301 CITICO AVE
-85.26322073,35.04387168, 2301 CITICO AVE
-85.22557271,35.08096784, 4052 HOMER ST
-85.22557271,35.08096784, 4052 HOMER ST
-85.22557271,35.08096784, 4052 HOMER ST
-85.22557271,35.08096784, 4052 HOMER ST
-85.23462389,35.07317753, 3504 MARPORT DR
-85.23462389,35.07317753, 3504 MARPORT DR
-85.23462389,35.07317753, 3504 MARPORT DR
-85.23439442,35.0731015, 3506 MARPORT DR
-85.24316022,35.10051939, 4501 AMNICOLA HWY
-85.2426797,35.10051633, 4501 AMNICOLA HWY
-85.23488377,35.10030401, 4501 AMNICOLA HWY
-85.23450749,35.10056927, 4501 AMNICOLA HWY
-85.23717891,35.10091058, 4501 AMNICOLA HWY
-85.23704082,35.10120883, 4501 AMNICOLA HWY
-85.23774677,35.10117509, 4501 AMNICOLA HWY
-85.23758066,35.10131551, 4501 AMNICOLA HWY
-85.24441115,35.09410737, 4334 N  CREEK RD
-85.24378466,35.09390611, 4352 N  CREEK RD
-85.24322912,35.09302868, 4157 S  CREEK RD
-85.23990795,35.07494191, 3416 VINEWOOD DR
-85.23963515,35.07480066, 3412 VINEWOOD DR
-85.23944269,35.07472216, 3408 VINEWOOD DR
-85.23927657,35.07461807, 3404 VINEWOOD DR
-85.23912327,35.07453982, 3400 VINEWOOD DR
-85.23892561,35.07445914, 3396 VINEWOOD DR
-85.23875165,35.07435715, 3392 VINEWOOD DR
-85.25412216,35.05567985, 1810 N  CHAMBERLAIN AVE
-85.25414205,35.05564599, 1810 N  CHAMBERLAIN AVE
-85.25409597,35.05561112, 1810 N  CHAMBERLAIN AVE
-85.2540708,35.0556676, 1810 N  CHAMBERLAIN AVE
-85.25402381,35.0556524, 1810 N  CHAMBERLAIN AVE
-85.27065775,35.05413177, 1512 WILSON ST
-85.27065775,35.05413177, 1512 WILSON ST
-85.26719948,35.05328454, 1805 WILSON ST
-85.23338269,35.05425455, 2107 TUNNEL BLVD
-85.26834352,35.05040229, 1003 N  HAWTHORNE ST
-85.25388583,35.05547208, 1810 N  CHAMBERLAIN AVE
-85.20903513,35.07436158, 3901 PEACH ST
-85.28577968,35.05211713, 251 WATERWALK PL
-85.28577968,35.05211713, 251 WATERWALK PL
-85.28586301,35.05209657, 251 WATERWALK PL
-85.28595655,35.05207764, 251 WATERWALK PL
-85.28569514,35.05213073, 251 WATERWALK PL
-85.28569514,35.05213073, 251 WATERWALK PL
-85.22308139,35.04952272, 1829 ARCIE DR
-85.20475065,35.07532528, 4007 LIGHTFOOT MILL RD
-85.20482307,35.07518863, 4003 LIGHTFOOT MILL RD
-85.25879793,35.05282523, 2323 MONROE ST
-85.25436427,35.09648559, 4063 AMNICOLA HWY
-85.26850843,35.08210949, 2805 RIVERPORT RD
-85.26699436,35.0833782, 2847 RIVERPORT RD
-85.27065775,35.05413177, 1512 WILSON ST
-85.25305134,35.07639498, 3200 N  HAWTHORNE ST
-85.24998838,35.06498226, 2424 GLASS ST
-85.25006516,35.06495985, 2420 GLASS ST
-85.25742087,35.05386266, 1604 ARLINGTON AVE
-85.26591441,35.04791108, 2011 MILNE ST
-85.2492908,35.08058397, 3500 N  HAWTHORNE ST
-85.25417535,35.05747765, 1921 N  CHAMBERLAIN AVE
-85.25426312,35.05731661, 1917 N  CHAMBERLAIN AVE
-85.25434134,35.05715157, 1913 N  CHAMBERLAIN AVE
-85.25442914,35.05698659, 1909 N  CHAMBERLAIN AVE
-85.24632992,35.0963181, 4299 AMNICOLA HWY
-85.2450886,35.09585607, 4298 AMNICOLA HWY
-85.27733135,35.04882763, 797 N  HOLTZCLAW AVE
-85.24133905,35.09445555, 4190 S  CREEK RD
-85.24827869,35.08484338, 3869 N  HAWTHORNE ST
-85.2598961,35.08434484, 3398 BELLE ARBOR AVE
-85.25090321,35.07860385, 3507 N  ORCHARD KNOB AVE
-85.25133663,35.08015694, 3470 N  HAWTHORNE ST
-85.26020755,35.08382112, 3390 BELLE ARBOR AVE
-85.26227517,35.08477468, 3555 AMNICOLA HWY
-85.26401255,35.0856277, 1108 JUDD RD
-85.26354953,35.08456135, 1105 JUDD RD
-85.26297123,35.06213403, 1801 SOUTHERN ST
-85.26102436,35.06027622, 2105 ROANOKE AVE
-85.27036889,35.06307417, 2020 RIVERSIDE DR
-85.2746128,35.05963553, 2007 RIVERSIDE DR
-85.2658786,35.05835913, 1657 OCOEE ST
-85.27280373,35.05810578, 2003 RIVERSIDE DR
-85.27127666,35.07902236, 2648 RIVERPORT RD
-85.27063774,35.06412807, 2104 AMNICOLA HWY
-85.25798483,35.09365347, 36 LOST MOUND DR
-85.25036524,35.08575374, 1447 MUELLER AVE
-85.25792344,35.08623962, 911 MUELLER AVE
-85.26737205,35.08526961, 1145 JUDD RD
-85.26479125,35.04997671, 2010 COOLEY ST
-85.2305514,35.10209421, 4625 AMNICOLA HWY
-85.23262666,35.10224982, 4637 AMNICOLA HWY
-85.23491513,35.10222729, 4641 AMNICOLA HWY
-85.25287568,35.06658126, 2506 DODSON AVE
-85.20995885,35.06993457, 3809 CHERWOOD LN
-85.20974009,35.06975868, 3807 CHERWOOD LN
-85.25493251,35.05740136, 1905 N  CHAMBERLAIN AVE
-85.24617103,35.06549294, 2408 HARLEY ST
-85.21038652,35.06911958, 3807 LIGHTFOOT MILL RD
-85.26696479,35.05076296, 1059 N  ORCHARD KNOB AVE
-85.25732008,35.05085581, 1401 N  CHAMBERLAIN AVE
-85.26610984,35.0488954, 2003 WINDSOR ST
-85.2662485,35.0489409, 2001 WINDSOR ST
-85.25728574,35.05295995, 1511 WHEELER AVE
-85.26297347,35.05589193, 1605 ROANOKE AVE
-85.27163419,35.05240064, 1196 HENDRICKS ST
-85.27161109,35.05248953, 1198 HENDRICKS ST
-85.26710305,35.05164211, 1108 N  HAWTHORNE ST
-85.26725043,35.05138755, 1104 N  HAWTHORNE ST
-85.26729426,35.05127096, 1102 N  HAWTHORNE ST
-85.2641118,35.05590599, 1513 N  ORCHARD KNOB AVE
-85.26404136,35.05606587, 1515 N  ORCHARD KNOB AVE
-85.27065775,35.05413177, 1512 WILSON ST
-85.27065775,35.05413177, 1512 WILSON ST
-85.27065775,35.05413177, 1512 WILSON ST
-85.27065775,35.05413177, 1512 WILSON ST
-85.27065775,35.05413177, 1512 WILSON ST
-85.26993624,35.05039839, 1714 PORTLAND ST
-85.27002528,35.05040073, 1714 PORTLAND ST
-85.26995692,35.05037172, 1714 PORTLAND ST
-85.26427039,35.05910163, 1713 OLIVE ST
-85.26762203,35.05062095, 1092 N  HAWTHORNE ST
-85.25545771,35.09068807, 922 CREEKSIDE RD
-85.2590205,35.08141081, 1195 WISDOM ST
-85.22802697,35.08037518, 3003 ADDISON RD
-85.23592251,35.06761876, 2812 NEW JERSEY AVE
-85.25349033,35.06147011, 2107 DAVENPORT ST
-85.27018171,35.05141638, 1009 N  HICKORY ST
-85.26994656,35.0538571, 1608 WILSON ST
-85.25226744,35.0646929, 2309 GLASS ST
-85.23351881,35.05889762, 2321 GREEN FOREST DR
-85.25041021,35.06771186, 2304 FAIRLEIGH ST
-85.25761422,35.04799236, 2508 LAURA ST
-85.25371371,35.05355892, 2543 OCOEE ST
-85.26868394,35.05478719, 1707 RUBIO ST
-85.25921201,35.05065889, 1306 ARLINGTON AVE
-85.23966383,35.07604471, 3428 VINEWOOD DR
-85.23585665,35.06773858, 2814 NEW JERSEY AVE
-85.23978604,35.07706638, 3504 E  CREST DR
-85.21108213,35.06937843, 3812 CHERWOOD LN
-85.23186261,35.05742476, 2302 GREEN FOREST DR
-85.21070506,35.06941979, 3810 CHERWOOD LN
-85.2413954,35.06363035, 626 N  CREST RD
-85.24970787,35.09833143, 4305 AMNICOLA HWY
-85.2456102,35.08809509, 4067 N  HAWTHORNE ST
-85.2449669,35.08804489, 4071 N  HAWTHORNE ST
-85.24144222,35.08872176, 4083 N  HAWTHORNE ST
-85.25266097,35.06701691, 2510 DODSON AVE
-85.27025732,35.05128065, 1007 N  HICKORY ST
-85.2523876,35.06760913, 2602 DODSON AVE
-85.24058055,35.09231613, 4180 S  CREEK RD
-85.26635098,35.0529628, 1815 WILSON ST
-85.25680604,35.04097077, 2708 CITICO AVE
-85.26921853,35.05198357, 1100 N  HICKORY ST
-85.23988108,35.09545444, 4400 AMNICOLA HWY
-85.24006685,35.09513026, 4400 AMNICOLA HWY
-85.24018127,35.09494579, 4400 AMNICOLA HWY
-85.23393561,35.05858412, 2320 GREEN FOREST DR
-85.23390133,35.05882598, 2323 GREEN FOREST DR
-85.23333913,35.05870239, 2319 GREEN FOREST DR
-85.23369066,35.05839757, 2318 GREEN FOREST DR
-85.26564831,35.04874464, 2009 WINDSOR ST
-85.24682188,35.0762005, 2215 ALLIN ST
-85.26209848,35.05768102, 1910 OLIVE ST
-85.24727059,35.07243742, 2311 WILDER ST
-85.24742637,35.07248734, 2309 WILDER ST
-85.23176224,35.07248753, 3627 WAUCHULA ST
-85.26757762,35.04747129, 1909 RAWLINGS ST
-85.20942583,35.06953408, 3805 CHERWOOD LN
-85.23539565,35.0706611, 3003 NEW YORK AVE
-85.25933975,35.04814437, 1118 WHEELER AVE
-85.26747933,35.05086993, 1096 N  HAWTHORNE ST
-85.23602282,35.0675144, 2810 NEW JERSEY AVE
-85.23618449,35.06727757, 2804 NEW JERSEY AVE
-85.23611864,35.06739738, 2806 NEW JERSEY AVE
-85.25766677,35.05671882, 1805 TAYLOR ST
-85.25761409,35.05681596, 1807 TAYLOR ST
-85.21150589,35.07007065, 3815 CHERWOOD LN
-85.21105026,35.07014046, 3813 CHERWOOD LN
-85.21133535,35.0695322, 3814 CHERWOOD LN
-85.21148398,35.0697684, 3816 CHERWOOD LN
-85.23523219,35.0897507, 2505 N  WILDER ST
-85.26846531,35.05306111, 1216 N  HICKORY ST
-85.26908444,35.05352055, 1706 WILSON ST
-85.26572117,35.05902655, 1610 OLIVE ST
-85.23254199,35.05764697, 2308 GREEN FOREST DR
-85.25363867,35.05352375, 2549 OCOEE ST
-85.25357326,35.05350258, 2555 OCOEE ST
-85.25774856,35.05009189, 1307 N  CHAMBERLAIN AVE
-85.26968163,35.05360027, 1700 WILSON ST
-85.25736757,35.04789685, 2512 LAURA ST
-85.26344849,35.04942187, 2108 COOLEY ST
-85.24904076,35.06988975, 2306 CUSHMAN ST
-85.26255196,35.04495675, 870 ARLINGTON AVE
-85.2666369,35.05223993, 1120 N  HAWTHORNE ST
-85.26671143,35.05211645, 1118 N  HAWTHORNE ST
-85.24171462,35.06694239, 2452 YORK ST
-85.24668849,35.07765915, 3504 DODSON AVE
-85.2091124,35.07418966, 4315 TEE PEE DR
-85.2547333,35.05915377, 1997 N  CHAMBERLAIN AVE
-85.25476063,35.05907141, 1993 N  CHAMBERLAIN AVE
-85.22292164,35.07985243, 4127 BONNY OAKS DR
-85.23358262,35.08405594, 2619 BOYCE ST
-85.23358262,35.08405594, 2619 BOYCE ST
-85.23358262,35.08405594, 2619 BOYCE ST
-85.25161852,35.06030039, 2148 N  CHAMBERLAIN AVE
-85.25159257,35.06035988, 2154 N  CHAMBERLAIN AVE
-85.25155691,35.06042428, 2160 N  CHAMBERLAIN AVE
-85.25152975,35.06048377, 2166 N  CHAMBERLAIN AVE
-85.24902054,35.07564411, 2107 WISDOM ST
-85.25936818,35.05666646, 1716 STANFIEL ST
-85.2396893,35.09624016, 4396 AMNICOLA HWY
-85.25095353,35.0646236, 2404 GLASS ST
-85.27195862,35.05359831, 1264 N  HOLTZCLAW AVE
-85.26481984,35.05238567, 1915 WILSON ST
-85.21039291,35.08374076, 4273 BENTON DR
-85.2522244,35.05883209, 2016 N  CHAMBERLAIN AVE
-85.2522601,35.05452696, 2531 OLIVE ST
-85.26780296,35.04958756, 1832 PORTLAND ST
-85.22627315,35.07932495, 4018 BONNY OAKS DR
-85.22629172,35.07903171, 3115 DWIGHT ST
-85.22592648,35.07901941, 3119 DWIGHT ST
-85.2353762,35.09060437, 2502 MAPLE ST
-85.23524251,35.09055069, 2504 MAPLE ST
-85.23510315,35.09049853, 2506 MAPLE ST
-85.23495052,35.09044939, 2508 MAPLE ST
-85.23478671,35.09038465, 2510 MAPLE ST
-85.23463609,35.09032309, 2512 MAPLE ST
-85.23447414,35.09026146, 2514 MAPLE ST
-85.2343536,35.09021719, 2516 MAPLE ST
-85.27254291,35.07485117, 2629 RIVERPORT RD
-85.26794096,35.05306528, 1724 WILSON ST
-85.26780008,35.05302364, 1726 WILSON ST
-85.25003833,35.06196709, 2202 N  CHAMBERLAIN AVE
-85.24307207,35.08214825, 3727 GRACE AVE
-85.25614799,35.09084312, 904 CREEKSIDE RD
-85.24121667,35.08817513, 4079 N  HAWTHORNE ST
-85.26215106,35.07331336, 2736 BENTON AVE
-85.22964536,35.05419665, 3578 GARNER RD
-85.26510264,35.05046504, 2005 COOLEY ST
-85.26775904,35.04756174, 1901 RAWLINGS ST
-85.23189395,35.05161449, 3542 COTTONWOOD LN
-85.25252423,35.07028387, 2802 CURTIS ST
-85.26541468,35.04623541, 2108 RAWLINGS ST
-85.25831974,35.04897277, 1213 N  CHAMBERLAIN AVE
-85.2569997,35.05569304, 1711 ARLINGTON AVE
-85.2410946,35.05323307, 1604 GREENWOOD RD
-85.2103761,35.06950387, 3808 CHERWOOD LN
-85.25736522,35.05403917, 1606 ARLINGTON AVE
-85.26371769,35.05095604, 2017 LAURA ST
-85.26401469,35.07190098, 1043 APPLING ST
-85.24166841,35.07111633, 18 MOON ST
-85.23191503,35.05239869, 3551 COTTONWOOD LN
-85.23190298,35.05269444, 3553 COTTONWOOD LN
-85.23146943,35.05269544, 3556 COTTONWOOD LN
-85.23254697,35.0511839, 203 TUPELO CT
-85.23188767,35.05116068, 212 TUPELO CT
-85.23511717,35.08970713, 2507 N  WILDER ST
-85.23535207,35.08978917, 2503 N  WILDER ST
-85.26747442,35.04977387, 1005 N  ORCHARD KNOB AVE
-85.26296822,35.04422226, 846 ARLINGTON AVE
-85.26074812,35.0503807, 2300 WILSON ST
-85.26796534,35.04796064, 910 N  ORCHARD KNOB AVE
-85.23185685,35.07569187, 2939 FORGOTTEN TRL
-85.22657771,35.07754009, 3112nanLOOKAWAY TRL
-85.23176823,35.04823476, 1707nanDOGWOOD DR
-85.23166834,35.048359, 1715nanDOGWOOD DR
-85.23156276,35.04848319, 1723nanDOGWOOD DR
-85.23145149,35.0486058, 1731nanDOGWOOD DR
-85.25772507,35.05748666, 1814nanDODSON AVE
-85.24613616,35.06767855, 2726nanNOA ST
-85.24597898,35.06785339, 2752nanNOA ST
-85.25927114,35.05051769, 1304nanARLINGTON AVE
-85.24945881,35.07174071, 2211nanSTUART ST
-85.24767139,35.07439792, 2213nanSEARLE ST
-85.22786333,35.07973088, 3016nanADDISON RD
-85.24945881,35.07174071, 2211nanSTUART ST
-85.25927114,35.05051769, 1304nanARLINGTON AVE
-85.23131628,35.04874993, 1737nanDOGWOOD DR
-85.25399412,35.07009967, 2719nanORTON ST
-85.25704265,35.05342197, 1601nanWHEELER AVE
-85.25702444,35.0534583, 1601nanWHEELER AVE
-85.25108128,35.06717549, 2301nanAPPLING ST
-85.26447976,35.0790533, 3233nanBELLE ARBOR AVE
-85.2525602,35.06404798, 2302nanGLASS ST
-85.24382821,35.07873674, 2335nanRIDGECREST DR
-85.25265953,35.06386826, 2308nanGLASS ST
-85.25690713,35.05357953, 1603nanWHEELER AVE
-85.25259377,35.06397737, 2304nanGLASS ST
-85.25694991,35.05353009, 1603nanWHEELER AVE
-85.251121,35.06708583, 2301nanAPPLING ST
-85.2522336,35.07793273, 3314nanN HAWTHORNE ST
-85.25175375,35.07757773, 1816nanALLIN ST
-85.23613148,35.07765303, 3626nanMOUNTAIN VIEW DR
-85.26997291,35.07261463, 2463nanAmnicola HWY
-85.26837527,35.0834352, 2847nanRIVERPORT RD
-85.26837451,35.0833183, 2847nanRIVERPORT RD
-85.26864862,35.05174179, 1113nanSHERIDAN AVE
-85.2313653,35.05400649, 2112nanTUNNEL BLVD
-85.26032974,35.05009408, 2306nanWILSON ST
-85.25668504,35.05003812, 1400nanN CHAMBERLAIN AVE
-85.24400151,35.07850859, 2327nanRIDGECREST DR
-85.24408239,35.07856705, 2327nanRIDGECREST DR
-85.24413973,35.07841456, 2323nanRIDGECREST DR
-85.24423402,35.07846711, 2323nanRIDGECREST DR
-85.24360459,35.07147779, 3114nanNOA ST
-85.24354057,35.0715663, 3118nanNOA ST
-85.24345437,35.07142789, 3114nanNOA ST
-85.24338672,35.07151537, 3118nanNOA ST
-85.23971933,35.10032141, 4501nanAMNICOLA HWY
-85.24062046,35.10014419, 4501nanAMNICOLA HWY
-85.25593307,35.0598168, 2009nanTAYLOR ST
-85.26689125,35.06752193, 2121nanDELANO DR
-85.25591054,35.05988016, 2009nanTAYLOR ST
-85.26866992,35.05169711, 1113nanSHERIDAN AVE
-85.25237637,35.07756821, 3306nanN HAWTHORNE ST
-85.25436921,35.06684363, 2103nanDAISY ST
-85.24436444,35.07067589, 3012nanNOA ST
-85.25400364,35.07010204, 2719nanORTON ST
-85.21468003,35.08504969, 4200nanRANDOLPH CIR
-85.25532899,35.07083068, 2714nanN ORCHARD KNOB AVE
-85.25441162,35.06685986, 2103nanDAISY ST
-85.23258096,35.05404497, 2106nanTUNNEL BLVD
-85.21468003,35.08504969, 4200nanRANDOLPH CIR
-85.25551161,35.07089129, 2714nanN ORCHARD KNOB AVE
-85.22777985,35.07952584, 3022nanADDISON RD
-85.20484691,35.07398237, 3910nanLIGHTFOOT MILL RD
-85.20493429,35.07381383, 3906nanLIGHTFOOT MILL RD
-85.26226162,35.04607204, 2367nanMILNE ST
-85.23973082,35.07639648, 3433nanVINEWOOD DR
-85.25324823,35.07088271, 2846nanORTON ST
-85.23313896,35.04770908, 1732nanJEANAGA TRL
-85.25703172,35.04345942, 904nanGLENWOOD DR
-85.25691711,35.04368043, 908nanGLENWOOD DR
-85.25626832,35.04459162, 956nanGLENWOOD DR
-85.25667042,35.04477461, 952nanGLENWOOD DR
-85.26220652,35.04605114, 2367nanMILNE ST
-85.21430531,35.08275719, 4053nanS ACCESS RD
-85.21431956,35.0828981, 4057nanS ACCESS RD
-85.25626832,35.04459162, 956nanGLENWOOD DR
-85.25626832,35.04459162, 956nanGLENWOOD DR
-85.25667042,35.04477461, 952nanGLENWOOD DR
-85.25667042,35.04477461, 952nanGLENWOOD DR
-85.25667042,35.04477461, 952nanGLENWOOD DR
-85.24460589,35.08017345, 3587nanDODSON AVE
-85.24439567,35.08037068, 3593nanDODSON AVE
-85.26242555,35.05678081, 1701nanROANOKE AVE
-85.28484848,35.05330361, 1322nanDISTRICT LN
-85.28468538,35.05334715, 1322nanDISTRICT LN
-85.28455375,35.05339945, 1322nanDISTRICT LN
-85.28448004,35.05342404, 1322nanDISTRICT LN
-85.28438076,35.05345045, 1322nanDISTRICT LN
-85.28430705,35.05347505, 1322nanDISTRICT LN
-85.28418022,35.05349702, 1322nanDISTRICT LN
-85.28414299,35.05343921, 1322nanDISTRICT LN
-85.28410099,35.05336067, 1322nanDISTRICT LN
-85.28404688,35.05325097, 1322nanDISTRICT LN
-85.28429969,35.05335442, 1322nanDISTRICT LN
-85.28427351,35.05333376, 1322nanDISTRICT LN
-85.28423016,35.05325571, 1322nanDISTRICT LN
-85.28419194,35.05319834, 1322nanDISTRICT LN
-85.2827892,35.05384316, 1364nanDISTRICT LN
-85.28276028,35.05378222, 1364nanDISTRICT LN
-85.28273609,35.05372154, 1364nanDISTRICT LN
-85.28268309,35.0536252, 1364nanDISTRICT LN
-85.28267559,35.05353472, 1364nanDISTRICT LN
-85.28278892,35.05350581, 1364nanDISTRICT LN
-85.28289133,35.05347551, 1364nanDISTRICT LN
-85.28298619,35.05344126, 1364nanDISTRICT LN
-85.28284737,35.05363487, 1364nanDISTRICT LN
-85.28287285,35.05361362, 1364nanDISTRICT LN
-85.28310073,35.05340175, 1364nanDISTRICT LN
-85.28305268,35.0534168, 1364nanDISTRICT LN
-85.28468538,35.05334715, 1322nanDISTRICT LN
-85.28455375,35.05339945, 1322nanDISTRICT LN
-85.28448004,35.05342404, 1322nanDISTRICT LN
-85.28438076,35.05345045, 1322nanDISTRICT LN
-85.28430705,35.05347505, 1322nanDISTRICT LN
-85.28418022,35.05349702, 1322nanDISTRICT LN
-85.28414299,35.05343921, 1322nanDISTRICT LN
-85.28410099,35.05336067, 1322nanDISTRICT LN
-85.28404688,35.05325097, 1322nanDISTRICT LN
-85.28429969,35.05335442, 1322nanDISTRICT LN
-85.28427351,35.05333376, 1322nanDISTRICT LN
-85.28423016,35.05325571, 1322nanDISTRICT LN
-85.28419194,35.05319834, 1322nanDISTRICT LN
-85.28468538,35.05334715, 1322nanDISTRICT LN
-85.28455375,35.05339945, 1322nanDISTRICT LN
-85.28448004,35.05342404, 1322nanDISTRICT LN
-85.28438076,35.05345045, 1322nanDISTRICT LN
-85.28430705,35.05347505, 1322nanDISTRICT LN
-85.28418022,35.05349702, 1322nanDISTRICT LN
-85.28414299,35.05343921, 1322nanDISTRICT LN
-85.28410099,35.05336067, 1322nanDISTRICT LN
-85.28404688,35.05325097, 1322nanDISTRICT LN
-85.28429969,35.05335442, 1322nanDISTRICT LN
-85.28427351,35.05333376, 1322nanDISTRICT LN
-85.28423016,35.05325571, 1322nanDISTRICT LN
-85.28419194,35.05319834, 1322nanDISTRICT LN
-85.28468538,35.05334715, 1322nanDISTRICT LN
-85.28455375,35.05339945, 1322nanDISTRICT LN
-85.28448004,35.05342404, 1322nanDISTRICT LN
-85.28438076,35.05345045, 1322nanDISTRICT LN
-85.28430705,35.05347505, 1322nanDISTRICT LN
-85.28418022,35.05349702, 1322nanDISTRICT LN
-85.28414299,35.05343921, 1322nanDISTRICT LN
-85.28410099,35.05336067, 1322nanDISTRICT LN
-85.28404688,35.05325097, 1322nanDISTRICT LN
-85.28429969,35.05335442, 1322nanDISTRICT LN
-85.28427351,35.05333376, 1322nanDISTRICT LN
-85.28423016,35.05325571, 1322nanDISTRICT LN
-85.28419194,35.05319834, 1322nanDISTRICT LN
-85.28471502,35.05321852, 1322nanDISTRICT LN
-85.28462499,35.05326046, 1322nanDISTRICT LN
-85.2845635,35.05328099, 1322nanDISTRICT LN
-85.28449204,35.05330973, 1322nanDISTRICT LN
-85.28436736,35.05333886, 1322nanDISTRICT LN
-85.28478784,35.0532308, 1322nanDISTRICT LN
-85.28459576,35.05335939, 1322nanDISTRICT LN
-85.28471502,35.05321852, 1322nanDISTRICT LN
-85.28462499,35.05326046, 1322nanDISTRICT LN
-85.2845635,35.05328099, 1322nanDISTRICT LN
-85.28449204,35.05330973, 1322nanDISTRICT LN
-85.28436736,35.05333886, 1322nanDISTRICT LN
-85.28478784,35.0532308, 1322nanDISTRICT LN
-85.28459576,35.05335939, 1322nanDISTRICT LN
-85.28471502,35.05321852, 1322nanDISTRICT LN
-85.28462499,35.05326046, 1322nanDISTRICT LN
-85.2845635,35.05328099, 1322nanDISTRICT LN
-85.28449204,35.05330973, 1322nanDISTRICT LN
-85.28436736,35.05333886, 1322nanDISTRICT LN
-85.28478784,35.0532308, 1322nanDISTRICT LN
-85.28459576,35.05335939, 1322nanDISTRICT LN
-85.28487274,35.05323023, 1322nanDISTRICT LN
-85.28483202,35.0533711, 1322nanDISTRICT LN
-85.28487274,35.05323023, 1322nanDISTRICT LN
-85.28483202,35.0533711, 1322nanDISTRICT LN
-85.28271512,35.05368287, 1364nanDISTRICT LN
-85.28320421,35.05337008, 1364nanDISTRICT LN
-85.28331875,35.05333057, 1364nanDISTRICT LN
-85.28327069,35.05334562, 1364nanDISTRICT LN
-85.2827892,35.05384316, 1364nanDISTRICT LN
-85.28276028,35.05378222, 1364nanDISTRICT LN
-85.28273609,35.05372154, 1364nanDISTRICT LN
-85.28268309,35.0536252, 1364nanDISTRICT LN
-85.28267559,35.05353472, 1364nanDISTRICT LN
-85.28278892,35.05350581, 1364nanDISTRICT LN
-85.28289133,35.05347551, 1364nanDISTRICT LN
-85.28298619,35.05344126, 1364nanDISTRICT LN
-85.28284737,35.05363487, 1364nanDISTRICT LN
-85.28287285,35.05361362, 1364nanDISTRICT LN
-85.28310073,35.05340175, 1364nanDISTRICT LN
-85.28305268,35.0534168, 1364nanDISTRICT LN
-85.28271512,35.05368287, 1364nanDISTRICT LN
-85.28320421,35.05337008, 1364nanDISTRICT LN
-85.28331875,35.05333057, 1364nanDISTRICT LN
-85.28327069,35.05334562, 1364nanDISTRICT LN
-85.2827892,35.05384316, 1364nanDISTRICT LN
-85.28276028,35.05378222, 1364nanDISTRICT LN
-85.28273609,35.05372154, 1364nanDISTRICT LN
-85.28268309,35.0536252, 1364nanDISTRICT LN
-85.28267559,35.05353472, 1364nanDISTRICT LN
-85.28278892,35.05350581, 1364nanDISTRICT LN
-85.28289133,35.05347551, 1364nanDISTRICT LN
-85.28298619,35.05344126, 1364nanDISTRICT LN
-85.28284737,35.05363487, 1364nanDISTRICT LN
-85.28287285,35.05361362, 1364nanDISTRICT LN
-85.28310073,35.05340175, 1364nanDISTRICT LN
-85.28305268,35.0534168, 1364nanDISTRICT LN
-85.28271512,35.05368287, 1364nanDISTRICT LN
-85.28320421,35.05337008, 1364nanDISTRICT LN
-85.28331875,35.05333057, 1364nanDISTRICT LN
-85.28327069,35.05334562, 1364nanDISTRICT LN
-85.2827892,35.05384316, 1364nanDISTRICT LN
-85.28276028,35.05378222, 1364nanDISTRICT LN
-85.28273609,35.05372154, 1364nanDISTRICT LN
-85.28268309,35.0536252, 1364nanDISTRICT LN
-85.28267559,35.05353472, 1364nanDISTRICT LN
-85.28278892,35.05350581, 1364nanDISTRICT LN
-85.28289133,35.05347551, 1364nanDISTRICT LN
-85.28298619,35.05344126, 1364nanDISTRICT LN
-85.28284737,35.05363487, 1364nanDISTRICT LN
-85.28287285,35.05361362, 1364nanDISTRICT LN
-85.28310073,35.05340175, 1364nanDISTRICT LN
-85.28305268,35.0534168, 1364nanDISTRICT LN
-85.28271512,35.05368287, 1364nanDISTRICT LN
-85.28320421,35.05337008, 1364nanDISTRICT LN
-85.28331875,35.05333057, 1364nanDISTRICT LN
-85.28327069,35.05334562, 1364nanDISTRICT LN
-85.28333907,35.05376952, 1352nanDISTRICT LN
-85.28339459,35.05342123, 1364nanDISTRICT LN
-85.2832745,35.05345971, 1364nanDISTRICT LN
-85.283201,35.05348565, 1364nanDISTRICT LN
-85.28301102,35.05354748, 1364nanDISTRICT LN
-85.28293752,35.05357341, 1364nanDISTRICT LN
-85.2831357,35.0535056, 1364nanDISTRICT LN
-85.2830622,35.05353153, 1364nanDISTRICT LN
-85.28292619,35.05376642, 1364nanDISTRICT LN
-85.28288672,35.05370922, 1364nanDISTRICT LN
-85.28339459,35.05342123, 1364nanDISTRICT LN
-85.2832745,35.05345971, 1364nanDISTRICT LN
-85.283201,35.05348565, 1364nanDISTRICT LN
-85.28301102,35.05354748, 1364nanDISTRICT LN
-85.28293752,35.05357341, 1364nanDISTRICT LN
-85.2831357,35.0535056, 1364nanDISTRICT LN
-85.2830622,35.05353153, 1364nanDISTRICT LN
-85.28292619,35.05376642, 1364nanDISTRICT LN
-85.28288672,35.05370922, 1364nanDISTRICT LN
-85.28339459,35.05342123, 1364nanDISTRICT LN
-85.2832745,35.05345971, 1364nanDISTRICT LN
-85.283201,35.05348565, 1364nanDISTRICT LN
-85.28301102,35.05354748, 1364nanDISTRICT LN
-85.28293752,35.05357341, 1364nanDISTRICT LN
-85.2831357,35.0535056, 1364nanDISTRICT LN
-85.2830622,35.05353153, 1364nanDISTRICT LN
-85.28292619,35.05376642, 1364nanDISTRICT LN
-85.28288672,35.05370922, 1364nanDISTRICT LN
-85.28197977,35.05373081, 1390nanDISTRICT LN
-85.28207011,35.05370631, 1390nanDISTRICT LN
-85.28215561,35.05368651, 1390nanDISTRICT LN
-85.28230909,35.05363103, 1390nanDISTRICT LN
-85.28250376,35.05371826, 1390nanDISTRICT LN
-85.28222976,35.05365721, 1390nanDISTRICT LN
-85.28197977,35.05373081, 1390nanDISTRICT LN
-85.28207011,35.05370631, 1390nanDISTRICT LN
-85.28215561,35.05368651, 1390nanDISTRICT LN
-85.28230909,35.05363103, 1390nanDISTRICT LN
-85.28250376,35.05371826, 1390nanDISTRICT LN
-85.28222976,35.05365721, 1390nanDISTRICT LN
-85.28197977,35.05373081, 1390nanDISTRICT LN
-85.28207011,35.05370631, 1390nanDISTRICT LN
-85.28215561,35.05368651, 1390nanDISTRICT LN
-85.28230909,35.05363103, 1390nanDISTRICT LN
-85.28250376,35.05371826, 1390nanDISTRICT LN
-85.28222976,35.05365721, 1390nanDISTRICT LN
-85.28197977,35.05373081, 1390nanDISTRICT LN
-85.28207011,35.05370631, 1390nanDISTRICT LN
-85.28215561,35.05368651, 1390nanDISTRICT LN
-85.28230909,35.05363103, 1390nanDISTRICT LN
-85.28250376,35.05371826, 1390nanDISTRICT LN
-85.28222976,35.05365721, 1390nanDISTRICT LN
-85.28242946,35.05360317, 1390nanDISTRICT LN
-85.28242946,35.05360317, 1390nanDISTRICT LN
-85.28242946,35.05360317, 1390nanDISTRICT LN
-85.28242946,35.05360317, 1390nanDISTRICT LN
-85.28247552,35.05366541, 1390nanDISTRICT LN
-85.28247552,35.05366541, 1390nanDISTRICT LN
-85.28247552,35.05366541, 1390nanDISTRICT LN
-85.28247552,35.05366541, 1390nanDISTRICT LN
-85.28252194,35.05378481, 1390nanDISTRICT LN
-85.28252194,35.05378481, 1390nanDISTRICT LN
-85.28252194,35.05378481, 1390nanDISTRICT LN
-85.28252194,35.05378481, 1390nanDISTRICT LN
-85.28236895,35.053768, 1390nanDISTRICT LN
-85.28236895,35.053768, 1390nanDISTRICT LN
-85.28236895,35.053768, 1390nanDISTRICT LN
-85.28236895,35.053768, 1390nanDISTRICT LN
-85.28231593,35.05374838, 1390nanDISTRICT LN
-85.28231593,35.05374838, 1390nanDISTRICT LN
-85.28231593,35.05374838, 1390nanDISTRICT LN
-85.28231593,35.05374838, 1390nanDISTRICT LN
-85.28254079,35.05384228, 1390nanDISTRICT LN
-85.28254079,35.05384228, 1390nanDISTRICT LN
-85.28254079,35.05384228, 1390nanDISTRICT LN
-85.28254079,35.05384228, 1390nanDISTRICT LN
-85.28259218,35.05392019, 1390nanDISTRICT LN
-85.28259218,35.05392019, 1390nanDISTRICT LN
-85.28259218,35.05392019, 1390nanDISTRICT LN
-85.28259218,35.05392019, 1390nanDISTRICT LN
-85.28246121,35.05396277, 1390nanDISTRICT LN
-85.28246121,35.05396277, 1390nanDISTRICT LN
-85.28246121,35.05396277, 1390nanDISTRICT LN
-85.28242,35.05388088, 1390nanDISTRICT LN
-85.28242,35.05388088, 1390nanDISTRICT LN
-85.28242,35.05388088, 1390nanDISTRICT LN
-85.28239255,35.05382802, 1390nanDISTRICT LN
-85.28239255,35.05382802, 1390nanDISTRICT LN
-85.28239255,35.05382802, 1390nanDISTRICT LN
-85.2820559,35.05384209, 1390nanDISTRICT LN
-85.2820559,35.05384209, 1390nanDISTRICT LN
-85.2820559,35.05384209, 1390nanDISTRICT LN
-85.28215327,35.0538041, 1390nanDISTRICT LN
-85.28215327,35.0538041, 1390nanDISTRICT LN
-85.28215327,35.0538041, 1390nanDISTRICT LN
-85.28221608,35.05377889, 1390nanDISTRICT LN
-85.28221608,35.05377889, 1390nanDISTRICT LN
-85.28221608,35.05377889, 1390nanDISTRICT LN
-85.28402032,35.0542896, 1347nanDISTRICT LN
-85.28402032,35.0542896, 1347nanDISTRICT LN
-85.28423993,35.05410302, 1347nanDISTRICT LN
-85.28423993,35.05410302, 1347nanDISTRICT LN
-85.28423993,35.05410302, 1347nanDISTRICT LN
-85.28414193,35.05413754, 1347nanDISTRICT LN
-85.28414193,35.05413754, 1347nanDISTRICT LN
-85.28414193,35.05413754, 1347nanDISTRICT LN
-85.28407606,35.05415948, 1347nanDISTRICT LN
-85.28407606,35.05415948, 1347nanDISTRICT LN
-85.28407606,35.05415948, 1347nanDISTRICT LN
-85.28397807,35.05419401, 1347nanDISTRICT LN
-85.28397807,35.05419401, 1347nanDISTRICT LN
-85.28397807,35.05419401, 1347nanDISTRICT LN
-85.28387365,35.05421952, 1347nanDISTRICT LN
-85.28387365,35.05421952, 1347nanDISTRICT LN
-85.28387365,35.05421952, 1347nanDISTRICT LN
-85.28471882,35.05396887, 1315nanDISTRICT LN
-85.28471882,35.05396887, 1315nanDISTRICT LN
-85.28471882,35.05396887, 1315nanDISTRICT LN
-85.28471882,35.05396887, 1315nanDISTRICT LN
-85.28461805,35.05400403, 1315nanDISTRICT LN
-85.28461805,35.05400403, 1315nanDISTRICT LN
-85.28461805,35.05400403, 1315nanDISTRICT LN
-85.28461805,35.05400403, 1315nanDISTRICT LN
-85.28479783,35.05394813, 1315nanDISTRICT LN
-85.28479783,35.05394813, 1315nanDISTRICT LN
-85.28479783,35.05394813, 1315nanDISTRICT LN
-85.28479783,35.05394813, 1315nanDISTRICT LN
-85.2848658,35.05392764, 1315nanDISTRICT LN
-85.2848658,35.05392764, 1315nanDISTRICT LN
-85.2848658,35.05392764, 1315nanDISTRICT LN
-85.2848658,35.05392764, 1315nanDISTRICT LN
-85.28495254,35.05390002, 1315nanDISTRICT LN
-85.28495254,35.05390002, 1315nanDISTRICT LN
-85.28495254,35.05390002, 1315nanDISTRICT LN
-85.28495254,35.05390002, 1315nanDISTRICT LN
-85.28402032,35.0542896, 1347nanDISTRICT LN
-85.28402032,35.0542896, 1347nanDISTRICT LN
-85.28391955,35.05432476, 1347nanDISTRICT LN
-85.28391955,35.05432476, 1347nanDISTRICT LN
-85.28391955,35.05432476, 1347nanDISTRICT LN
-85.28391955,35.05432476, 1347nanDISTRICT LN
-85.28409934,35.05426887, 1347nanDISTRICT LN
-85.28409934,35.05426887, 1347nanDISTRICT LN
-85.28409934,35.05426887, 1347nanDISTRICT LN
-85.28409934,35.05426887, 1347nanDISTRICT LN
-85.2841673,35.05424838, 1347nanDISTRICT LN
-85.2841673,35.05424838, 1347nanDISTRICT LN
-85.2841673,35.05424838, 1347nanDISTRICT LN
-85.2841673,35.05424838, 1347nanDISTRICT LN
-85.2842885,35.05420621, 1347nanDISTRICT LN
-85.2842885,35.05420621, 1347nanDISTRICT LN
-85.2842885,35.05420621, 1347nanDISTRICT LN
-85.2842885,35.05420621, 1347nanDISTRICT LN
-85.28466376,35.05385084, 1315nanDISTRICT LN
-85.28466376,35.05385084, 1315nanDISTRICT LN
-85.28466376,35.05385084, 1315nanDISTRICT LN
-85.28466376,35.05385084, 1315nanDISTRICT LN
-85.28456299,35.053886, 1315nanDISTRICT LN
-85.28456299,35.053886, 1315nanDISTRICT LN
-85.28456299,35.053886, 1315nanDISTRICT LN
-85.28456299,35.053886, 1315nanDISTRICT LN
-85.28489585,35.05377811, 1315nanDISTRICT LN
-85.28489585,35.05377811, 1315nanDISTRICT LN
-85.28489585,35.05377811, 1315nanDISTRICT LN
-85.28489585,35.05377811, 1315nanDISTRICT LN
-85.2848387,35.05380451, 1315nanDISTRICT LN
-85.2848387,35.05380451, 1315nanDISTRICT LN
-85.2848387,35.05380451, 1315nanDISTRICT LN
-85.2848387,35.05380451, 1315nanDISTRICT LN
-85.28498591,35.05386152, 1315nanDISTRICT LN
-85.28498591,35.05386152, 1315nanDISTRICT LN
-85.28498591,35.05386152, 1315nanDISTRICT LN
-85.28498591,35.05386152, 1315nanDISTRICT LN
-85.28504284,35.05381828, 1315nanDISTRICT LN
-85.28504284,35.05381828, 1315nanDISTRICT LN
-85.28504284,35.05381828, 1315nanDISTRICT LN
-85.28504284,35.05381828, 1315nanDISTRICT LN
-85.28475193,35.05383759, 1315nanDISTRICT LN
-85.28475193,35.05383759, 1315nanDISTRICT LN
-85.28475193,35.05383759, 1315nanDISTRICT LN
-85.28499836,35.05367838, 1315nanDISTRICT LN
-85.28499836,35.05367838, 1315nanDISTRICT LN
-85.28499836,35.05367838, 1315nanDISTRICT LN
-85.28510729,35.05376198, 1315nanDISTRICT LN
-85.28510729,35.05376198, 1315nanDISTRICT LN
-85.28510729,35.05376198, 1315nanDISTRICT LN
-85.28507179,35.05370551, 1315nanDISTRICT LN
-85.25697281,35.04394101, 914nanGLENWOOD DR
-85.25693933,35.04400281, 918nanGLENWOOD DR
-85.25691132,35.0440669, 922nanGLENWOOD DR
-85.25687785,35.04412871, 926nanGLENWOOD DR
-85.25682917,35.04420395, 930nanGLENWOOD DR
-85.25674429,35.04433872, 938nanGLENWOOD DR
-85.25678186,35.04427975, 934nanGLENWOOD DR
-85.25264118,35.07721031, 3302nanN HAWTHORNE ST
-85.26251221,35.05662045, 1617nanROANOKE AVE
-85.23321232,35.06555905, 3013nanNORTHWAY LN
-85.24695697,35.06509943, 2406nanAWTRY ST
-85.22666473,35.09337487, 4600nanAMNICOLA HWY
-85.26739536,35.07253859, 904nanAPPLING ST
-85.26740928,35.05933449, 1707nanSHOLAR AVE
-85.2624776,35.04784267, 2211nanWINDSOR ST
-85.26240139,35.04798843, 2211nanWINDSOR ST
-85.24454547,35.06823597, 2609nanFROST ST
-85.23366367,35.08071586, 2658nanHARRISON PIKE
-85.271036,35.05312128, 1210nanHENDRICKS ST
-85.271036,35.05312128, 1210nanHENDRICKS ST
-85.2671654,35.05522508, 1723nanWILCOX BLVD
-85.26702384,35.05517117, 1725nanWILCOX BLVD
-85.2671654,35.05522508, 1723nanWILCOX BLVD
-85.26702384,35.05517117, 1725nanWILCOX BLVD
-85.25705148,35.05657444, 1808nanTAYLOR ST
-85.25705148,35.05657444, 1808nanTAYLOR ST
-85.26182706,35.05560777, 1603nanBRADT ST
-85.25690167,35.05263999, 1508nanWHEELER AVE
-85.25690167,35.05263999, 1508nanWHEELER AVE
-85.21073236,35.06989047, 3811nanCHERWOOD LN
-85.26454881,35.05184131, 2004nanWILSON ST
-85.27003395,35.05167407, 1013nanN HICKORY ST
-85.2644978,35.05182731, 2004nanWILSON ST
-85.27043571,35.05087394, 1001nanN HICKORY ST
-85.27011045,35.05153019, 1011nanN HICKORY ST
-85.27004945,35.0516712, 1013nanN HICKORY ST
-85.21074113,35.06988343, 3811nanCHERWOOD LN
-85.25338486,35.05300953, 2604nanOCOEE ST
-85.25461937,35.0696939, 2703nanORTON ST
-85.25999329,35.04595586, 911nanN CHAMBERLAIN AVE
-85.23354914,35.08079529, 2664nanHARRISON PIKE
-85.23381734,35.08062332, 2632nanHARRISON PIKE
-85.23212269,35.05751578, 2304nanGREEN FOREST DR
-85.26296714,35.04369819, 2305nanCITICO AVE
-85.23237284,35.0576151, 2306nanGREEN FOREST DR
-85.23808336,35.07438725, 3402nanBIRCHWOOD DR
-85.26965155,35.05325743, 1226nanSHOLAR AVE
-85.26957332,35.05336945, 1228nanSHOLAR AVE
-85.25226276,35.06790821, 2606nanDODSON AVE
-85.25198846,35.06780961, 2606nanDODSON AVE
-85.25192735,35.06791322, 2608nanDODSON AVE
-85.26033744,35.07300171, 2800nanWOOD AVE
-85.25388504,35.0668532, 2109nanDAISY ST
-85.23292833,35.06487901, 3016nanNORTHWAY LN
-85.23259648,35.06475673, 3018nanNORTHWAY LN
-85.23359665,35.06532306, 3010nanNORTHWAY LN
-85.2690345,35.05496176, 1703nanRUBIO ST
-85.24812227,35.07541396, 3302nanDODSON AVE
-85.26842135,35.05131896, 1110nanSHERIDAN AVE
-85.24172992,35.07243355, 3215nanCAMPBELL ST
-85.24172992,35.07243355, 3215nanCAMPBELL ST
-85.24172992,35.07243355, 3215nanCAMPBELL ST
-85.26493152,35.05883233, 1704nanOLIVE ST
-85.24472743,35.07928734, 3542nanDODSON AVE
-85.24837349,35.07642208, 3315nanDODSON AVE
-85.24422855,35.07125564, 3107nanNOA ST
-85.24413923,35.07152849, 3115nanNOA ST
-85.26323159,35.05653131, 1616nanN ORCHARD KNOB AVE
-85.25789709,35.05663764, 1803nanTAYLOR ST
-85.24468676,35.08058287, 3593nanDODSON AVE
-85.26011206,35.04574077, 907nanN CHAMBERLAIN AVE
-85.26191634,35.0813077, 3416nanAMNICOLA HWY
-85.253195,35.05449897, 2520nanOLIVE ST
-85.25256978,35.06816334, 2611nanDODSON AVE
-85.26949754,35.05129074, 1010nanN HICKORY ST
-85.23973937,35.07722718, 3506nanE CREST DR
-85.25407052,35.05737067, 1919nanN CHAMBERLAIN AVE
-85.25415828,35.05720964, 1915nanN CHAMBERLAIN AVE
-85.2542365,35.0570446, 1911nanN CHAMBERLAIN AVE
-85.2543243,35.05687962, 1907nanN CHAMBERLAIN AVE
-85.2523321,35.06371733, 2315nanCRUTCHFIELD ST
-85.28510729,35.05376198, 1315nanDISTRICT LN
-85.28499836,35.05367838, 1315nanDISTRICT LN
-85.24464905,35.07802707, 2317nanRIDGECREST DR
-85.23977131,35.07719142, 3506nanE CREST DR
-85.26073871,35.04968215, 2300nanWILSON ST
-85.26864167,35.05278561, 1212nanN HICKORY ST
-85.26453961,35.05222293, 2001nanWILSON ST
-85.26499351,35.05885424, 1704nanOLIVE ST
-85.23200525,35.05747466, 2304nanGREEN FOREST DR
-85.26813395,35.0496796, 1816nanPORTLAND ST
-85.27007431,35.05163503, 1013nanN HICKORY ST
-85.26514337,35.05879929, 1702nanOLIVE ST
-85.26797079,35.04961146, 1818nanPORTLAND ST
-85.26454893,35.05184018, 2004nanWILSON ST
-85.25667188,35.05963307, 2004nanDODSON AVE
-85.25639696,35.04178783, 2709nanCITICO AVE
-85.26296714,35.04369819, 2305nanCITICO AVE
-85.26005999,35.04582294, 909nanN CHAMBERLAIN AVE
-85.26906405,35.05491798, 1703nanRUBIO ST
-85.26184016,35.05557283, 1603nanBRADT ST
-85.23805924,35.07434134, 3402nanBIRCHWOOD DR
-85.25382643,35.06683322, 2109nanDAISY ST
-85.25635366,35.06019035, 2016nanDODSON AVE
-85.26840463,35.05135788, 1110nanSHERIDAN AVE
-85.20919506,35.06945024, 3803nanCHERWOOD LN
-85.25220594,35.06801173, 2608nanDODSON AVE
-85.21083535,35.06984012, 3811nanCHERWOOD LN
-85.26393591,35.04497908, 818nanDODSON AVE
-85.23226598,35.0575801, 2306nanGREEN FOREST DR
-85.25258659,35.06812292, 2611nanDODSON AVE
-85.25645673,35.0600047, 2012nanDODSON AVE
-85.25503481,35.05594212, 1806nanWHEELER AVE
-85.26326752,35.05646568, 1614nanN ORCHARD KNOB AVE
-85.26231273,35.04813156, 2211nanWINDSOR ST
-85.25452782,35.06966049, 2703nanORTON ST
-85.23435152,35.08376754, 2607nanBOYCE ST
-85.24841806,35.07286656, 3103nanTAYLOR ST
-85.23108141,35.04903972, 1749nanDOGWOOD DR
-85.23448989,35.08378742, 2605nanBOYCE ST
-85.22811589,35.04524325, 3836nanAGAWELA DR
-85.2550905,35.05582206, 1804nanWHEELER AVE
-85.21306564,35.08310621, 4236nanBENTON DR
-85.21233807,35.08284275, 4244nanBENTON DR
-85.26534642,35.05881109, 1700nanOLIVE ST
-85.26609632,35.0580026, 1658nanOCOEE ST
-85.23494881,35.0476878, 1614nanPARKWAY DR
-85.20494401,35.07363386, 3900nanLIGHTFOOT MILL RD
-85.24254035,35.06811854, 2509nanCAMPBELL ST
-85.24249943,35.06797665, 2507nanCAMPBELL ST
-85.24250681,35.06788317, 2505nanCAMPBELL ST
-85.25646465,35.05568764, 1720nanARLINGTON AVE
-85.253462,35.05344852, 2601nanOCOEE ST
-85.26207328,35.04848728, 1050nanDODSON AVE
-85.24127917,35.08284666, 3812nanGRACE AVE
-85.24142538,35.08278471, 3810nanGRACE AVE
-85.26798526,35.05014969, 1000nanN HAWTHORNE ST
-85.25655025,35.0555341, 1712nanARLINGTON AVE
-85.20498345,35.07355953, 3896nanLIGHTFOOT MILL RD
-85.24198005,35.08288487, 3801nanGRACE AVE
-85.24205508,35.08283609, 3795nanGRACE AVE
-85.24211809,35.08279052, 3787nanGRACE AVE
-85.2423065,35.08269224, 3775nanGRACE AVE
-85.25789835,35.08922466, 3720nanAMNICOLA HWY
-85.23469567,35.08331274, 4026nanMEADOW LN
-85.25579047,35.06964567, 2637nanN BEECH ST
-85.25585117,35.06952309, 2631nanN BEECH ST
-85.24715556,35.06490166, 2404nanAWTRY ST
-85.25000017,35.07504938, 3206nanCURTIS ST
-85.25246371,35.05411348, 2532nanOLIVE ST
-85.27591136,35.05783663, 1998nanRIVERSIDE DR
-85.25819951,35.08949605, 3720nanAMNICOLA HWY
-85.22626754,35.06420387, 2640nanTUNNEL BLVD
-85.24628895,35.07873185, 3525nanDODSON AVE
-85.23647734,35.07685395, 3616nanMOUNTAIN VIEW DR
-85.2363176,35.07727908, 3622nanMOUNTAIN VIEW DR
-85.23627586,35.0774755, 3624nanMOUNTAIN VIEW DR
-85.24646723,35.07885944, 3525nanDODSON AVE
-85.26414598,35.04714641, 2203nanMILNE ST
-85.25647954,35.06836771, 1906nanAPPLING ST
-85.2668993,35.05193642, 1114nanN HAWTHORNE ST
-85.26684115,35.05205334, 1116nanN HAWTHORNE ST
-85.21264421,35.08288789, 4240nanBENTON DR
-85.26528076,35.05892911, 1700nanOLIVE ST
-85.26615703,35.05802739, 1656nanOCOEE ST
-85.20525985,35.07306887, 3864nanLIGHTFOOT MILL RD
-85.23469932,35.08340753, 4030nanMEADOW LN
-85.26776789,35.04715006, 1908nanRAWLINGS ST
-85.26420284,35.04717274, 2203nanMILNE ST
-85.26685934,35.05202337, 1116nanN HAWTHORNE ST
-85.25614194,35.03982462, 657nanLATIMORE ST
-85.25559285,35.03934251, 616nanFISHER AVE
-85.26691981,35.05189788, 1114nanN HAWTHORNE ST
-85.25617803,35.03972116, 665nanLATIMORE ST
-85.25000017,35.07504938, 3206nanCURTIS ST
-85.25600235,35.03946792, 624nanFISHER AVE
-85.25537529,35.03921905, 614nanFISHER AVE
-85.24220547,35.0827438, 3783nanGRACE AVE
-85.25571866,35.040173, 638nanLATIMORE ST
-85.25664298,35.03965328, 684nanLATIMORE ST
-85.26800133,35.05011912, 1000nanN HAWTHORNE ST
-85.26782367,35.04717251, 1908nanRAWLINGS ST
-85.27594312,35.059379, 2005nanRIVERSIDE DR
-85.20491058,35.0737059, 3904nanLIGHTFOOT MILL RD
-85.26462858,35.05275149, 1307nanROANOKE AVE
-85.2501641,35.09775101, 4307nanAMNICOLA HWY
-85.26107748,35.04605923, 907nanWHEELER AVE
-85.23657287,35.07642095, 3608nanMOUNTAIN VIEW DR
-85.23651969,35.07621771, 3606nanMOUNTAIN VIEW DR
-85.23300682,35.06585603, 3013nanNORTHWAY LN
-85.23596556,35.08121594, 3901nanMEADOW LN
-85.25306447,35.05741783, 1914nanN CHAMBERLAIN AVE
-85.25301302,35.05751643, 1918nanN CHAMBERLAIN AVE
-85.25310985,35.05732221, 1910nanN CHAMBERLAIN AVE
-85.27843235,35.05799694, 1991nanRIVERSIDE DR
-85.27725474,35.05946302, 2003nanRIVERSIDE DR
-85.23648496,35.08119089, 2585nanHARRISON PIKE
-85.23074275,35.06492964, 3030nanNORTHWAY LN
-85.26404205,35.04677172, 2208nanMILNE ST
-85.26915621,35.05281982, 1207nanN HICKORY ST
-85.26902802,35.05300619, 1209nanN HICKORY ST
-85.25934888,35.05567017, 1701nanDODSON AVE
-85.25931987,35.05571577, 1701nanDODSON AVE
-85.25924386,35.05577214, 1701nanDODSON AVE
-85.25934426,35.05581174, 1701nanDODSON AVE
-85.24186777,35.09227742, 4172nanS CREEK RD
-85.24184567,35.09231448, 4172nanS CREEK RD
-85.24182571,35.09235243, 4172nanS CREEK RD
-85.24180532,35.09238694, 4172nanS CREEK RD
-85.24170785,35.09223986, 4172nanS CREEK RD
-85.24168199,35.09227856, 4172nanS CREEK RD
-85.24165629,35.09232815, 4172nanS CREEK RD
-85.24175592,35.09237456, 4172nanS CREEK RD
-85.24171082,35.09235981, 4172nanS CREEK RD
-85.24192396,35.09217987, 4172nanS CREEK RD
-85.24189138,35.09223434, 4172nanS CREEK RD
-85.24188267,35.0921505, 4172nanS CREEK RD
-85.24184734,35.09213664, 4172nanS CREEK RD
-85.24180429,35.09211977, 4172nanS CREEK RD
-85.24179671,35.09228454, 4172nanS CREEK RD
-85.2418077,35.09222247, 4172nanS CREEK RD
-85.24175353,35.0922717, 4172nanS CREEK RD
-85.24174945,35.09232428, 4172nanS CREEK RD
-85.24184811,35.09219284, 4172nanS CREEK RD
-85.24180982,35.09217977, 4172nanS CREEK RD
-85.24131428,35.09235217, 4176nanS CREEK RD
-85.24148108,35.09241372, 4176nanS CREEK RD
-85.24132694,35.09265878, 4176nanS CREEK RD
-85.24112454,35.09275553, 4176nanS CREEK RD
-85.24124806,35.0925735, 4176nanS CREEK RD
-85.24121984,35.09256108, 4176nanS CREEK RD
-85.2411863,35.09254738, 4176nanS CREEK RD
-85.24121984,35.09256108, 4176nanS CREEK RD
-85.24108609,35.092059, 4178nanS CREEK RD
-85.24118779,35.09203874, 4178nanS CREEK RD
-85.24114951,35.09208247, 4178nanS CREEK RD
-85.24072923,35.09232237, 4180nanS CREEK RD
-85.24059824,35.09200778, 4180nanS CREEK RD
-85.24066703,35.09242722, 4180nanS CREEK RD
-85.24059012,35.09256342, 4180nanS CREEK RD
-85.24049122,35.09220034, 4180nanS CREEK RD
-85.24037656,35.09218736, 4180nanS CREEK RD
-85.24022824,35.09221051, 4180nanS CREEK RD
-85.2403007,35.0922294, 4180nanS CREEK RD
-85.24026282,35.09262923, 4180nanS CREEK RD
-85.24046074,35.09223377, 4180nanS CREEK RD
-85.24042026,35.09229766, 4180nanS CREEK RD
-85.24040505,35.09235572, 4180nanS CREEK RD
-85.2403611,35.0922608, 4180nanS CREEK RD
-85.24178653,35.09226145, 4172nanS CREEK RD
-85.24124722,35.0925376, 4176nanS CREEK RD
-85.24045471,35.09227904, 4180nanS CREEK RD
-85.24117333,35.09206134, 4178nanS CREEK RD
-85.23534097,35.04982462, 1820nanTUNNEL BLVD
-85.24941585,35.07094784, 2909nanTAYLOR ST
-85.24934099,35.07107854, 2913nanTAYLOR ST
-85.2495625,35.07114653, 2911nanTAYLOR ST
-85.24952922,35.07082878, 2905nanTAYLOR ST
-85.24946583,35.07080875, 2905nanTAYLOR ST
-85.24940222,35.07097836, 2909nanTAYLOR ST
-85.2494291,35.07092077, 2909nanTAYLOR ST
-85.2493774,35.07109234, 2913nanTAYLOR ST
-85.24931016,35.07106997, 2913nanTAYLOR ST
-85.24957572,35.07112235, 2911nanTAYLOR ST
-85.24954462,35.07118107, 2911nanTAYLOR ST
-85.26284151,35.05104395, 2106nanWILSON ST
-85.26905312,35.05295038, 1209nanN HICKORY ST
-85.24970812,35.07092142, 2907nanTAYLOR ST
-85.26918445,35.05277954, 1207nanN HICKORY ST
-85.26397244,35.04675415, 2208nanMILNE ST
-85.24950052,35.07081821, 2905nanTAYLOR ST
-85.24047673,35.0922126, 4180nanS CREEK RD
-85.25222503,35.07237163, 2014nanSTUART ST
-85.22997299,35.07720711, 3857nanBONNY OAKS DR
-85.20893285,35.06953642, 3809nanLIGHTFOOT MILL RD
-85.25852525,35.04839887, 1205nanN CHAMBERLAIN AVE
-85.25849659,35.04844108, 1205nanN CHAMBERLAIN AVE
-85.25838276,35.04864001, 1209nanN CHAMBERLAIN AVE
-85.25835572,35.0486877, 1209nanN CHAMBERLAIN AVE
-85.26497321,35.05254446, 1909nanWILSON ST
-85.26347308,35.05044539, 2102nanLAURA ST
-85.20888078,35.06956446, 3809nanLIGHTFOOT MILL RD
-85.20878119,35.06961777, 3811nanLIGHTFOOT MILL RD
-85.20872912,35.06964582, 3811nanLIGHTFOOT MILL RD
-85.24620246,35.07821326, 3520nanDODSON AVE
-85.24605303,35.07827269, 3522nanDODSON AVE
-85.25468002,35.05603775, 1811nanN CHAMBERLAIN AVE
-85.26302066,35.0557223, 1603nanROANOKE AVE
-85.25611465,35.06905247, 2605nanN BEECH ST
-85.23766212,35.06802132, 2816nanDURAND AVE
-85.23507204,35.07031128, 3029nanNEW YORK AVE
-85.25639146,35.05941925, 2003nanTAYLOR ST
-85.20501068,35.07351278, 3892nanLIGHTFOOT MILL RD
-85.24595152,35.07890358, 3531nanDODSON AVE
-85.23495201,35.07022118, 3031nanNEW YORK AVE
-85.23484766,35.07033301, 3031nanNEW YORK AVE
-85.23479166,35.07016278, 3035nanNEW YORK AVE
-85.23468732,35.07027461, 3035nanNEW YORK AVE
-85.23515655,35.07042252, 3023nanNEW YORK AVE
-85.23505221,35.07053435, 3023nanNEW YORK AVE
-85.26991487,35.05172019, 1015nanN HICKORY ST
-85.26988495,35.05176018, 1015nanN HICKORY ST
-85.2669505,35.06756588, 2121nanDELANO DR
-85.26412872,35.05250566, 1306nanROANOKE AVE
-85.23105036,35.07343389, 3697nanWAUCHULA ST
-85.2307943,35.07369611, 3709nanWAUCHULA ST
-85.25078915,35.07448131, 3113nanCURTIS ST
-85.24773789,35.0848834, 3873nanN HAWTHORNE ST
-85.25629216,35.05256138, 1513nanN CHAMBERLAIN AVE
-85.25615463,35.05280749, 1517nanN CHAMBERLAIN AVE
-85.25931052,35.05817179, 2030nanRUBY ST
-85.22305201,35.05466332, 3711nanSHAMROCK DR
-85.22776593,35.05114728, 3713nanMARK TWAIN CIR
-85.24606127,35.06566686, 2414nanHARLEY ST
-85.24620586,35.06563469, 2414nanHARLEY ST
-85.25412431,35.05292693, 1615nanDIAMOND ST
-85.25081939,35.07443825, 3113nanCURTIS ST
-85.25943088,35.05821243, 2028nanRUBY ST
-85.25620351,35.05268349, 1515nanN CHAMBERLAIN AVE
-85.25619617,35.03948507, 626nanFISHER AVE
-85.23778995,35.06804955, 2816nanDURAND AVE
-85.23057759,35.05538653, 3543nanGARNER RD
-85.27525205,35.07611893, 2601nanRIVERPORT RD
-85.21195405,35.08396612, 4062nanS ACCESS RD
-85.26993628,35.05175355, 1015nanN HICKORY ST
-85.23490295,35.0963478, 4575nanAMNICOLA HWY
-85.22278715,35.05446864, 3713nanSHAMROCK DR
-85.27367073,35.05341807, 1171nanN HOLTZCLAW AVE
-85.23021247,35.090053, 4408nanPINE ST
-85.25691626,35.05502054, 2311nanOCOEE ST
-85.26035109,35.0507668, 2301nanWILSON ST
-85.26023185,35.05074288, 2301nanWILSON ST
-85.23038448,35.0779441, 3869nanBONNY OAKS DR
-85.22963083,35.07777541, 3873nanBONNY OAKS DR
-85.22278715,35.05446864, 3713nanSHAMROCK DR
-85.22305201,35.05466332, 3711nanSHAMROCK DR
-85.25241249,35.07038071, 2804nanCURTIS ST
-85.25559046,35.06798795, 1994nanAPPLING ST
-85.26619614,35.05082571, 1100nanN ORCHARD KNOB AVE
-85.25037657,35.07212953, 3005nanDODSON AVE
-85.25032958,35.07219191, 3005nanDODSON AVE
-85.26636315,35.05344191, 1812nanRUBIO ST
-85.25738407,35.09083165, 3800nanAMNICOLA HWY
-85.25690385,35.09017076, 3800nanAMNICOLA HWY
-85.25785974,35.09062149, 3800nanAMNICOLA HWY
-85.24481958,35.07919365, 3540nanDODSON AVE
-85.24463455,35.07935772, 3544nanDODSON AVE
